2310 19
0.549407114624506 0.475000000000000 0.000000000000000 0.000000000000000 0.000000000000000 0.009505708002140 0.000063488798836 0.014906833235600 0.000224413650016 0.043119029221349 0.053484604566326 0.050810013248822 0.024941542792158 0.891791044788650 0.178823536948097 0.444022784106089 0.051546390857538 0.545634900000000 0.322724203204298
0.739130434782609 0.508333333333333 0.000000000000000 0.000000000000000 0.000000000000000 0.011406844811693 0.000268893609315 0.011180123529185 0.000056103378548 0.046475600587935 0.060777963215381 0.051546390857538 0.027279811464386 0.917910447886500 0.167058828076125 0.436432658926507 0.055964657172572 0.538580240000000 0.355796611034498
0.411067193675889 0.533333333333333 0.000000000000000 0.000000000000000 0.000000000000000 0.009505705264497 0.000108304369466 0.018633537351954 0.000376694205023 0.042602634162746 0.055105347042993 0.047864506790394 0.024941542792158 0.906716421105758 0.167058828076125 0.447817855234779 0.050073635640106 0.532627900000000 0.348891967984383
0.130434782608696 0.525000000000000 0.000000000000000 0.000000000000000 0.000000000000000 0.017110273719441 0.000168058523468 0.024844716469272 0.000341963651847 0.040795251457638 0.056726093895673 0.042709868831297 0.023382695841537 0.930970147756321 0.150588240525952 0.449715389945234 0.051546390857538 0.573633130000000 0.386106508929382
0.150197628458498 0.416666666666667 0.000000000000000 0.000000000000000 0.000000000000000 0.024714831566020 0.000377197962647 0.019875775411443 0.000309904397812 0.042086239104144 0.051053485016641 0.050810013248822 0.024162118966107 0.882462686059674 0.183529417743945 0.445920320524324 0.052282769128993 0.562918840000000 0.313666385440622
0.059288537549407 0.487500000000000 0.000000000000000 0.000000000000000 0.000000000000000 0.017110266875334 0.000078427269273 0.014906833235600 0.000224413650016 0.038729666343289 0.050243113048972 0.044182620072293 0.021823850293878 0.901119403517626 0.167058828076125 0.453510449119465 0.047128128518939 0.561507940000000 0.345557056304498
0.098814229249012 0.233333333333333 0.000000000000000 0.333333323333334 0.000000000000000 0.034220533750669 0.000896313207459 0.054658387412523 0.002297567356919 0.139426805249475 0.142625604883514 0.171575852933904 0.102104435631974 0.811567165764229 0.318823526359862 0.299810251993850 0.171575852933904 0.436939200000000 0.238552137185036
0.051383399209486 0.412500000000000 0.000000000000000 0.000000000000000 0.000000000000000 0.058935369765358 0.005396542506421 0.059627326234328 0.000737359435182 0.124967729665925 0.137763380370854 0.142120768467446 0.094310211401085 0.882462686059674 0.243529410332180 0.349146116894527 0.142120768467446 0.368848320000000 0.285240517938296
0.039525691699605 0.404166666666667 0.000000000000000 0.000000000000000 0.000000000000000 0.045627384037647 0.000806680858195 0.031055896704603 0.000686598598579 0.123160339989476 0.138573745045168 0.139911626362948 0.090413092270831 0.901119403517626 0.241176471522491 0.333965866535363 0.139911626362948 0.388756450000000 0.292453004878325
0.332015810276680 0.375000000000000 0.000000000000000 0.000000000000000 0.000000000000000 0.045627380615594 0.001299651292141 0.028571425057675 0.000878952932598 0.148463732717699 0.154781191691906 0.177466869827195 0.111457518738659 0.830223882886361 0.305882362906574 0.301707817444343 0.177466869827195 0.404792200000000 0.249397652760009
0.067193675889328 0.558333333333333 0.000000000000000 0.000000000000000 0.000000000000000 0.013307987780942 0.000018673139472 0.013664595176112 0.000269830654866 0.027368965991293 0.040518637038239 0.026509572706115 0.015588464595839 0.916044778155630 0.134117652128720 0.491461117711870 0.036818849287048 0.600529100000000 0.415205327889115
0.086956521739130 0.183333333333333 0.000000000000000 0.000000000000000 0.000000000000000 0.076045609264265 0.003704753990649 0.039751539642762 0.000566377174982 0.163439203359851 0.158022686855937 0.206185558128236 0.123148862099802 0.744402986609629 0.375294121321799 0.277039876455105 0.206185558128236 0.435070220000000 0.213712527105185
0.770750988142292 0.491666666666667 0.000000000000000 0.000000000000000 0.000000000000000 0.028517108607179 0.000436952001697 0.014906832117588 0.000128236320708 0.044151822824224 0.057536468051349 0.048600884399110 0.026500388339816 0.912313430298368 0.163529416685121 0.447817855234779 0.054491897978705 0.540123460000000 0.354459394201998
0.312252964426877 0.437500000000000 0.000000000000000 0.000000000000000 0.000000000000000 0.051330800626003 0.001646972366349 0.034782609765055 0.000630495307961 0.151303898568672 0.154781191691906 0.182621497182463 0.114575215445823 0.809701496033359 0.317647056955017 0.303605348739238 0.182621497182463 0.407364220000000 0.237034439879896
0.003952569169960 0.137500000000000 0.000000000000000 0.000000000000000 0.000000000000000 0.074144508044067 0.002408836621363 0.053416161651170 0.001103366008508 0.130648075310552 0.126418158236776 0.167157575352301 0.095869056247262 0.763059704067582 0.337647068602076 0.318785599098402 0.167157575352301 0.457681420000000 0.216639958446481
0.470355731225296 0.520833333333333 0.000000000000000 0.000000000000000 0.000000000000000 0.020912550076190 0.000422013648229 0.022360249294394 0.000320590820633 0.043635424279951 0.056726093895673 0.047864506790394 0.026500388339816 0.910447757209289 0.162352945162630 0.451612914409010 0.053019145412230 0.529541430000000 0.355831983232873
0.573122529644269 0.470833333333333 0.000000000000000 0.000000000000000 0.000000000000000 0.017110263453281 0.000168058432716 0.008695648528221 0.000077476108776 0.042086239104144 0.054294977992666 0.048600884399110 0.023382695841537 0.904850748016680 0.172941180394464 0.440227721516298 0.050810013248822 0.563492060000000 0.339023299232262
0.086956521739130 0.308333333333333 0.000000000000000 0.000000000000000 0.000000000000000 0.049429661763218 0.001060636265295 0.039751555294934 0.000694613433728 0.125225927195226 0.137763380370854 0.145066280227789 0.091971937117009 0.880597014649699 0.256470594961938 0.330170803945573 0.145066280227789 0.399751480000000 0.278227958625440
0.541501976284585 0.437500000000000 0.000000000000000 0.000000000000000 0.000000000000000 0.020912548022958 0.000153119958246 0.009937888823734 0.000149609058150 0.045184613638563 0.055105347042993 0.054491897978705 0.025720965916727 0.888059703647806 0.187058829134948 0.434535110553813 0.055228280889335 0.559171100000000 0.311098232892602
0.901185770750988 0.470833333333333 0.000000000000000 0.000000000000000 0.000000000000000 0.030418256025098 0.000074692558896 0.019875775411443 0.000245786293686 0.041053448986939 0.051863856984310 0.047128128518939 0.024162118966107 0.895522389287703 0.170588240525952 0.453510449119465 0.050073635640106 0.545855400000000 0.336852198351911
0.083003952569170 0.437500000000000 0.000000000000000 0.000000000000000 0.000000000000000 0.013307980594630 0.000108304343249 0.007453413822769 0.000096177268645 0.039246063493294 0.049432738893296 0.046391752235701 0.021823850293878 0.891791044788650 0.175294121321799 0.449715389945234 0.048600884399110 0.575396840000000 0.326450203474080
0.474308300395257 0.204166666666667 0.000000000000000 0.000000000000000 0.000000000000000 0.077946778925531 0.002349083167157 0.064596271764207 0.002073154208876 0.186418797410342 0.179902751863069 0.233431500490195 0.142634450736260 0.729477615329834 0.401176479993080 0.250474421248771 0.233431500490195 0.422300200000000 0.212881557444442
0.126482213438735 0.575000000000000 0.000000000000000 0.000000000000000 0.000000000000000 0.019011409160173 0.000253954802089 0.016149068388257 0.000109535113232 0.037955076543922 0.029983791977178 0.057437409739047 0.024941542792158 0.766791048566635 0.234117655093426 0.481973452698494 0.057437409739047 0.578338900000000 0.177695738825252
0.312252964426877 0.350000000000000 0.000000000000000 0.000000000000000 0.000000000000000 0.041825099467970 0.001015820519212 0.021118001172795 0.000398066646720 0.149238325305603 0.155591578246285 0.176730480289172 0.113795793022734 0.830223882886361 0.298823535889273 0.313093005213715 0.176730480289172 0.390435930000000 0.247932384204525
0.375494071146245 0.304166666666667 0.000000000000000 0.000000000000000 0.000000000000000 0.051330814314217 0.001288447708543 0.036024833290383 0.001648373428096 0.166279376182165 0.171799024893023 0.198821795295863 0.126266558806966 0.819029853083231 0.327058833370242 0.278937407750001 0.198821795295863 0.398791070000000 0.242637516975759
0.569169960474308 0.379166666666667 0.000000000000000 0.000000000000000 0.000000000000000 0.030418244390117 0.000612480619498 0.058385087056827 0.001071308110572 0.160857221095499 0.161264174726614 0.197349049356782 0.121590024268433 0.785447766024588 0.344705874442907 0.284630018712486 0.197349049356782 0.417762580000000 0.228103622913899
0.067193675889328 0.529166666666667 0.000000000000000 0.000000000000000 0.000000000000000 0.030418250549813 0.000567664066735 0.018633537351954 0.000216398728308 0.040020658869734 0.053484604566326 0.043446242463577 0.023382695841537 0.914179103387447 0.157647063307958 0.455407983829920 0.048600884399110 0.543871200000000 0.366324256959295
0.541501976284585 0.508333333333333 0.000000000000000 0.000000000000000 0.000000000000000 0.022813690307797 0.000448155776882 0.026086953410748 0.000152280530409 0.044926416806396 0.056726093895673 0.052282769128993 0.025720965916727 0.901119403517626 0.177647065425605 0.436432658926507 0.054491897978705 0.558201100000000 0.330137541108429
0.474308300395257 0.425000000000000 0.000000000000000 0.000000000000000 0.000000000000000 0.058935356077144 0.001542403871906 0.065838495289534 0.001103366729838 0.141234194925924 0.145867100047545 0.168630341173562 0.107560399608405 0.820895524493206 0.296470586491349 0.326375724277983 0.168630341173562 0.396588950000000 0.244863245826454
0.371541501976285 0.191666666666667 0.000000000000000 0.000000000000000 0.000000000000000 0.062737623536555 0.003439595957885 0.047204956819568 0.001239617196176 0.183320434030068 0.179902751863069 0.228276893017107 0.138737338620816 0.751865673928631 0.390588244761246 0.244781810286286 0.228276893017107 0.425690950000000 0.219109146063592
0.549407114624506 0.058333333333333 0.000000000000000 0.000000000000000 0.000000000000000 0.034220490975002 0.001478917503194 0.024844709761198 0.000085490207448 0.892331553596640 0.858995160931890 0.943299006308549 0.869056843521221 0.319029876590693 0.587058825958477 0.368121463999078 0.943299006308549 0.172503640000000 0.115773574617501
0.557312252964427 0.091666666666667 0.000000000000000 0.000000000000000 0.000000000000000 0.017110223073051 0.000628816254695 0.011180151479494 0.000252178714764 0.770978575398252 0.705834705881967 0.852724610804679 0.745908023510272 0.138059744785864 0.705882331141869 0.360531321741698 0.852724610804679 0.247776460000000 0.106797598081675
0.256916996047431 0.125000000000000 0.000000000000000 0.000000000000000 0.000000000000000 0.020912576768207 0.000330467570230 0.008695717844986 0.000236403572756 0.764781855609043 0.693679126366930 0.854197350116367 0.737334376856294 0.098880579691329 0.741176487404844 0.343453523009841 0.854197350116367 0.262045620000000 0.107347168222168
0.648221343873518 0.366666666666667 0.000000000000000 0.000000000000000 0.000000000000000 0.030418309409131 0.000478032796407 0.017391321652713 0.000341963182983 0.651174838146393 0.576175045187804 0.782032394830395 0.583787963093127 0.108209012300901 0.912941200512111 0.056926024235856 0.782032394830395 0.330417570000000 0.140417487632112
0.897233201581028 0.037500000000000 0.000000000000000 0.000000000000000 0.000000000000000 0.036121645237027 0.000494752522490 0.018633538469967 0.000542997518837 0.871417532809219 0.831442470271009 0.931516959267180 0.844894720346228 0.279850761869291 0.625882369259515 0.345351054304736 0.931516959267180 0.188891660000000 0.116872479867268
0.486166007905138 0.075000000000000 0.000000000000000 0.000000000000000 0.000000000000000 0.034220578237363 0.000717045887220 0.023602434807302 0.000654546305372 0.895429896062894 0.869529974631523 0.946980854587770 0.864380315997496 0.369403009697315 0.590588223584775 0.311195456841021 0.946980854587770 0.165616140000000 0.129778715589646
0.612648221343874 0.087500000000000 0.000000000000000 0.000000000000000 0.000000000000000 0.026615826360358 0.000164325054370 0.058385053516456 0.000750714848889 0.950167883816201 0.946515493893967 0.969808579014664 0.931410812738556 0.505597034379176 0.450588226761246 0.398481998873002 0.969808579014664 0.113055356000000 0.128162540203979
0.079051383399209 0.329166666666667 0.000000000000000 0.000000000000000 0.000000000000000 0.022813732741259 0.000044815289300 0.017391321652713 0.000406081647774 0.791118010569110 0.772285229110901 0.851988241148835 0.743569735196579 0.451492528228726 0.610588214055363 0.195445928307811 0.851988241148835 0.179697230000000 0.158874438852473
0.027667984189723 0.116666666666667 0.000000000000000 0.333333323333334 0.000000000000000 0.047528577653287 0.001139062257996 0.040993787764361 0.000504929865065 0.790343424952546 0.747974106547602 0.874815899301797 0.740452073563458 0.289179144105730 0.723529425155709 0.178368129575953 0.874815899301797 0.222953590000000 0.142028912029578
0.478260869565217 0.000000000000000 0.000000000000000 0.000000000000000 0.000000000000000 0.034220533750669 0.000313713822392 0.064596305304577 0.003644049346895 1.000000000000000 0.998379270651372 1.000000000000000 1.000000000000000 0.503731364648306 0.368235304892734 0.533206845478506 1.000000000000000 0.092773010000000 0.087721608207827
0.169960474308300 0.283333333333333 0.000000000000000 0.000000000000000 0.000000000000000 0.015209111928898 0.000347139732408 0.017391321652713 0.000291190877243 0.751097358670716 0.684764969082374 0.838733454795777 0.720966477912191 0.136194024681861 0.729411751003460 0.324478192983088 0.838733454795777 0.258079100000000 0.111842946096178
0.023715415019763 0.029166666666667 0.000000000000000 0.000000000000000 0.000000000000000 0.043726265707182 0.000735719434065 0.021118030241116 0.000269834290366 0.966434251477436 0.972447382272669 0.977908711502881 0.946999191052247 0.567164185871018 0.415294134027682 0.392789387910517 0.977908711502881 0.096352234000000 0.139266674058958
0.739130434782609 0.129166666666667 0.000000000000000 0.000000000000000 0.000000000000000 0.026615998831848 0.000548875467068 0.037267106008254 0.000912415403128 0.759359721436397 0.697730942445145 0.836524279554313 0.735775475891645 0.166044757166825 0.681176484228374 0.371916526588869 0.836524279554313 0.241934050000000 0.106399858108296
0.596837944664032 0.029166666666667 0.000000000000000 0.000000000000000 0.000000000000000 0.026615957767207 0.000459225017908 0.012422397365068 0.000196320192849 0.781564729870325 0.709076164579223 0.864506591572116 0.762275873350713 0.083955221844370 0.714117648740484 0.402277061462793 0.864506591572116 0.254668400000000 0.098913744466169
0.470355731225296 0.262500000000000 0.000000000000000 0.000000000000000 0.000000000000000 0.011406887929566 0.000089631512333 0.011180151479494 0.000056103540125 0.710043902712437 0.649918996352666 0.816642100024727 0.653936051319219 0.192164234145270 0.810588277584775 0.136622389854859 0.816642100024727 0.276784400000000 0.138269184779949
0.561264822134387 0.054166666666667 0.000000000000000 0.000000000000000 0.000000000000000 0.043726221220488 0.000914983124242 0.019875756628835 0.000822855722787 0.889749578303628 0.858184752497445 0.938880722099553 0.866718632370424 0.332089547915739 0.577647049543253 0.370018995293973 0.938880722099553 0.169396920000000 0.116663302082855
0.711462450592885 0.066666666666667 0.000000000000000 0.000000000000000 0.000000000000000 0.024714801794155 0.000466829979155 0.011180123529185 0.000184339221808 0.962561393108022 0.966774756618920 0.971281318326353 0.947778606460527 0.555970167485798 0.401176479993080 0.426944985374232 0.971281318326353 0.096263160000000 0.130886065175332
0.418972332015810 0.041666666666667 0.000000000000000 0.000000000000000 0.000000000000000 0.022813514414253 0.000520710143121 0.026086953410748 0.000294481509800 0.883811042101039 0.844408450927135 0.940353461411241 0.860483196867242 0.279850761869291 0.611764694048443 0.368121463999078 0.940353461411241 0.184021890000000 0.113117721849115
0.889328063241107 0.300000000000000 0.000000000000000 0.000000000000000 0.000000000000000 0.030418266291258 0.000522848623158 0.023602405738981 0.000366007125792 0.631809988592099 0.543760166481039 0.774668598861056 0.564302367441859 0.024253790456531 0.965882376671280 0.056926024235856 0.774668598861056 0.362061770000000 0.135163482259466
0.363636363636364 0.075000000000000 0.000000000000000 0.000000000000000 0.000000000000000 0.041825154220824 0.001239904694720 0.031055936953047 0.001135431552536 0.895688114506216 0.867909245282895 0.946244418657994 0.867498005689852 0.356343287999137 0.585882367141868 0.332068318162669 0.946244418657994 0.166484340000000 0.125307666357405
0.233201581027668 0.170833333333333 0.000000000000000 0.000000000000000 0.000000000000000 0.024714842858796 0.000601280665963 0.017391294820416 0.000534320142641 0.778208134104048 0.736628855240104 0.856406525357831 0.734216638060276 0.298507459177991 0.690588260643598 0.222011383514145 0.856406525357831 0.218379350000000 0.136736176869722
0.703557312252964 0.375000000000000 0.000000000000000 0.000000000000000 0.000000000000000 0.015209242651337 0.000388403704116 0.013664558058102 0.000237773853350 0.940614498547312 0.922204188996792 0.975699602535349 0.919719371170090 0.406716421105758 0.522352955750865 0.383301714358241 0.975699602535349 0.141106720000000 0.120107751740889
0.438735177865613 0.079166666666667 0.000000000000000 0.000000000000000 0.000000000000000 0.019011465624054 0.000274437178941 0.027329201532348 0.000519416683925 0.789568839335983 0.735008125891476 0.862297482604584 0.763834711182082 0.205223922261360 0.667058840782007 0.354838727857012 0.862297482604584 0.225383760000000 0.110610308083118
0.403162055335968 0.220833333333333 0.000000000000000 0.000000000000000 0.000000000000000 0.022813690307797 0.000705044294832 0.029813606098534 0.000662855522259 0.758326917376512 0.702593218011290 0.836524279554313 0.727981286734800 0.207089591992230 0.685882340671280 0.322580661688192 0.836524279554313 0.236796800000000 0.115624044398740
0.683794466403162 0.162500000000000 0.000000000000000 0.000000000000000 0.000000000000000 0.034220578237363 0.000766462838645 0.021118030241116 0.000687123387352 0.749031750550945 0.690437587442768 0.833578800930937 0.714731049423818 0.190298547623356 0.714117648740484 0.294117675186963 0.833578800930937 0.247336800000000 0.118670552628064
0.312252964426877 0.120833333333333 0.000000000000000 0.000000000000000 0.000000000000000 0.020912534334745 0.000578926739687 0.016149075767138 0.000557012371875 0.771753195871517 0.701782809576846 0.854933719772211 0.749805093536864 0.104477656048117 0.712941189923875 0.383301714358241 0.854933719772211 0.254051300000000 0.102319615428490
0.260869565217391 0.250000000000000 0.000000000000000 0.000000000000000 0.000000000000000 0.057034220636412 0.000896314014139 0.033540341519233 0.000216397718447 0.878130654628370 0.842787721578507 0.933726068234712 0.851909529168838 0.309701527936344 0.605882378788927 0.347248602677430 0.933726068234712 0.179672180000000 0.118257149502770
0.359683794466403 0.187500000000000 0.000000000000000 0.000000000000000 0.000000000000000 0.015209068126615 0.000029876833988 0.018633538469967 0.000408754079402 0.878388873071693 0.845218779134674 0.932253328923024 0.851909529168838 0.324626868992259 0.597647061190311 0.345351054304736 0.932253328923024 0.176060530000000 0.120435435623229
0.260869565217391 0.087500000000000 0.000000000000000 0.000000000000000 0.000000000000000 0.032319377777617 0.001071717636781 0.039751568711083 0.000945606221008 0.879938044304819 0.839546226414475 0.942562636652705 0.851130155849411 0.274253769467726 0.640000002117647 0.328273255572879 0.942562636652705 0.190625040000000 0.119266440706534
0.490118577075099 0.145833333333333 0.000000000000000 0.333333323333334 0.000000000000000 0.020912491216872 0.000616723295645 0.048447231773464 0.000563888588577 0.868319190342965 0.822528385920003 0.934462437890556 0.840997608230784 0.240671680729978 0.654117634975779 0.339658460420050 0.934462437890556 0.200123760000000 0.115247071112305
0.395256916996047 0.458333333333333 0.000000000000000 0.333333323333334 0.000000000000000 0.022813690307797 0.000850315976793 0.033540370587555 0.000640680421281 0.023754197095405 0.008103728428717 0.039764359059173 0.021823850293878 0.718283585190883 0.214117650858131 0.563567376936870 0.039764359059173 0.843518500000000 0.088138436073733
0.079051383399209 0.462500000000000 0.000000000000000 0.000000000000000 0.000000000000000 0.015209126301522 0.000407057789792 0.009937887705721 0.000291191093642 0.003872967122323 0.000000000000000 0.008100147068482 0.003117692849020 0.805970153213410 0.152941181453287 0.573055042974914 0.008100147068482 0.555555600000000 0.100662594974646
0.173913043478261 0.325000000000000 0.000000000000000 0.000000000000000 0.000000000000000 0.026615968033367 0.000343586344672 0.017391302199298 0.000341963507581 0.016008263547894 0.000810372769938 0.042709868831297 0.002338269654302 0.723880606137224 0.263529421979239 0.478178381569804 0.042709868831297 0.986111100000000 0.154494481005322
0.067193675889328 0.316666666666667 0.000000000000000 0.000000000000000 0.000000000000000 0.053231939488788 0.001979002507163 0.042236017997763 0.001260130145048 0.020397625728819 0.008914100396387 0.037555226895764 0.013250193819168 0.748134334466891 0.218823531653979 0.525616711760025 0.037555226895764 0.862770560000000 0.136768308994871
0.201581027667984 0.379166666666667 0.000000000000000 0.000000000000000 0.000000000000000 0.024714831566020 0.000511644484967 0.018633538469967 0.000408753430205 0.020139426805249 0.004862236911363 0.041973491222581 0.011691347570028 0.722014933048145 0.241176471522491 0.516129046746649 0.041973491222581 0.899735450000000 0.131358209317292
0.209486166007905 0.333333333333333 0.000000000000000 0.000000000000000 0.000000000000000 0.049429654919111 0.001553607354668 0.018633538469967 0.000184339863791 0.022721404886798 0.004051864214359 0.053019145412230 0.008573655071749 0.697761201360269 0.282352943044983 0.474383318980013 0.053019145412230 0.944810750000000 0.143948579870029
0.312252964426877 0.316666666666667 0.000000000000000 0.000000000000000 0.500000000000000 0.834600867606880 0.577781354061798 1.000000000000000 1.000000000000000 0.470178140051995 0.428687215791631 0.523564060945773 0.452844911836480 0.397388072451409 0.498823546477509 0.430740047964022 0.523564060945773 0.306281270000000 0.104429054189889
0.549407114624506 0.470833333333333 0.000000000000000 0.000000000000000 0.000000000000000 0.034220533750669 0.000448155988635 0.024844720941322 0.000758731487361 0.017557448723701 0.001620745539876 0.040500735342410 0.008573655071749 0.718283585190883 0.245882359730104 0.512333982449078 0.040500735342410 0.973765430000000 0.130394161623079
0.268774703557312 0.533333333333333 0.000000000000000 0.000000000000000 0.000000000000000 0.096958160709277 0.001788066854462 0.047204967999691 0.001203817329882 0.126000519783130 0.116693680038036 0.149484531299819 0.109898673892481 0.729477615329834 0.274117657211073 0.455407983829920 0.158321066580846 0.386611820000000 0.225183695783649
0.031620553359684 0.287500000000000 0.000000000000000 0.000000000000000 0.000000000000000 0.100760458967167 0.013866691391427 0.372670769399331 0.051583058349402 0.164730191006358 0.126418158236776 0.209867446171816 0.153546378689123 0.516791035973352 0.387058815370242 0.489563581293635 0.209867446171816 0.514253700000000 0.102853287385849
0.019762845849802 0.291666666666667 0.000000000000000 0.000000000000000 0.500000000000000 0.140684412728245 0.008813736843039 0.127950320003086 0.020563232755664 0.087012658001941 0.055915720469333 0.125184100698202 0.076383474625613 0.591417909163372 0.335294108615917 0.497153716719896 0.125184100698202 0.628155800000000 0.110064129107349
0.288537549407115 0.491666666666667 0.000000000000000 0.000000000000000 0.000000000000000 0.007604562979659 0.000029877066917 0.002484471870530 0.000021372738091 0.003614768895887 0.000000000000000 0.010309278569151 0.000000000000000 0.807835822944280 0.164705888207612 0.552182177213039 0.010309278569151 1.000000000000000 0.159448519391460
0.158102766798419 0.266666666666667 0.000000000000000 0.000000000000000 0.500000000000000 0.526615995409795 0.019296059244237 0.595031061178195 0.022875944628113 0.383423714436056 0.346029165689053 0.433726035097746 0.365549474183960 0.453358231541685 0.463529421979239 0.430740047964022 0.433726035097746 0.297801850000000 0.115403820147061
0.138339920948617 0.558333333333333 0.000000000000000 0.000000000000000 0.000000000000000 0.009505704580087 0.000197935512742 0.028571427293700 0.001488075715260 0.005938549448135 0.002431118382748 0.009572900960435 0.005455962573470 0.807835822944280 0.150588240525952 0.574952576319146 0.009572900960435 0.251851860000000 0.086159892913062
0.367588932806324 0.554166666666667 0.000000000000000 0.000000000000000 0.000000000000000 0.015209125274906 0.000119508213219 0.011180122858377 0.000120221600972 0.008004131773947 0.000000000000000 0.022827687313493 0.000000000000000 0.776119407295611 0.204705888207612 0.519924114459779 0.022827687313493 1.000000000000000 0.159448519391460
0.067193675889328 0.329166666666667 0.000000000000000 0.000000000000000 0.000000000000000 0.036121672613454 0.000377197962647 0.014906832117588 0.000160295466544 0.019623031746647 0.004051864214359 0.045655375952464 0.007014808822609 0.720149259959066 0.261176472581315 0.485768511872725 0.045655375952464 0.926146400000000 0.147709146516867
0.264822134387352 0.383333333333333 0.000000000000000 0.000000000000000 0.000000000000000 0.022813692018824 0.000582602621873 0.024844716469272 0.000694613772753 0.014975470642152 0.000810372769938 0.037555226895764 0.004676539448900 0.731343290098017 0.243529410332180 0.502846310604582 0.037555226895764 0.987654300000000 0.144159637904190
0.173913043478261 0.404166666666667 0.000000000000000 0.000000000000000 0.500000000000000 0.872623610642052 0.012902252292586 0.609937877643610 0.011491484862122 0.347276032448522 0.304700180751217 0.405007353424099 0.326578331985087 0.429104508249331 0.490588250055363 0.411764717937270 0.405007353424099 0.358975080000000 0.114776454673264
0.229249011857708 0.366666666666667 0.000000000000000 0.000000000000000 0.000000000000000 0.026615973166448 0.000836557736551 0.022360245716755 0.000256472716506 0.014200878751383 0.000810372769938 0.036818849287048 0.003117692849020 0.736940304327940 0.243529410332180 0.497153716719896 0.036818849287048 0.986111100000000 0.150156761625714
0.260869565217391 0.520833333333333 0.000000000000000 0.000000000000000 0.000000000000000 0.230038059051021 0.003739316322053 0.059627326234328 0.002306249710288 0.108184869347324 0.065640195021395 0.167893964890324 0.085736550717489 0.505597034379176 0.443529420920415 0.409867186642374 0.167893964890324 0.660813030000000 0.123670774648626
0.889328063241107 0.412500000000000 0.000000000000000 0.000000000000000 0.000000000000000 0.011406844811693 0.000089631159410 0.011180122858377 0.000152280653035 0.011618899972700 0.000810372769938 0.029455082478239 0.003117692849020 0.755597021785893 0.220000001058824 0.516129046746649 0.029455082478239 0.977777800000000 0.149109076393624
0.909090909090909 0.470833333333333 0.000000000000000 0.000000000000000 0.000000000000000 0.117870736108662 0.015087917094207 0.040993787764361 0.004640553856780 0.020914020787421 0.010534845790396 0.039027982775935 0.011691347570028 0.755597021785893 0.223529419861592 0.510436447738623 0.039027982775935 0.895369000000000 0.155328455708073
0.403162055335968 0.475000000000000 0.000000000000000 0.000000000000000 0.000000000000000 0.032319394887883 0.000834671566041 0.018633541376799 0.000498593419148 0.012393493954872 0.003241491152686 0.025773195097399 0.007014808822609 0.766791048566635 0.198823535889273 0.538899446194312 0.025773195097399 0.923809500000000 0.135413807295050
0.000000000000000 0.291666666666667 0.000000000000000 0.000000000000000 0.000000000000000 0.416349838706647 0.269688996392524 0.206211162347133 0.148134339241751 0.148721930247000 0.102106970033282 0.202503676712049 0.136399064336740 0.464552249926904 0.424705878678201 0.481973452698494 0.202503676712049 0.595282200000000 0.101695674695305
0.905138339920949 0.470833333333333 0.000000000000000 0.000000000000000 0.000000000000000 0.009505704580087 0.000108304363416 0.006211180235330 0.000109535199791 0.004647560407361 0.000000000000000 0.013254786353058 0.000000000000000 0.800373137304383 0.174117651916955 0.544592045202338 0.013254786353058 1.000000000000000 0.159448519391460
0.225296442687747 0.408333333333333 0.000000000000000 0.000000000000000 0.000000000000000 0.030418252603045 0.000253954802089 0.063354032586706 0.001210229876050 0.029950941284305 0.010534845790396 0.055964657172572 0.021044426467828 0.690298522436790 0.263529421979239 0.512333982449078 0.055964657172572 0.864482400000000 0.127653479372779
0.229249011857708 0.454166666666667 0.000000000000000 0.000000000000000 0.000000000000000 0.074144490933800 0.002002648534100 0.032298126938005 0.001348769481216 0.132971860045604 0.076985409862118 0.219440344481293 0.095089626809365 0.404850768165933 0.577647049543253 0.296015206481858 0.219440344481293 0.681266400000000 0.136471598869533
0.549407114624506 0.475000000000000 0.000000000000000 0.000000000000000 0.000000000000000 0.022813685859128 0.000224077994318 0.059627326234328 0.002725022394289 0.027368965991293 0.011345219216736 0.051546390857538 0.017147310143498 0.714552245729143 0.254117645564014 0.502846310604582 0.051546390857538 0.853198650000000 0.135971318133137
0.498023715415020 0.550000000000000 0.000000000000000 0.000000000000000 0.000000000000000 0.051330800626003 0.000123242787469 0.019875774069828 0.000438140858530 0.029176348696401 0.006482982305373 0.062592050349101 0.015588464595839 0.667910452084261 0.298823535889273 0.478178381569804 0.062592050349101 0.915376000000000 0.132081282860827
0.086956521739130 0.491666666666667 0.000000000000000 0.000000000000000 0.000000000000000 0.017110266875334 0.000078427298515 0.008695651211450 0.000109535221431 0.003614768895887 0.000000000000000 0.010309278569151 0.000000000000000 0.807835822944280 0.164705888207612 0.552182177213039 0.010309278569151 0.777777800000000 0.159448519391460
0.750988142292490 0.450000000000000 0.000000000000000 0.000000000000000 0.000000000000000 0.038022801210079 0.001304666223799 0.021118043657264 0.000557012011210 0.277820820381745 0.264181509434210 0.319587611785069 0.246297724199603 0.651119407715388 0.397647050602076 0.335863397830259 0.319587611785069 0.271717250000000 0.174288289796178
0.861660079051383 0.287500000000000 0.000000000000000 0.000000000000000 0.000000000000000 0.043726200688168 0.000332382156064 0.014906832117588 0.000673239671998 0.276788037235880 0.264991917868654 0.319587611785069 0.242400626113776 0.664179112622521 0.402352938809689 0.314990519430812 0.319587611785069 0.282963960000000 0.181566434385873
0.533596837944664 0.141666666666667 0.000000000000000 0.000000000000000 0.000000000000000 0.041825089201810 0.001557302859360 0.045962724350141 0.001100974513040 0.369997428969711 0.350891404788423 0.422680423986153 0.332034274917092 0.583955230239892 0.471764697224914 0.284630018712486 0.422680423986153 0.259367320000000 0.167589043885449
0.256916996047431 0.620833333333333 0.000000000000000 0.000000000000000 0.000000000000000 0.102661625206380 0.004078221196662 0.062111802353304 0.000309904397812 0.159308035919691 0.132901126684774 0.209131069888578 0.131722529798206 0.600746274608766 0.408235285833910 0.370018995293973 0.209131069888578 0.426013900000000 0.152006323011294
0.747035573122530 0.391666666666667 0.000000000000000 0.000000000000000 0.000000000000000 0.064638800041927 0.002315474130560 0.048447187052970 0.001210231823640 0.318874262397344 0.300648284446096 0.373343140107930 0.278254092649911 0.606343300592420 0.468235310186851 0.267552219980628 0.373343140107930 0.295991840000000 0.175953318099393
0.142292490118577 0.279166666666667 0.000000000000000 0.000000000000000 0.000000000000000 0.034220554282989 0.000179261925563 0.057142874711623 0.002073153199014 0.305447990873679 0.299837919771782 0.343888075523652 0.269680417936698 0.697761201360269 0.388235284775087 0.303605348739238 0.343888075523652 0.258916440000000 0.194421651545905
0.778656126482213 0.483333333333333 0.000000000000000 0.000000000000000 0.000000000000000 0.083650192091833 0.004421806633819 0.191304323521471 0.042948493052889 0.284017561084975 0.277147490090336 0.319587611785069 0.252533117613932 0.695895531629399 0.369411774297578 0.335863397830259 0.319587611785069 0.248999390000000 0.190682053041342
0.750988142292490 0.375000000000000 0.000000000000000 0.000000000000000 0.000000000000000 0.038022845696773 0.000785871775698 0.024844723177346 0.000855743365924 0.313968509340620 0.284440845092714 0.378497780717984 0.273577544081760 0.529850774462575 0.515294096968858 0.269449751275524 0.378497780717984 0.322732990000000 0.159464048239822
0.956521739130435 0.454166666666667 0.000000000000000 0.000000000000000 0.000000000000000 0.152091269859331 0.004396156207246 0.034782587404808 0.001322801767343 0.333591542481535 0.326580245758349 0.373343140107930 0.297739653227135 0.679104487260526 0.401176479993080 0.301707817444343 0.373343140107930 0.245321300000000 0.190281308025955
0.905138339920949 0.441666666666667 0.000000000000000 0.000000000000000 0.000000000000000 0.112167333208520 0.000936715442610 0.032298109049807 0.000620821703741 0.272140467765777 0.244732589503506 0.329896919514750 0.236944669152154 0.557835820425624 0.472941156041523 0.309297925546126 0.329896919514750 0.335025880000000 0.157460893952991
0.592885375494071 0.325000000000000 0.000000000000000 0.000000000000000 0.000000000000000 0.287072259155114 0.004615541064883 0.016149063021797 0.000281089366000 0.221017301193410 0.199351708260549 0.271723120237680 0.187841000379080 0.613805979515900 0.427058838664360 0.326375724277983 0.271723120237680 0.351272520000000 0.167482171832835
0.691699604743083 0.370833333333333 0.000000000000000 0.000000000000000 0.000000000000000 0.066539914950339 0.000780538911046 0.032298140354153 0.000470199585995 0.386005689729069 0.367098858728516 0.443298973171583 0.342946216899572 0.580223890778152 0.497647077072664 0.246679324503383 0.443298973171583 0.268620520000000 0.174256359126359
0.462450592885375 0.479166666666667 0.000000000000000 0.000000000000000 0.000000000000000 0.022813690307797 0.000403340040883 0.040993792236410 0.001530821406543 0.143299768188994 0.117504044712350 0.189985266642229 0.118472334576077 0.610074640054160 0.389411775356401 0.390891856615622 0.189985266642229 0.437078000000000 0.148635488488465
0.162055335968379 0.191666666666667 0.000000000000000 0.000000000000000 0.000000000000000 0.047528577653287 0.000983774769128 0.022360219108061 0.000263392263465 0.458042884060198 0.433549425717580 0.526509539569149 0.408417742527896 0.518656705704222 0.568235273128028 0.195445928307811 0.526509539569149 0.266776140000000 0.170141163946782
0.853754940711462 0.570833333333333 0.000000000000000 0.000000000000000 0.000000000000000 0.070342209786176 0.002573163914272 0.023602477291772 0.000366008171720 0.202685262670341 0.156401950213954 0.275405014908652 0.169914249573991 0.449626858497856 0.528235281598616 0.330170803945573 0.275405014908652 0.483770800000000 0.135345010299823
0.051383399209486 0.562500000000000 0.000000000000000 0.333333323333334 0.000000000000000 0.030418256025098 0.000478032675405 0.024844720941322 0.000534318050786 0.073844563093557 0.058346840019018 0.103829161974748 0.056897900018772 0.703358215590193 0.292941178276817 0.451612914409010 0.103829161974748 0.487864260000000 0.157011648566885
0.083003952569170 0.316666666666667 0.000000000000000 0.000000000000000 0.000000000000000 0.064638820574247 0.001269556257099 0.026086953410748 0.000449828760653 0.446423995241642 0.406807150784499 0.532400602854193 0.392829294066117 0.417910439490978 0.649411778532872 0.166982958884380 0.532400602854193 0.309699770000000 0.157655936288409
0.509881422924901 0.087500000000000 0.000000000000000 0.000000000000000 0.000000000000000 0.038022821742399 0.001055784585624 0.018633553451332 0.000603506494627 0.414665636395527 0.395461899477001 0.469808545877698 0.374123127852747 0.569029855601888 0.494117626505190 0.263757123235240 0.469808545877698 0.249000640000000 0.168173751193098
0.636363636363636 0.616666666666667 0.000000000000000 0.000000000000000 0.000000000000000 0.074144490933800 0.000968343231304 0.049689439646619 0.001049904175634 0.182029432440881 0.183954611701415 0.195876283535521 0.165237715035457 0.789179107165432 0.241176471522491 0.447817855234779 0.195876283535521 0.202845560000000 0.208442623549406
0.588932806324111 0.612500000000000 0.000000000000000 0.000000000000000 0.000000000000000 0.074144501199960 0.001646973374700 0.031055901176652 0.000301889396757 0.058869099422745 0.051053485016641 0.081001470684820 0.042868275358744 0.761194030978503 0.251764706754325 0.459203051543051 0.081001470684820 0.503086450000000 0.184789333544638
0.640316205533597 0.237500000000000 0.000000000000000 0.000000000000000 0.000000000000000 0.062737668023248 0.002229574443713 0.034782614237105 0.000694613433728 0.395817223727877 0.379254460123618 0.452135475315644 0.351519856538742 0.593283595685286 0.495294106498270 0.237191668028906 0.452135475315644 0.265052770000000 0.177929930646484
0.735177865612648 0.287500000000000 0.000000000000000 0.000000000000000 0.000000000000000 0.045627356661220 0.000717049718952 0.029813664235176 0.000512943546087 0.282468389851848 0.275526760741708 0.315905750251062 0.253312533022212 0.695895531629399 0.358823539065744 0.352941196562116 0.315905750251062 0.244729680000000 0.184915360641555
0.549407114624506 0.258333333333333 0.000000000000000 0.000000000000000 0.000000000000000 0.058935335544824 0.000834672221469 0.017391294820416 0.000723995221257 0.322747225336862 0.333063221499702 0.338733421658811 0.295401385957868 0.802238810393462 0.284705892442907 0.364326401409287 0.338733421658811 0.176155600000000 0.228750210583775
0.928853754940711 0.441666666666667 0.000000000000000 0.000000000000000 0.000000000000000 0.026615998831848 0.000407058152798 0.028571431765750 0.000535852368897 0.319907066457229 0.288492719517769 0.387334302744225 0.278254092649911 0.514925383033526 0.530588252173010 0.259962077723248 0.387334302744225 0.330476880000000 0.158594852430193
0.438735177865613 0.329166666666667 0.000000000000000 0.000000000000000 0.000000000000000 0.252851759624979 0.007003556352287 0.028571416113577 0.000634635818022 0.454428139564001 0.420583481528229 0.528718714810613 0.407638327119616 0.455223901272555 0.595294143557093 0.216318823785056 0.528718714810613 0.278345440000000 0.157028067176287
0.774703557312253 0.458333333333333 0.000000000000000 0.000000000000000 0.000000000000000 0.741444875117466 0.017507792534655 0.021118009222484 0.000652601716742 0.286083148290725 0.273095615665281 0.327687764155466 0.254091948430493 0.652985077446258 0.398823520006920 0.332068318162669 0.327687764155466 0.280577750000000 0.176044929910753
0.553359683794466 0.025000000000000 0.000000000000000 0.333333323333334 1.000000000000000 0.127376444110802 0.004486457748490 0.111801235291849 0.001672765758576 0.310870145960345 0.294165337878163 0.357879231532554 0.276695226759307 0.619402988708510 0.430588225702422 0.314990519430812 0.357879231532554 0.268185940000000 0.170251091405236
0.308300395256917 0.070833333333333 0.000000000000000 0.000000000000000 0.000000000000000 0.146387812206334 0.003793310782577 0.018633538469967 0.000474837156927 0.435063262124346 0.389789295703317 0.524300463738583 0.383476224989050 0.382462681022360 0.662352931397924 0.182163226321342 0.524300463738583 0.324555780000000 0.151035711230908
0.664031620553360 0.379166666666667 0.000000000000000 0.000000000000000 0.000000000000000 0.034220533750669 0.000358524002378 0.019875784355541 0.000213726664559 0.405886906456604 0.389789295703317 0.461708413389481 0.361652376098133 0.593283595685286 0.495294106498270 0.237191668028906 0.461708413389481 0.259759960000000 0.177715632539098
0.818181818181818 0.225000000000000 0.000000000000000 0.000000000000000 0.000000000000000 0.047528468147579 0.001247107949192 0.591304323521471 0.018420932788264 0.395300821697934 0.384116706516343 0.427098641921218 0.371784867598289 0.630597023884774 0.377647049543253 0.388994325320726 0.427098641921218 0.197130380000000 0.180195665168147
0.743083003952569 0.554166666666667 0.000000000000000 0.000000000000000 0.000000000000000 0.000000000000000 0.000000000000000 0.000000000000000 0.000000000011469 0.000000000000000 0.000000000000000 0.000000000000000 0.000000000000000 0.833955226042131 0.131764710989619 0.578747642666052 0.000000000000000 0.000000000000000 0.511054416358307
0.743083003952569 0.541666666666667 0.000000000000000 0.000000000000000 0.000000000000000 0.000000000000000 0.000000000000000 0.000000000000000 0.000000000011469 0.000000000000000 0.000000000000000 0.000000000000000 0.000000000000000 0.833955226042131 0.131764710989619 0.578747642666052 0.000000000000000 0.000000000000000 0.511054416358307
0.826086956521739 0.591666666666667 0.000000000000000 0.000000000000000 0.000000000000000 0.000000000000000 0.000000000000000 0.000000000000000 0.000000000011469 0.000000000000000 0.000000000000000 0.000000000000000 0.000000000000000 0.833955226042131 0.131764710989619 0.578747642666052 0.000000000000000 0.000000000000000 0.511054416358307
0.221343873517787 0.325000000000000 0.000000000000000 0.000000000000000 0.000000000000000 0.058935362921251 0.001317590053789 0.137888186466572 0.003392719720429 0.118512784462054 0.094813615030905 0.162739317652877 0.094310211401085 0.632462693615644 0.371764702519031 0.396584450500308 0.162739317652877 0.477488520000000 0.153513779670488
0.956521739130435 0.345833333333333 0.000000000000000 0.000000000000000 0.000000000000000 0.022813686885744 0.000313709133560 0.004968943517457 0.000021372735206 0.008262329303248 0.001620745539876 0.021354934084279 0.000779423194718 0.785447766024588 0.196470591785467 0.523719178757350 0.021354934084279 0.977777800000000 0.163335532833819
0.901185770750988 0.387500000000000 0.000000000000000 0.000000000000000 0.000000000000000 0.017110261742254 0.000552296236512 0.063354032586706 0.001472407935919 0.137877627045008 0.119124803234399 0.173048592245592 0.118472334576077 0.660447773160782 0.332941180394464 0.430740047964022 0.173048592245592 0.375532330000000 0.150006576677130
0.889328063241107 0.500000000000000 0.000000000000000 0.000000000000000 0.000000000000000 0.000000000000000 0.000000000000000 0.000000000000000 0.000000000011469 0.000000000000000 0.000000000000000 0.000000000000000 0.000000000000000 0.833955226042131 0.131764710989619 0.578747642666052 0.000000000000000 0.000000000000000 0.511054416358307
0.770750988142292 0.350000000000000 0.000000000000000 0.000000000000000 0.000000000000000 0.058935356077144 0.001133201219217 0.029813666471201 0.000912417494983 0.053188744018241 0.049432738893296 0.071428572375342 0.037412314889717 0.791044778575407 0.231764716283737 0.461100582837946 0.071428572375342 0.512565850000000 0.217389892700694
0.166007905138340 0.587500000000000 0.000000000000000 0.000000000000000 0.000000000000000 0.066539928638552 0.001721666352061 0.027329190352224 0.000598436443444 0.010586109855495 0.007293355002377 0.019145801920870 0.004676539448900 0.807835822944280 0.175294121321799 0.535104378481181 0.019145801920870 0.648677230000000 0.186503349068953
0.209486166007905 0.508333333333333 0.000000000000000 0.000000000000000 0.000000000000000 0.053231946332895 0.001015820015037 0.011180124870800 0.000248457809225 0.037438679393917 0.026742301918495 0.059646538588759 0.024162118966107 0.748134334466891 0.247058829134948 0.480075917988039 0.059646538588759 0.630471400000000 0.167237269303219
0.616600790513834 0.308333333333333 0.000000000000000 0.000000000000000 0.000000000000000 0.041825099467970 0.001251631209021 0.004968946200687 0.000124164344153 0.131939069928399 0.106158829871627 0.178203246110433 0.107560399608405 0.613805979515900 0.384705897737024 0.394686919205412 0.178203246110433 0.459024460000000 0.148281632201157
0.375494071146245 0.345833333333333 0.000000000000000 0.000000000000000 0.000000000000000 0.024714842858796 0.000287566883906 0.009937892401373 0.000309904873889 0.140975983453942 0.116693680038036 0.190721656180253 0.111457518738659 0.621268658439380 0.403529408214533 0.356736259151907 0.190721656180253 0.451545750000000 0.161043743422798
0.596837944664032 0.600000000000000 0.000000000000000 0.000000000000000 0.000000000000000 0.017110266875334 0.000616214280183 0.240993778820262 0.095076544600221 0.050864962071726 0.038897894561571 0.072901324941816 0.038971158332933 0.735074629559757 0.249411767944637 0.489563581293635 0.072901324941816 0.500000000000000 0.155894209426750
0.818181818181818 0.095833333333333 0.000000000000000 0.000000000000000 0.000000000000000 0.058935369765358 0.001745436103636 0.009937888823734 0.000361997969814 0.100697140997588 0.078606161090812 0.139175256707104 0.081060009164146 0.649253737984518 0.339999996823529 0.430740047964022 0.139175256707104 0.479958000000000 0.148034832633850
0.873517786561265 0.212500000000000 0.000000000000000 0.000000000000000 0.000000000000000 0.009505705264497 0.000253019607179 0.014906832117588 0.000402338323317 0.044668216488558 0.029983791977178 0.075846836702159 0.025720965916727 0.718283585190883 0.291764708871972 0.438330190221403 0.075846836702159 0.680808070000000 0.169562063812487
0.482213438735178 0.587500000000000 0.000000000000000 0.000000000000000 0.000000000000000 0.000000000000000 0.000000000000000 0.000000000000000 0.000000000011469 0.000000000000000 0.000000000000000 0.000000000000000 0.000000000000000 0.833955226042131 0.131764710989619 0.578747642666052 0.000000000000000 0.000000000000000 0.511054416358307
0.075098814229249 0.512500000000000 0.000000000000000 0.000000000000000 0.000000000000000 0.022813690307797 0.000089631285454 0.013664596517727 0.000173653368837 0.020655822560986 0.008103728428717 0.042709868831297 0.009353078897800 0.740671650506098 0.242352951515571 0.495256180301661 0.042709868831297 0.829232800000000 0.152951618571865
0.877470355731225 0.212500000000000 0.000000000000000 0.000000000000000 0.000000000000000 0.011406846864925 0.000300632145173 0.009937887034914 0.000361998056374 0.044926416806396 0.029983791977178 0.075846836702159 0.026500388339816 0.716417915460013 0.290588239467128 0.442125252811194 0.075846836702159 0.670370400000000 0.167116899743489
0.723320158102767 0.558333333333333 0.000000000000000 0.000000000000000 0.000000000000000 0.024714831566020 0.000616723356146 0.004968943741059 0.000196320986312 0.003872967122323 0.002431118382748 0.008100147068482 0.000779423194718 0.822761195903180 0.152941181453287 0.555977243218389 0.008100147068482 0.527777800000000 0.188567477169025
0.885375494071146 0.195833333333333 0.000000000000000 0.000000000000000 0.000000000000000 0.011406850286979 0.000425158048898 0.009937888823734 0.000248328633557 0.058094499863501 0.040518637038239 0.093519880754640 0.037412314889717 0.694029861898530 0.315294128733564 0.425047454079336 0.093519880754640 0.622222240000000 0.163785097190865
0.225296442687747 0.425000000000000 0.000000000000000 0.000000000000000 0.000000000000000 0.117870736108662 0.001233446712293 0.016149069059064 0.000281088962056 0.145365355394744 0.123176670366099 0.188512520703148 0.120810601845344 0.634328363346514 0.372941193100346 0.392789387910517 0.188512520703148 0.414807200000000 0.154194329351429
0.628458498023715 0.125000000000000 0.000000000000000 0.000000000000000 0.000000000000000 0.028517110318206 0.000816425106159 0.004968944411867 0.000124164300873 0.004905757936662 0.004051864214359 0.008100147068482 0.002338269654302 0.826492539562681 0.148235299598616 0.559772309223740 0.008100147068482 0.537037000000000 0.201296616868308
0.628458498023715 0.412500000000000 0.000000000000000 0.000000000000000 0.000000000000000 0.028517100052046 0.000696986664763 0.009937870935536 0.000196320914179 0.220500913106148 0.198541321706170 0.260677482616513 0.198752921317134 0.611940309785030 0.376470580138408 0.409867186642374 0.260677482616513 0.307444100000000 0.143861517591541
0.731225296442688 0.004166666666667 0.000000000000000 0.000000000000000 0.000000000000000 0.015209122195058 0.000274438267960 0.052173909057521 0.001418410515971 0.043635424279951 0.028363046583169 0.075110453791528 0.024941542792158 0.714552245729143 0.292941178276817 0.440227721516298 0.075110453791528 0.687301600000000 0.165562218597332
0.557312252964427 0.416666666666667 0.000000000000000 0.000000000000000 0.000000000000000 0.038022821742399 0.000459222970956 0.012422354656997 0.000248328417158 0.200361477935290 0.179092379895400 0.237849784699192 0.180826191556471 0.623134344961294 0.358823539065744 0.426944985374232 0.237849784699192 0.315483720000000 0.141271876474978
0.992094861660079 0.525000000000000 0.000000000000000 0.000000000000000 0.000000000000000 0.030418250549813 0.000548876576254 0.013664595176112 0.000513821209199 0.005163955465963 0.002431118382748 0.011782032461104 0.000779423194718 0.813432838853308 0.164705888207612 0.546489579912793 0.011782032461104 0.750000000000000 0.174018591473017
0.810276679841897 0.208333333333333 0.000000000000000 0.000000000000000 0.000000000000000 0.019011405738120 0.000407057820042 0.011180121293160 0.000331427878670 0.049315778987321 0.034035659108879 0.081001470684820 0.030397506067108 0.712686570960960 0.295294127674740 0.438330190221403 0.081001470684820 0.645891130000000 0.167116899743489
0.940711462450593 0.341666666666667 0.000000000000000 0.000000000000000 0.000000000000000 0.117870712154288 0.013609005338612 0.023602481763821 0.000622480133788 0.100438943468286 0.072123178056104 0.151693673404318 0.073265784933257 0.606343300592420 0.401176479993080 0.375711589178660 0.151693673404318 0.577002350000000 0.152213217635299
0.814229249011858 0.433333333333333 0.000000000000000 0.000000000000000 0.000000000000000 0.036121672613454 0.000332382156064 0.003726708364801 0.000024044331534 0.008520526832549 0.003241491152686 0.019145801920870 0.002338269654302 0.794776123074460 0.184705887148789 0.533206845478506 0.019145801920870 0.933333340000000 0.164293335412800
0.351778656126482 0.512500000000000 0.000000000000000 0.000000000000000 0.000000000000000 0.013307984701094 0.000018673171739 0.021118009222484 0.000109535538816 0.014717274507119 0.007293355002377 0.030927837032932 0.004676539448900 0.777985078705586 0.212941179335640 0.504743845315037 0.030927837032932 0.881481470000000 0.173089009428193
0.335968379446640 0.775000000000000 0.000000000000000 0.333333323333334 0.500000000000000 0.055133112572107 0.001463813417196 0.028571445181898 0.000796250065199 0.440743607768973 0.410048609481755 0.515463928457556 0.390491033811659 0.481343294295778 0.594117663564014 0.191650882795819 0.515463928457556 0.285332620000000 0.163876373243341
0.011857707509881 0.741666666666667 0.000000000000000 0.000000000000000 0.000000000000000 0.070342240584656 0.003917629439970 0.262111757632810 0.082661708355119 0.184353224147273 0.170988660218709 0.218703974825449 0.160561187511732 0.682835826722265 0.339999996823529 0.396584450500308 0.218703974825449 0.271472570000000 0.158339423859580
0.525691699604743 0.733333333333333 0.000000000000000 0.000000000000000 0.000000000000000 0.064638779509607 0.001528008051479 0.047204972471741 0.001287362565745 0.413891050778964 0.384116706516343 0.491163497855939 0.360093510207529 0.496268685724827 0.599999978823530 0.166982958884380 0.491163497855939 0.307457770000000 0.169674929161171
0.992094861660079 0.791666666666667 0.000000000000000 0.000000000000000 0.000000000000000 0.157794669337420 0.005541003373538 0.124223589054435 0.004180301486713 0.280919183762020 0.260940050736953 0.324742265649910 0.253312533022212 0.606343300592420 0.408235285833910 0.364326401409287 0.324742265649910 0.275368200000000 0.145778029298488
0.861660079051383 0.687500000000000 0.000000000000000 0.000000000000000 0.500000000000000 0.072243376025388 0.001873432014572 0.114285704702751 0.002049652503797 0.420345989011495 0.388978923735648 0.501472772448654 0.363990643367400 0.483208947235604 0.619999990470588 0.148007628857627 0.501472772448654 0.314462420000000 0.170150330164301
0.806324110671937 0.745833333333333 0.000000000000000 0.000000000000000 0.000000000000000 0.043726221220488 0.001006480468649 0.036024833290383 0.000810641380047 0.344952233770790 0.326580245758349 0.402061861545936 0.301636779372197 0.597014935147026 0.487058841840830 0.246679324503383 0.402061861545936 0.290788440000000 0.177377422615761
0.794466403162055 0.758333333333333 0.000000000000000 0.000000000000000 0.000000000000000 0.038022845696773 0.000756573136084 0.075776375169169 0.001795559103762 0.290730717760828 0.276337125416022 0.335787929780649 0.256430243758995 0.641791042269993 0.416470603432526 0.314990519430812 0.335787929780649 0.278386650000000 0.176471108661564
0.877470355731225 0.625000000000000 0.000000000000000 0.000000000000000 0.000000000000000 0.047528533166593 0.003066128449366 0.201242201165081 0.022377249224459 0.293054488553199 0.262560780085582 0.346097184491184 0.265783319850871 0.529850774462575 0.455294114968858 0.366223915626384 0.346097184491184 0.308416460000000 0.127904005863693
0.339920948616601 0.770833333333333 0.000000000000000 0.333333323333334 0.000000000000000 0.045627336128900 0.000876486510687 0.049689432938545 0.001203817185616 0.429382930422399 0.401134525130750 0.501472772448654 0.379579091829179 0.501865661335348 0.578823508359862 0.195445928307811 0.501472772448654 0.287526220000000 0.167113710034095
0.411067193675889 0.758333333333333 0.000000000000000 0.000000000000000 0.000000000000000 0.110266156703147 0.001921069226910 0.064596278472281 0.001570568892205 0.419055001364988 0.387358179800309 0.497790891032468 0.365549474183960 0.481343294295778 0.608235296422145 0.168880473101477 0.497790891032468 0.308465360000000 0.167276603456419
0.300395256916996 0.725000000000000 0.000000000000000 0.000000000000000 0.000000000000000 0.100760479499488 0.007726950110031 0.139130407755875 0.023168034703108 0.226955865281359 0.213128031710924 0.262886604838832 0.201870618024299 0.666044782353391 0.357647069660900 0.385199262730935 0.262886604838832 0.270360380000000 0.160980184266154
0.343873517786561 0.704166666666667 0.000000000000000 0.000000000000000 0.000000000000000 0.051330780093683 0.000944722040047 0.085714250576755 0.002083686195073 0.351407178974661 0.329821704455605 0.413107499167102 0.306313327940348 0.572761211854672 0.510588261702422 0.233396622516914 0.413107499167102 0.300918200000000 0.173831758442300
0.841897233201581 0.625000000000000 0.000000000000000 0.000000000000000 0.000000000000000 0.127376433844642 0.000735726563105 0.257142841171252 0.013649163572175 0.281951973879225 0.257698562866277 0.329160536604120 0.254871405927626 0.576492551316412 0.424705878678201 0.368121463999078 0.329160536604120 0.298056130000000 0.141897764609687
0.778656126482213 0.716666666666667 0.000000000000000 0.000000000000000 0.000000000000000 0.036121645237027 0.001191517370253 0.075776375169169 0.001152288082716 0.376710571702884 0.356564030442172 0.441089864204051 0.327357754408176 0.574626864794498 0.529411782768166 0.201138556348094 0.441089864204051 0.298621700000000 0.179499418759403
0.743083003952569 0.733333333333333 0.000000000000000 0.000000000000000 0.000000000000000 0.041825113156183 0.001012079033726 0.068322971408511 0.001723269852408 0.338239111951638 0.321717984778914 0.396907220935882 0.291504287872041 0.611940309785030 0.492941167688581 0.222011383514145 0.396907220935882 0.305754570000000 0.184113988126391
0.486166007905138 0.750000000000000 0.000000000000000 0.000000000000000 0.000000000000000 0.119771892081714 0.002761483098428 0.073291925882489 0.002019818103714 0.416473026071976 0.385737450451681 0.495581748927969 0.361652376098133 0.488805990010303 0.609411755238754 0.159392816627000 0.495581748927969 0.313610940000000 0.169339170277683
0.715415019762846 0.729166666666667 0.000000000000000 0.333333323333334 0.000000000000000 0.125475267605429 0.002061029421255 0.039751526226613 0.000895361733624 0.337722695979015 0.319286890755972 0.396907220935882 0.292283710295130 0.598880604877896 0.495294106498270 0.231499057066421 0.396907220935882 0.304521950000000 0.179818960488818
0.592885375494071 0.633333333333333 0.000000000000000 0.000000000000000 0.000000000000000 0.070342209786176 0.002304269336941 0.406211139986886 0.030287852275937 0.278853610498950 0.252025944505883 0.318114872473381 0.262665609114089 0.559701490156494 0.385882356553633 0.447817855234779 0.318851242129225 0.263846500000000 0.088419583774821
0.438735177865613 0.775000000000000 0.000000000000000 0.000000000000000 0.000000000000000 0.144486734940510 0.003018821774407 0.110559005058447 0.002252563543972 0.350890783916058 0.325769866497325 0.412371116256472 0.309431003603086 0.548507471771274 0.509411781709343 0.259962077723248 0.412371116256472 0.296328490000000 0.163339007938263
0.537549407114625 0.712500000000000 0.000000000000000 0.000000000000000 0.000000000000000 0.062737647490928 0.003887752107856 0.080745327407123 0.006649590887788 0.243480514127979 0.229335500237727 0.284241536934893 0.213561961385442 0.658582086638867 0.384705897737024 0.349146116894527 0.284241536934893 0.285756170000000 0.175106735650568
0.011857707509881 0.791666666666667 0.000000000000000 0.000000000000000 1.000000000000000 0.093155889827813 0.001692865434381 0.116770160697506 0.002253847221760 0.374386800910513 0.343598049786046 0.445508082139116 0.328137183846074 0.501865661335348 0.561176488463668 0.223908914809041 0.445508082139116 0.308859380000000 0.162666550046414
0.924901185770751 0.770833333333333 0.000000000000000 0.000000000000000 0.000000000000000 0.057034220636412 0.001344468349080 0.049689432938545 0.000828279614890 0.329460382012715 0.304700180751217 0.388070698909641 0.290724844404525 0.557835820425624 0.490588250055363 0.280834921967097 0.388070698909641 0.294237820000000 0.162769124385320
0.656126482213439 0.741666666666667 0.000000000000000 0.000000000000000 0.000000000000000 0.129277559019214 0.002256409077416 0.084472035995526 0.001114024732280 0.407177901074451 0.374392213730893 0.480117787333448 0.360872932630618 0.477611971625083 0.577647049543253 0.222011383514145 0.480117787333448 0.295523080000000 0.158285014132511
0.984189723320158 0.687500000000000 0.000000000000000 0.000000000000000 0.500000000000000 0.055133112572107 0.001071715418409 0.077018618818719 0.001222876367230 0.374128603381212 0.343598049786046 0.448453627036424 0.324240036656585 0.503731364648306 0.576470590726644 0.197343459602706 0.448453627036424 0.318137200000000 0.166522438640274
0.960474308300395 0.762500000000000 0.000000000000000 0.000000000000000 0.000000000000000 0.058935356077144 0.001152968423294 0.050931678824119 0.001469787995432 0.346759623447239 0.324149100681921 0.408689254722465 0.302416194780477 0.567164185871018 0.510588261702422 0.239089182246002 0.408689254722465 0.300853070000000 0.171629465561673
0.699604743083004 0.725000000000000 0.000000000000000 0.000000000000000 0.000000000000000 0.089353642900723 0.001821452138026 0.069565219530111 0.001642539748765 0.341853870390515 0.320907620104600 0.402061861545936 0.297739653227135 0.580223890778152 0.501176485287197 0.240986713540898 0.402061861545936 0.300036160000000 0.174257030644126
0.901185770750988 0.766666666666667 0.000000000000000 0.000000000000000 0.000000000000000 0.142585534480764 0.002296937517747 0.091925457644382 0.001621284624081 0.332558759335670 0.309562390677167 0.390279827759353 0.293063139733028 0.569029855601888 0.487058841840830 0.275142311004613 0.390279827759353 0.290278140000000 0.166447514045424
0.015810276679842 0.829166666666667 0.000000000000000 0.000000000000000 0.500000000000000 0.074144508044067 0.001683943950218 0.099378865877089 0.001885090507990 0.357603926649231 0.331442455684299 0.426362312029733 0.309431003603086 0.539179123116924 0.545882343847751 0.210626212822572 0.426362312029733 0.317566400000000 0.171787607995796
0.462450592885375 0.704166666666667 0.000000000000000 0.000000000000000 0.000000000000000 0.066539935482659 0.001494367050163 0.069565219530111 0.000785284560036 0.338497309480939 0.321717984778914 0.391016197415197 0.298519096694650 0.610074640054160 0.463529421979239 0.271347265492620 0.391016197415197 0.278822180000000 0.175959949337342
0.335968379446640 0.758333333333333 0.000000000000000 0.000000000000000 0.000000000000000 0.112167357162893 0.001665956081888 0.049689432938545 0.001305202051489 0.428091921861872 0.391410061518720 0.507363795969339 0.378799676420899 0.444029882887335 0.612941163453287 0.199241025053199 0.507363795969339 0.299578960000000 0.156933752505915
0.802371541501976 0.604166666666667 0.000000000000000 0.000000000000000 0.000000000000000 0.017110277141494 0.000281215171565 0.044720485172641 0.000402338236758 0.165246579093620 0.126418158236776 0.168630341173562 0.198752921317134 0.513059730093701 0.187058829134948 0.815939293617159 0.187776144419911 0.389034060000000 0.992017366120972
0.276679841897233 0.704166666666667 0.000000000000000 0.333333323333334 0.000000000000000 0.041825089201810 0.000567663663395 0.067080741175109 0.001346480053856 0.155693270509474 0.133711513239153 0.142120768467446 0.190958676041818 0.632462693615644 0.103529416685121 0.829222029759226 0.180412361705358 0.327382600000000 0.923002144408049
0.233201581027668 0.708333333333333 0.000000000000000 0.333333323333334 0.000000000000000 0.057034220636412 0.001210021413337 0.059627326234328 0.001506775963369 0.136844829956463 0.124797399714728 0.118556707521674 0.167575996334341 0.707089561768350 0.076470592844291 0.796963963590406 0.158321066580846 0.285690870000000 0.878565228423903
0.403162055335968 0.854166666666667 0.000000000000000 0.000000000000000 0.000000000000000 0.030418250549813 0.000657295155560 0.048447193761044 0.000825521251292 0.101471726614151 0.079416533058481 0.090574375621691 0.134060783037856 0.649253737984518 0.103529416685121 0.812144231027368 0.126656840009891 0.431695760000000 0.921947189996131
0.347826086956522 0.875000000000000 0.000000000000000 0.000000000000000 0.000000000000000 0.047528516056326 0.001497587218307 0.032298135882103 0.001143441410512 0.098115158733235 0.077795789123143 0.082474229878688 0.134060783037856 0.662313442891652 0.080000004235294 0.836812154938807 0.126656840009891 0.446011540000000 0.900066656532344
0.027667984189723 0.783333333333333 0.000000000000000 0.000000000000000 0.000000000000000 0.057034237746679 0.000795397897226 0.031055907884726 0.000513821209199 0.104570103937106 0.097244730933912 0.078055965551871 0.139516761043905 0.750000004197761 0.029411766885813 0.829222029759226 0.131811493874731 0.408884580000000 0.830915553199274
0.786561264822134 0.995833333333333 0.000000000000000 0.000000000000000 0.000000000000000 0.077946768659371 0.001432610305506 0.032298135882103 0.000739794571079 0.064291247538071 0.047811992040616 0.048600884399110 0.096648478670351 0.699626871091139 0.071764713107266 0.812144231027368 0.091310751904928 0.563390300000000 0.879203203878418
0.640316205533597 0.645833333333333 0.000000000000000 0.000000000000000 0.000000000000000 0.060836498361983 0.001105452011377 0.054658394120597 0.000758731703760 0.118254586932752 0.089951375931535 0.108247426301565 0.155884631928772 0.600746274608766 0.111764712048443 0.848197359785978 0.147275395822714 0.446213700000000 0.933409796823066
0.731225296442688 0.675000000000000 0.000000000000000 0.000000000000000 0.000000000000000 0.049429661763218 0.000836558593649 0.047204972471741 0.001431972518416 0.119545574579259 0.098865474869250 0.103092779064118 0.156664068381479 0.652985077446258 0.081176476816609 0.844402280118389 0.148011785360738 0.396433260000000 0.902673337412244
0.003952569169960 0.975000000000000 0.000000000000000 0.000000000000000 0.000000000000000 0.064638782931660 0.002181025379785 0.070807449763512 0.002364357697914 0.044668216488558 0.045380876137608 0.039764359059173 0.049103661758265 0.824626867313154 0.118823534830450 0.609108174124416 0.047864506790394 0.191049380000000 0.805959015088249
0.241106719367589 0.883333333333333 0.000000000000000 0.000000000000000 0.000000000000000 0.085551334376672 0.005770007897403 0.037267076939933 0.001763249461868 0.046475600587935 0.035656403044217 0.030927837032932 0.073265784933257 0.744402986609629 0.068235299598616 0.772296022601169 0.069219443525630 0.593149800000000 0.854634416913988
0.952569169960474 0.716666666666667 0.000000000000000 0.000000000000000 0.000000000000000 0.051330797203950 0.000944721707291 0.048447202705143 0.001297056295056 0.107152079230119 0.092382499127897 0.082474229878688 0.147310985274794 0.697761201360269 0.038823532712803 0.867172706890530 0.139175256707104 0.420244040000000 0.859550917456952
0.786561264822134 0.850000000000000 0.000000000000000 0.000000000000000 0.000000000000000 0.053231953177002 0.000966397366430 0.105590050584469 0.001907953403758 0.160599023566198 0.124797399714728 0.149484531299819 0.206547152562832 0.535447750073096 0.116470593903114 0.907020864083333 0.195139913879677 0.420766950000000 0.941001842392933
0.221343873517787 0.691666666666667 0.000000000000000 0.000000000000000 0.000000000000000 0.032319410287124 0.000556460009212 0.032298131410054 0.001239618999499 0.136586625455821 0.115072936102698 0.122238588937860 0.172252523858066 0.641791042269993 0.095294123439446 0.833017092349016 0.162739317652877 0.358990400000000 0.916191493699778
0.245059288537549 0.870833333333333 0.000000000000000 0.000000000000000 0.000000000000000 0.104562757225058 0.015390416775569 0.081987573292697 0.004392095049163 0.057061709746296 0.047811992040616 0.042709868831297 0.081060009164146 0.751865673928631 0.076470592844291 0.751423161279521 0.076583206358003 0.486717280000000 0.862451219480462
0.458498023715415 0.887500000000000 0.000000000000000 0.000000000000000 0.000000000000000 0.104562743536845 0.002581033587760 0.068322978116585 0.002179516463958 0.141234194925924 0.112641820199691 0.117820331238436 0.193296950325894 0.591417909163372 0.052941179335640 0.952561700549816 0.182621497182463 0.441516220000000 0.897874369266445
0.916996047430830 0.833333333333333 0.000000000000000 0.333333323333334 0.000000000000000 0.091254757809134 0.006139736441312 0.037267076939933 0.001250304268193 0.107668481260061 0.090761755192559 0.100883650214406 0.130943107375117 0.682835826722265 0.124705887148789 0.743833036099939 0.123711348131728 0.335421470000000 0.939980430293476
0.913043478260870 0.683333333333333 0.000000000000000 0.000000000000000 0.000000000000000 0.039923964027238 0.000628817152127 0.063354032586706 0.001563805491419 0.107152079230119 0.090761755192559 0.089837992711060 0.141075591860465 0.686567166184005 0.074117649799308 0.821631887501845 0.133284233186419 0.387412340000000 0.887472995542549
0.110671936758893 0.766666666666667 0.000000000000000 0.000000000000000 0.000000000000000 0.015209122195058 0.000407057608289 0.013664590033255 0.000490802340376 0.111799641728881 0.105348465197313 0.088365240144586 0.142634450736260 0.753731348696814 0.045882359730104 0.798861494885302 0.134756999007680 0.342306940000000 0.837250870056192
0.245059288537549 0.791666666666667 0.000000000000000 0.000000000000000 0.000000000000000 0.049429661763218 0.000926188926211 0.021118006539254 0.000398066935252 0.054221534832580 0.045380876137608 0.036818849287048 0.081060009164146 0.755597021785893 0.061176477875432 0.772296022601169 0.076583206358003 0.543201270000000 0.843957133327586
0.363636363636364 0.937500000000000 0.000000000000000 0.333333323333334 0.000000000000000 0.060836501784036 0.002718812618582 0.044720491880715 0.000673240782845 0.087270848559902 0.069692054859741 0.071428572375342 0.120810601845344 0.684701496453135 0.076470592844291 0.819734356206950 0.114138443194857 0.447246580000000 0.891670250193250
0.280632411067194 0.750000000000000 0.000000000000000 0.333333323333334 0.000000000000000 0.043726234908702 0.000511644737054 0.069565219530111 0.003323457816403 0.105861091583612 0.088330631996196 0.098674521364694 0.130163670922411 0.679104487260526 0.122352946221453 0.751423161279521 0.122974958593704 0.350369800000000 0.938362827932554
0.201581027667984 0.662500000000000 0.000000000000000 0.000000000000000 0.000000000000000 0.019011410528994 0.000459223202877 0.021118009222484 0.000281089539119 0.177381883884799 0.146677464721860 0.167893964890324 0.216679658092606 0.565298516140148 0.128235299175086 0.857685033338254 0.204712818816548 0.349111680000000 0.948214698667734
0.916996047430830 0.720833333333333 0.000000000000000 0.000000000000000 0.000000000000000 0.017110273719441 0.000078427269273 0.017391301528491 0.000566377030716 0.082623286061140 0.071312806088434 0.065537555482050 0.111457518738659 0.729477615329834 0.069411769003460 0.785578758743235 0.105301914541223 0.405555550000000 0.868410268144599
0.932806324110672 0.750000000000000 0.000000000000000 0.000000000000000 0.000000000000000 0.034220533750669 0.000313709073059 0.033540370587555 0.000729344022970 0.051123163086698 0.038897894561571 0.036082475654768 0.078721741894879 0.733208959828887 0.071764713107266 0.777988633563654 0.074374077508291 0.535819700000000 0.867365520802739
0.138339920948617 0.966666666666667 0.000000000000000 0.333333323333334 0.000000000000000 0.064638789775767 0.001867315661381 0.044720494116739 0.000512944844480 0.092951201175870 0.072123178056104 0.080265094401583 0.126266558806966 0.660447773160782 0.092941181453287 0.817836824912054 0.119293077177518 0.452228600000000 0.908645060974233
0.731225296442688 0.862500000000000 0.000000000000000 0.000000000000000 0.000000000000000 0.039923953761078 0.000750660923504 0.026086951174724 0.000472871152027 0.095533183440223 0.077795789123143 0.083946982445162 0.124707720975597 0.680970156991395 0.098823533771626 0.787476290038131 0.117820331238436 0.401346830000000 0.911057992190416
0.774703557312253 0.937500000000000 0.000000000000000 0.000000000000000 0.000000000000000 0.083650192091833 0.006886660568161 0.074534156115891 0.005482101953715 0.112057839258182 0.095623986998574 0.110456561778670 0.129384255514131 0.684701496453135 0.150588240525952 0.700189765083949 0.122974958593704 0.292728840000000 0.979404516510985
0.818181818181818 0.954166666666667 0.000000000000000 0.333333323333334 0.000000000000000 0.036121679457561 0.000870169657032 0.054658380704448 0.003611989862035 0.098631560763178 0.079416533058481 0.086156111294874 0.130163670922411 0.669776121815131 0.095294123439446 0.804554088769988 0.122974958593704 0.421620970000000 0.912703848661384
0.877470355731225 0.725000000000000 0.000000000000000 0.000000000000000 0.000000000000000 0.017110266875334 0.000352522570923 0.053416139290923 0.001500924683601 0.090369225882858 0.084278764864496 0.064801179198813 0.123148862099802 0.763059704067582 0.030588246878893 0.814041762322264 0.116347565417176 0.445418030000000 0.819759477445019
0.430830039525692 0.741666666666667 0.000000000000000 0.000000000000000 0.000000000000000 0.034220547438882 0.000672233922452 0.027329192588249 0.000855743510190 0.090111028353556 0.079416533058481 0.061119291155233 0.130943107375117 0.731343290098017 0.014117654034602 0.872865266619619 0.123711348131728 0.508138840000000 0.831849231502476
0.335968379446640 0.733333333333333 0.000000000000000 0.000000000000000 0.000000000000000 0.038022804632133 0.000726095734434 0.032298135882103 0.000541219946815 0.095791380969524 0.085089144125520 0.068483067242393 0.134840205460944 0.729477615329834 0.023529419861592 0.859582564633149 0.127393216293128 0.463329080000000 0.836986459935445
0.885375494071146 0.970833333333333 0.000000000000000 0.000000000000000 0.000000000000000 0.115969576713556 0.002213443554138 0.067080736703060 0.001096589695927 0.085463465854794 0.075364673220135 0.061855674065864 0.120031165392637 0.736940304327940 0.038823532712803 0.827324481386531 0.113402053656833 0.480149030000000 0.844782327935534
0.181818181818182 0.920833333333333 0.000000000000000 0.000000000000000 0.000000000000000 0.043726238330755 0.001265098035894 0.022360247058370 0.000645176712638 0.088561843177749 0.080226905026150 0.059646538588759 0.127045974215246 0.748134334466891 0.014117654034602 0.855787467887761 0.120029446833362 0.500965950000000 0.825889141985800
0.379446640316206 0.729166666666667 0.000000000000000 0.000000000000000 0.000000000000000 0.039923970871345 0.000696986866433 0.026086964590872 0.000725325857587 0.108701264405926 0.101296598065613 0.078055965551871 0.148090400683074 0.748134334466891 0.010588235231834 0.861480078850246 0.139911626362948 0.442660570000000 0.823923575905976
0.616600790513834 0.875000000000000 0.000000000000000 0.000000000000000 0.000000000000000 0.036121672613454 0.000652332254801 0.027329190352224 0.000447680692214 0.084430675737589 0.074554293959111 0.053755528322861 0.126266558806966 0.738805977417019 0.004705888207612 0.880455408876999 0.119293077177518 0.549179700000000 0.826188622121927
0.241106719367589 0.887500000000000 0.000000000000000 0.000000000000000 0.000000000000000 0.032319394887883 0.001092595438383 0.052173913529571 0.001177926004791 0.101988128644094 0.096434358966243 0.075846836702159 0.134840205460944 0.763059704067582 0.030588246878893 0.814041762322264 0.127393216293128 0.408965380000000 0.823342226187161
0.102766798418972 0.987500000000000 0.000000000000000 0.333333323333334 0.000000000000000 0.055133078351574 0.000652331851461 0.070807449763512 0.001242418118208 0.106635684171516 0.107779581100321 0.085419735011637 0.127825396638335 0.807835822944280 0.055294122380623 0.728652768662977 0.120765823116599 0.312227340000000 0.810469398473690
0.169960474308300 0.925000000000000 0.000000000000000 0.000000000000000 0.000000000000000 0.076045619530425 0.002164411994373 0.047204963527642 0.000957756437565 0.100955338526889 0.091572119866873 0.075110453791528 0.137178479745020 0.736940304327940 0.031764705695502 0.838709686233703 0.129602351770233 0.422174220000000 0.838487251780802
0.063241106719368 0.908333333333333 0.000000000000000 0.000000000000000 0.000000000000000 0.072243358915121 0.002001707642008 0.054658387412523 0.001164764412292 0.095533183440223 0.081847648961488 0.073637701225054 0.131722529798206 0.708955224782802 0.049411771121107 0.838709686233703 0.124447724414965 0.439852400000000 0.863585211533553
0.122529644268775 0.954166666666667 0.000000000000000 0.000000000000000 0.000000000000000 0.043726231486648 0.001553669872415 0.050931672116045 0.001229947775666 0.084688880238230 0.071312806088434 0.061855674065864 0.121590024268433 0.714552245729143 0.042352940927336 0.844402280118389 0.114874819478094 0.470674750000000 0.854177365133840
0.213438735177866 0.825000000000000 0.000000000000000 0.333333323333334 0.000000000000000 0.062737637224768 0.001306107358702 0.031055896704603 0.000719992232645 0.087270848559902 0.075364673220135 0.068483067242393 0.118472334576077 0.723880606137224 0.062352949397924 0.802656557475093 0.111929314345145 0.407903880000000 0.863470348419511
0.541501976284585 0.800000000000000 0.000000000000000 0.000000000000000 0.000000000000000 0.057034234324626 0.001660295200734 0.050931681060144 0.001355183758575 0.078492125592320 0.064019451086057 0.053755528322861 0.118472334576077 0.708955224782802 0.031764705695502 0.867172706890530 0.111929314345145 0.538945260000000 0.850128415181976
0.351778656126482 0.741666666666667 0.000000000000000 0.000000000000000 0.000000000000000 0.030418250549813 0.000785871775698 0.023602481763821 0.000597087016482 0.089852830824255 0.076175045187804 0.062592050349101 0.131722529798206 0.710820897871881 0.022352950456747 0.880455408876999 0.124447724414965 0.497095140000000 0.844387727307715
0.964426877470356 0.945833333333333 0.000000000000000 0.333333323333334 0.000000000000000 0.057034217214359 0.002559790259009 0.052173909057521 0.001760332838601 0.062225667303661 0.046191249563949 0.043446242463577 0.097427901093440 0.703358215590193 0.056470594961938 0.833017092349016 0.092047128188165 0.597014960000000 0.867976669122463
0.225296442687747 0.858333333333333 0.000000000000000 0.000000000000000 0.000000000000000 0.047528516056326 0.001071715519244 0.037267074703908 0.000973720466888 0.083139688091083 0.071312806088434 0.059646538588759 0.119251749984357 0.725746269151676 0.038823532712803 0.838709686233703 0.112665684000989 0.486598430000000 0.847928338309979
0.573122529644269 0.791666666666667 0.000000000000000 0.000000000000000 0.000000000000000 0.020912540152236 0.000330467338309 0.023602481763821 0.000577397140514 0.074360965123500 0.063209079118388 0.046391752235701 0.114575215445823 0.733208959828887 0.015294123439446 0.869070221107626 0.108247426301565 0.570851500000000 0.831579163844543
0.071146245059289 0.720833333333333 0.000000000000000 0.000000000000000 0.000000000000000 0.019011405738120 0.000347139853410 0.018633538469967 0.000449827902271 0.099147948850440 0.089951375931535 0.072901324941816 0.135619641913651 0.738805977417019 0.029411766885813 0.840607217528598 0.128129605831152 0.431151960000000 0.836386559538318
0.964426877470356 0.687500000000000 0.000000000000000 0.000000000000000 0.000000000000000 0.034220554282989 0.000520710314541 0.022360247058370 0.000402338503649 0.128840699576784 0.110210697003328 0.112665684000989 0.163678877204088 0.664179112622521 0.084705885031142 0.827324481386531 0.154639178537267 0.352069970000000 0.902590069209139
0.897233201581028 0.712500000000000 0.000000000000000 0.333333323333334 0.000000000000000 0.030418240283653 0.000694280311830 0.017391297056441 0.000472803657236 0.116963606257587 0.106158829871627 0.084683358728399 0.161340602920012 0.722014933048145 0.004705888207612 0.897533207608856 0.152430043060162 0.444358170000000 0.832781785013419
0.312252964426877 0.800000000000000 0.000000000000000 0.000000000000000 0.000000000000000 0.047528512634272 0.000749070855194 0.043478254939239 0.001100973863843 0.086496262943339 0.072933550023773 0.059646538588759 0.127825396638335 0.712686570960960 0.023529419861592 0.876660363365007 0.120765823116599 0.514444600000000 0.844588611847705
0.723320158102767 0.775000000000000 0.000000000000000 0.000000000000000 0.000000000000000 0.104562733270685 0.003282378445333 0.101863341996066 0.001980800675531 0.083397885620384 0.064829823053726 0.063328420004945 0.122369446691522 0.679104487260526 0.055294122380623 0.859582564633149 0.115611195761331 0.515186970000000 0.874389512705578
0.332015810276680 0.883333333333333 0.000000000000000 0.333333323333334 0.000000000000000 0.060836498361983 0.001055785291470 0.043478259411288 0.001090421464024 0.102762721231998 0.092382499127897 0.076583206358003 0.140296176452185 0.729477615329834 0.030588246878893 0.848197359785978 0.132547863530575 0.423122940000000 0.841195365419404
0.636363636363636 0.941666666666667 0.000000000000000 0.333333323333334 0.000000000000000 0.077946768659371 0.001152967717449 0.059627326234328 0.001850006488986 0.092176608587966 0.079416533058481 0.066273931765288 0.131722529798206 0.716417915460013 0.029411766885813 0.863377610145141 0.124447724414965 0.472825940000000 0.845198400343951
0.454545454545455 0.975000000000000 0.000000000000000 0.000000000000000 0.000000000000000 0.077946778925531 0.001172400249910 0.050931672116045 0.001079765914101 0.114123419492592 0.098865474869250 0.094992633321115 0.148869823106163 0.692164175376615 0.067058830193772 0.827324481386531 0.140648002646186 0.384902980000000 0.880061940798826
0.169960474308300 0.733333333333333 0.000000000000000 0.000000000000000 0.000000000000000 0.049429672029378 0.000347139772742 0.018633542942016 0.000741095560772 0.106119289112914 0.096434358966243 0.084683358728399 0.137957916197727 0.733208959828887 0.054117650858131 0.806451620064883 0.130338741308257 0.355526030000000 0.853273804402487
0.845849802371542 0.866666666666667 0.000000000000000 0.000000000000000 0.000000000000000 0.087452476661510 0.002256410489107 0.072049686704988 0.001797168389637 0.092176608587966 0.075364673220135 0.067746684331762 0.134060783037856 0.688432835914875 0.036470593903114 0.880455408876999 0.126656840009891 0.494595080000000 0.861267770143833
0.786561264822134 0.995833333333333 0.000000000000000 0.000000000000000 0.000000000000000 0.077946768659371 0.001432610305506 0.032298135882103 0.000739794571079 0.064291247538071 0.047811992040616 0.048600884399110 0.096648478670351 0.699626871091139 0.071764713107266 0.812144231027368 0.091310751904928 0.563390300000000 0.879203203878418
0.446640316205534 0.945833333333333 0.000000000000000 0.000000000000000 0.000000000000000 0.057034234324626 0.001144772951677 0.032298135882103 0.000770419331778 0.095016788381620 0.081037276993819 0.070692196092105 0.134060783037856 0.707089561768350 0.037647063307958 0.859582564633149 0.126656840009891 0.461458980000000 0.854650348673009
0.114624505928854 1.000000000000000 0.000000000000000 0.000000000000000 0.000000000000000 0.083650178403620 0.001897399201225 0.178881976466958 0.001158125008030 0.144074360776897 0.156401950213954 0.117820331238436 0.159781765088643 0.873134329009802 0.040000002117647 0.686907037480782 0.150957297121080 0.231416640000000 0.727125397800830
0.130434782608696 0.637500000000000 0.000000000000000 0.000000000000000 0.000000000000000 0.030418256025098 0.000407057820042 0.028571427293700 0.000353922795462 0.079008520650922 0.067260938956734 0.068483067242393 0.101325020223694 0.727611942240755 0.100000005294118 0.738140425137454 0.095729016231745 0.367923000000000 0.895686027167426
0.399209486166008 0.800000000000000 0.000000000000000 0.000000000000000 0.000000000000000 0.022813683463690 0.000766464552841 0.029813657527102 0.000645176640505 0.068164217448930 0.054294977992666 0.042709868831297 0.108339829046303 0.716417915460013 0.025882358671280 0.869070221107626 0.102356409408274 0.591826200000000 0.844259064503562
0.853754940711462 0.975000000000000 0.000000000000000 0.333333323333334 0.500000000000000 0.108365024684469 0.003041812474186 0.048447202705143 0.000896437235749 0.067906019919629 0.054294977992666 0.047128128518939 0.102883865069872 0.718283585190883 0.048235298539792 0.831119561054121 0.097201768798220 0.572766540000000 0.858472913197683
0.640316205533597 0.829166666666667 0.000000000000000 0.000000000000000 0.000000000000000 0.053231939488788 0.000548876273749 0.033540368351530 0.000692710155632 0.082623286061140 0.068071318217758 0.058910162305522 0.121590024268433 0.707089561768350 0.037647063307958 0.859582564633149 0.114874819478094 0.488739820000000 0.854153945951717
0.011857707509881 0.737500000000000 0.000000000000000 0.000000000000000 0.000000000000000 0.053231939488788 0.000694280311830 0.052173902349447 0.000548294168435 0.109734061494471 0.097244730933912 0.092783504471403 0.139516761043905 0.712686570960960 0.076470592844291 0.791271369705720 0.131811493874731 0.342408200000000 0.881173101247839
0.130434782608696 0.658333333333333 0.000000000000000 0.000000000000000 0.000000000000000 0.028517110318206 0.000509746617588 0.036024844470507 0.000634636503285 0.089336435765653 0.077795789123143 0.064801179198813 0.126266558806966 0.725746269151676 0.035294124498270 0.844402280118389 0.119293077177518 0.463569250000000 0.845668848903550
0.181818181818182 0.825000000000000 0.000000000000000 0.000000000000000 0.000000000000000 0.058935362921251 0.001300327693829 0.031055901176652 0.000670084678220 0.081074107856673 0.069692054859741 0.061119291155233 0.113016356570028 0.729477615329834 0.055294122380623 0.808349168437578 0.106774660480304 0.464324620000000 0.857046357641465
0.620553359683794 0.766666666666667 0.000000000000000 0.000000000000000 0.000000000000000 0.083650185247726 0.002363995969017 0.063354032586706 0.001242418551005 0.081590502915275 0.068881690185427 0.056701026828417 0.120031165392637 0.720149259959066 0.031764705695502 0.855787467887761 0.113402053656833 0.517716700000000 0.848698250217761
0.691699604743083 0.925000000000000 0.000000000000000 0.333333323333334 0.000000000000000 0.049429654919111 0.001157856504427 0.058385087056827 0.001372141635535 0.087012658001941 0.075364673220135 0.055228280889335 0.131722529798206 0.725746269151676 0.000000000000000 0.901328304354244 0.124447724414965 0.554881000000000 0.830644092141975
0.877470355731225 0.725000000000000 0.000000000000000 0.000000000000000 0.000000000000000 0.017110266875334 0.000352522570923 0.053416139290923 0.001500924683601 0.090369225882858 0.084278764864496 0.064801179198813 0.123148862099802 0.763059704067582 0.030588246878893 0.814041762322264 0.116347565417176 0.445418030000000 0.819759477445019
0.035573122529644 0.883333333333333 0.000000000000000 0.333333323333334 0.000000000000000 0.051330804048056 0.001078720632793 0.079503110589869 0.002127163314360 0.104828301466407 0.100486226097943 0.085419735011637 0.129384255514131 0.770522393065688 0.063529414567474 0.753320692574416 0.122238588937860 0.330665350000000 0.831862863313146
0.652173913043478 0.879166666666667 0.000000000000000 0.000000000000000 0.000000000000000 0.053231939488788 0.000841411685011 0.026086951174724 0.000449827801285 0.073069977476994 0.063209079118388 0.044182620072293 0.113016356570028 0.742537313520550 0.010588235231834 0.867172706890530 0.106774660480304 0.587659540000000 0.825070679343467
0.687747035573123 0.837500000000000 0.000000000000000 0.333333323333334 0.000000000000000 0.034220537172722 0.000672234174540 0.040993787764361 0.000970747074998 0.085721663384095 0.072933550023773 0.059646538588759 0.125487143398686 0.718283585190883 0.027058828076125 0.865275175595634 0.118556707521674 0.498757300000000 0.842531501108298
0.343873517786561 0.833333333333333 0.000000000000000 0.666666646666667 0.000000000000000 0.047528522900433 0.000887161859657 0.054658380704448 0.001049904608432 0.075393755240705 0.064829823053726 0.050810013248822 0.111457518738659 0.736940304327940 0.031764705695502 0.838709686233703 0.105301914541223 0.524327930000000 0.836880125097045
0.667984189723320 0.895833333333333 0.000000000000000 0.000000000000000 0.000000000000000 0.053231932644682 0.001436547713544 0.053416143762972 0.000930197110387 0.082881490561781 0.073743921991442 0.053019145412230 0.123148862099802 0.744402986609629 0.008235296422145 0.869070221107626 0.116347565417176 0.548329700000000 0.825409678300180
0.292490118577075 0.895833333333333 0.000000000000000 0.000000000000000 0.000000000000000 0.076045643484799 0.000660934898455 0.036024839998457 0.000735876309818 0.116447197256304 0.111831440938666 0.086156111294874 0.152766956266034 0.764925378835765 0.014117654034602 0.838709686233703 0.144329903944552 0.404748830000000 0.816987888589495
0.003952569169960 0.779166666666667 0.000000000000000 0.333333323333334 0.000000000000000 0.030418256025098 0.000625815453258 0.043478266119362 0.000978655658327 0.084947070796191 0.070502434120765 0.069955813181474 0.114575215445823 0.707089561768350 0.080000004235294 0.791271369705720 0.108247426301565 0.415771600000000 0.883960957621269
0.332015810276680 0.891666666666667 0.000000000000000 0.000000000000000 0.000000000000000 0.051330800626003 0.001013937121667 0.036024846706531 0.000930197110387 0.112832424874746 0.105348465197313 0.084683358728399 0.149649259558870 0.746268659698708 0.023529419861592 0.842504765901292 0.141384392184209 0.401151240000000 0.828517042827137
0.648221343873518 0.729166666666667 0.000000000000000 0.000000000000000 0.000000000000000 0.087452442440977 0.001586053762842 0.044720494116739 0.000846687796727 0.345210452214112 0.329011339781291 0.405007353424099 0.296960258863281 0.611940309785030 0.500000026470588 0.210626212822572 0.405007353424099 0.307257200000000 0.185231796601297
0.249011857707510 0.687500000000000 0.000000000000000 0.000000000000000 0.000000000000000 0.079847893833942 0.000926611384845 0.022360260474518 0.000662856683600 0.353989182153034 0.335494330109354 0.413107499167102 0.308651588194806 0.593283595685286 0.498823546477509 0.231499057066421 0.413107499167102 0.294055670000000 0.178505438160726
0.786561264822134 0.741666666666667 0.000000000000000 0.000000000000000 0.000000000000000 0.038022821742399 0.001097753051673 0.070807449763512 0.000725326146119 0.346243242331317 0.329011339781291 0.403534614112411 0.301636779372197 0.604477614070506 0.488235311245675 0.237191668028906 0.403534614112411 0.293809700000000 0.179791260380930
0.529644268774704 0.725000000000000 0.000000000000000 0.333333323333334 0.000000000000000 0.076045602420158 0.002833501122899 0.050931707892441 0.000930196389058 0.334366135069439 0.321717984778914 0.379970533284459 0.297739653227135 0.639925389330168 0.429411756297578 0.296015206481858 0.379970533284459 0.259188800000000 0.178300776333296
0.719367588932806 0.725000000000000 0.000000000000000 0.000000000000000 0.000000000000000 0.098859292727955 0.001436546402689 0.129192521168166 0.004008027109172 0.313452114282018 0.296596446487816 0.364506624709082 0.275136374898320 0.617537318977640 0.450588226761246 0.284630018712486 0.364506624709082 0.285740140000000 0.174458116639446
0.996047430830040 0.754166666666667 0.000000000000000 0.000000000000000 0.000000000000000 0.074144490933800 0.002025086556829 0.057142847879326 0.001114023433887 0.331267771689164 0.308752047882918 0.392488936726886 0.287607161726979 0.572761211854672 0.503529402920415 0.244781810286286 0.392488936726886 0.307472900000000 0.171898660246509
0.209486166007905 0.687500000000000 0.000000000000000 0.000000000000000 0.000000000000000 0.072243399979762 0.000694280311830 0.059627337414451 0.001941495004122 0.353214582593790 0.335494330109354 0.415316647898994 0.303975039626655 0.598880604877896 0.512941179335640 0.203036070565191 0.415316647898994 0.308573250000000 0.183452845308915
0.335968379446640 0.700000000000000 0.000000000000000 0.000000000000000 0.000000000000000 0.068441067501337 0.001293067568374 0.079503110589869 0.002217645286462 0.352439990005887 0.333873600760726 0.411634746600628 0.307092757378246 0.593283595685286 0.498823546477509 0.231499057066421 0.411634746600628 0.296546880000000 0.178878617371778
0.984189723320158 0.770833333333333 0.000000000000000 0.000000000000000 0.000000000000000 0.051330780093683 0.001514392190364 0.050931649755798 0.000879070509289 0.333075161365613 0.311183156492570 0.389543458103509 0.293842555141308 0.576492551316412 0.481176473640138 0.277039876455105 0.389543458103509 0.289137720000000 0.167573800432138
0.932806324110672 0.754166666666667 0.000000000000000 0.333333323333334 0.000000000000000 0.028517110318206 0.000552296952441 0.098136649059835 0.002541959237286 0.323263627366805 0.299837919771782 0.382179682016350 0.282930641218063 0.569029855601888 0.490588250055363 0.269449751275524 0.382179682016350 0.302674800000000 0.167364404404451
0.841897233201581 0.762500000000000 0.000000000000000 0.000000000000000 0.000000000000000 0.041825089201810 0.001034163024504 0.072049693413063 0.001222876872160 0.314226706869921 0.293354929443719 0.367452123214638 0.277474670226822 0.589552256223546 0.461176461993080 0.296015206481858 0.367452123214638 0.291972250000000 0.167405484503846
0.628458498023715 0.733333333333333 0.000000000000000 0.333333323333334 0.000000000000000 0.089353642900723 0.001953144562005 0.114285697994677 0.002552172179493 0.344952233770790 0.325769866497325 0.403534614112411 0.300857363963917 0.591417909163372 0.494117626505190 0.240986713540898 0.403534614112411 0.297340800000000 0.176869117242050
0.790513833992095 0.750000000000000 0.000000000000000 0.000000000000000 0.000000000000000 0.034220554282989 0.000766464784761 0.065838495289534 0.000735876526216 0.342886653536380 0.325769866497325 0.396170851280038 0.302416194780477 0.606343300592420 0.468235310186851 0.267552219980628 0.396170851280038 0.278886200000000 0.175464637832421
0.853754940711462 0.766666666666667 0.000000000000000 0.000000000000000 0.000000000000000 0.144486734940510 0.003311505564483 0.053416154943096 0.001516253870925 0.314226706869921 0.289303091485438 0.368188519380055 0.280592352904369 0.561567193469452 0.464705891384083 0.318785599098402 0.368188519380055 0.292956700000000 0.155389765280198
0.727272727272727 0.737500000000000 0.000000000000000 0.000000000000000 0.000000000000000 0.060836467563502 0.001138174304319 0.044720480700591 0.000899655302569 0.349857993798853 0.328200975106977 0.411634746600628 0.304754462049744 0.572761211854672 0.510588261702422 0.233396622516914 0.411634746600628 0.300429800000000 0.174056549014795
0.252964426877470 0.687500000000000 0.000000000000000 0.000000000000000 0.000000000000000 0.098859309838222 0.001482982971779 0.033540370587555 0.000843266675683 0.346759623447239 0.329821704455605 0.404270983768255 0.301636779372197 0.606343300592420 0.489411791238754 0.233396622516914 0.404270983768255 0.294787000000000 0.181053277296295
0.988142292490119 0.766666666666667 0.000000000000000 0.000000000000000 0.000000000000000 0.100760445278954 0.002902436820775 0.085714295297249 0.001698489302449 0.334107937540138 0.310372784524901 0.392488936726886 0.294621970549588 0.563432863200322 0.490588250055363 0.275142311004613 0.392488936726886 0.291874900000000 0.165771127774638
0.584980237154150 0.712500000000000 0.000000000000000 0.333333323333334 0.000000000000000 0.106463933730431 0.003235578466629 0.156521729408588 0.004074783691951 0.277820820381745 0.271474864436587 0.313696601519171 0.245518308791323 0.701492540822009 0.369411774297578 0.330170803945573 0.313696601519171 0.247790010000000 0.197409082999680
0.671936758893281 0.733333333333333 0.000000000000000 0.000000000000000 0.500000000000000 0.100760493187701 0.001745436305306 0.059627337414451 0.001753752150551 0.337206307891752 0.316045373711875 0.398379960247570 0.292283710295130 0.580223890778152 0.504705861737024 0.235294153811809 0.398379960247570 0.306725500000000 0.175539528851383
0.980237154150198 0.787500000000000 0.000000000000000 0.000000000000000 0.000000000000000 0.087452442440977 0.002643741106346 0.055900617645924 0.000870258172364 0.315775885074388 0.296596446487816 0.369661278573923 0.276695226759307 0.600746274608766 0.464705891384083 0.278937407750001 0.369661278573923 0.292784360000000 0.172500994895542
0.090909090909091 0.670833333333333 0.000000000000000 0.000000000000000 0.000000000000000 0.039923967449291 0.000920493458627 0.218633531761892 0.003935244973443 0.293054488553199 0.277147490090336 0.333578781048757 0.265003904442591 0.630597023884774 0.395294132968858 0.360531321741698 0.333578781048757 0.249835710000000 0.151168235262221
0.505928853754941 0.720833333333333 0.000000000000000 0.333333323333334 0.000000000000000 0.076045622952479 0.000918447081349 0.080745343059295 0.001311829193152 0.315259483044446 0.304700180751217 0.360824730038109 0.276695226759307 0.660447773160782 0.424705878678201 0.282732453261993 0.360824730038109 0.275818300000000 0.187014206210180
0.300395256916996 0.691666666666667 0.000000000000000 0.000000000000000 0.000000000000000 0.045627356661220 0.001344468752420 0.048447213885266 0.001424511808506 0.337464498449713 0.322528349453228 0.393225319637516 0.292283710295130 0.623134344961294 0.478823556006920 0.233396622516914 0.393225319637516 0.297430840000000 0.185297269583578
0.743083003952569 0.733333333333333 0.000000000000000 0.000000000000000 0.000000000000000 0.041825113156183 0.001012079033726 0.068322971408511 0.001723269852408 0.338239111951638 0.321717984778914 0.396907220935882 0.291504287872041 0.611940309785030 0.492941167688581 0.222011383514145 0.396907220935882 0.305754570000000 0.184113988126391
0.205533596837945 0.687500000000000 0.000000000000000 0.000000000000000 0.000000000000000 0.066539956014979 0.000887162626004 0.034782614237105 0.001439985405975 0.350632586386757 0.331442455684299 0.411634746600628 0.303975039626655 0.589552256223546 0.507058811134948 0.222011383514145 0.411634746600628 0.302421200000000 0.179061035173177
0.877470355731225 0.745833333333333 0.000000000000000 0.000000000000000 0.000000000000000 0.068441046969017 0.001041420528247 0.045962740002314 0.001058131947219 0.326878406719703 0.306320910099845 0.382916064926980 0.286827746318698 0.587686569701632 0.477647076013841 0.271347265492620 0.382916064926980 0.292226460000000 0.171076151709630
0.739130434782609 0.745833333333333 0.000000000000000 0.000000000000000 0.000000000000000 0.066539935482659 0.000983775737145 0.045962740002314 0.000796250281598 0.340821087244650 0.322528349453228 0.397643590591726 0.297739653227135 0.598880604877896 0.484705871266436 0.248576855798278 0.397643590591726 0.292307470000000 0.177594222126829
0.806324110671937 0.745833333333333 0.000000000000000 0.000000000000000 0.000000000000000 0.043726221220488 0.001006480468649 0.036024833290383 0.000810641380047 0.344952233770790 0.326580245758349 0.402061861545936 0.301636779372197 0.597014935147026 0.487058841840830 0.246679324503383 0.402061861545936 0.290788440000000 0.177377422615761
0.841897233201581 0.766666666666667 0.000000000000000 0.000000000000000 0.000000000000000 0.028517110318206 0.000663777338406 0.044720494116739 0.000696870062240 0.324554628955992 0.299837919771782 0.379970533284459 0.289165992543539 0.559701490156494 0.474117636034602 0.305502862956335 0.379970533284459 0.290298600000000 0.158276385129205
0.577075098814229 0.712500000000000 0.000000000000000 0.000000000000000 0.000000000000000 0.077946799457851 0.001719351783732 0.065838510941707 0.001152289020445 0.303898805697872 0.294165337878163 0.348306339850469 0.265783319850871 0.669776121815131 0.416470603432526 0.286527550007381 0.348306339850469 0.278669450000000 0.188865698209339
0.272727272727273 0.691666666666667 0.000000000000000 0.000000000000000 0.000000000000000 0.074144466979426 0.001078722246154 0.037267063523785 0.000846687796727 0.344694036241488 0.328200975106977 0.404270983768255 0.296960258863281 0.610074640054160 0.498823546477509 0.214421258334564 0.404270983768255 0.305961850000000 0.184921320361737
0.679841897233202 0.745833333333333 0.000000000000000 0.333333323333334 0.000000000000000 0.079847893833942 0.002586135540089 0.034782614237105 0.000869150787480 0.351665376503962 0.327390610432663 0.413107499167102 0.309431003603086 0.554104497754928 0.509411781709343 0.254269466760763 0.413107499167102 0.292125400000000 0.167120307696156
0.845849802371542 0.758333333333333 0.000000000000000 0.000000000000000 0.000000000000000 0.068441046969017 0.000520711121222 0.108074531175495 0.000934332131131 0.315259483044446 0.298217190423154 0.366715746931401 0.276695226759307 0.615671649246770 0.452941186747405 0.282732453261993 0.366715746931401 0.289242060000000 0.175275756672515
0.660079051383399 0.720833333333333 0.000000000000000 0.000000000000000 0.000000000000000 0.159695818466365 0.001532927996496 0.130434755873618 0.001305939971458 0.336431722275189 0.320097255430286 0.388807075192879 0.296180801366148 0.613805979515900 0.462352931397924 0.269449751275524 0.388807075192879 0.278195500000000 0.177515604184261
0.893280632411067 0.770833333333333 0.000000000000000 0.000000000000000 0.000000000000000 0.089353625790456 0.002380664712886 0.079503121769992 0.001222876511496 0.328943973011432 0.307131274774159 0.385861543550357 0.289165992543539 0.578358221047282 0.482352932456747 0.273244779709717 0.385861543550357 0.292468900000000 0.168665738685072
0.794466403162055 0.758333333333333 0.000000000000000 0.000000000000000 0.000000000000000 0.038022845696773 0.000756573136084 0.075776375169169 0.001795559103762 0.290730717760828 0.276337125416022 0.335787929780649 0.256430243758995 0.641791042269993 0.416470603432526 0.314990519430812 0.335787929780649 0.278386650000000 0.176471108661564
0.727272727272727 0.729166666666667 0.000000000000000 0.000000000000000 0.000000000000000 0.074144490933800 0.001874436029421 0.067080725522936 0.000973720683287 0.336173503831867 0.320907620104600 0.390279827759353 0.293063139733028 0.621268658439380 0.470588238408304 0.248576855798278 0.390279827759353 0.290427120000000 0.182678383868263
0.976284584980237 0.787500000000000 0.000000000000000 0.000000000000000 0.000000000000000 0.047528488679899 0.000960533958027 0.039751555294934 0.000842123729260 0.321456237690356 0.301458692880541 0.374815912556584 0.283710035581916 0.593283595685286 0.463529421979239 0.288425064224478 0.374815912556584 0.286662580000000 0.168913377649589
0.996047430830040 0.791666666666667 0.000000000000000 0.000000000000000 0.000000000000000 0.102661577297633 0.002714026280041 0.063354021406583 0.001684818739931 0.306480774019544 0.286061574441342 0.357142861876709 0.272018713265200 0.595149265416156 0.447058839723183 0.313093005213715 0.357142861876709 0.280829800000000 0.163903166802243
0.992094861660079 0.791666666666667 0.000000000000000 0.000000000000000 0.000000000000000 0.157794669337420 0.005541003373538 0.124223589054435 0.004180301486713 0.280919183762020 0.260940050736953 0.324742265649910 0.253312533022212 0.606343300592420 0.408235285833910 0.364326401409287 0.324742265649910 0.275368200000000 0.145778029298488
0.897233201581028 0.750000000000000 0.000000000000000 0.000000000000000 0.000000000000000 0.049429668607325 0.000625815251588 0.052173897877398 0.000860235300451 0.343144844094341 0.320907620104600 0.401325485262699 0.302416194780477 0.570895525332758 0.491764708871972 0.265654654530135 0.401325485262699 0.289582460000000 0.168493897288504
0.399209486166008 0.700000000000000 0.000000000000000 0.333333323333334 0.000000000000000 0.062737647490928 0.001543944531028 0.054658387412523 0.001357314565601 0.342886653536380 0.327390610432663 0.396170851280038 0.300857363963917 0.617537318977640 0.468235310186851 0.256166980977860 0.396170851280038 0.282686830000000 0.180265100105252
0.924901185770751 0.770833333333333 0.000000000000000 0.000000000000000 0.000000000000000 0.057034220636412 0.001344468349080 0.049689432938545 0.000828279614890 0.329460382012715 0.304700180751217 0.388070698909641 0.290724844404525 0.557835820425624 0.490588250055363 0.280834921967097 0.388070698909641 0.294237820000000 0.162769124385320
0.430830039525692 0.712500000000000 0.000000000000000 0.000000000000000 0.000000000000000 0.081749066917261 0.001809004955439 0.057142863531499 0.001124355900375 0.323263627366805 0.311183156492570 0.373343140107930 0.281371768312649 0.647388068253648 0.448235309128028 0.258064512272755 0.373343140107930 0.287645730000000 0.187039102731390
0.822134387351779 0.750000000000000 0.000000000000000 0.000000000000000 0.500000000000000 0.104562733270685 0.002323019820949 0.127950297642839 0.004379542042273 0.336173503831867 0.320097255430286 0.388807075192879 0.295401385957868 0.615671649246770 0.463529421979239 0.265654654530135 0.388807075192879 0.279764180000000 0.181187933396518
0.924901185770751 0.766666666666667 0.000000000000000 0.000000000000000 0.000000000000000 0.064638779509607 0.002111569574589 0.067080714342813 0.001253997546816 0.336948103391111 0.311993535753594 0.395434468369407 0.298519096694650 0.554104497754928 0.491764708871972 0.282732453261993 0.395434468369407 0.290585070000000 0.161681265602820
0.928853754940711 0.758333333333333 0.000000000000000 0.000000000000000 0.000000000000000 0.091254709900387 0.001700631550247 0.090683218466881 0.002362795514848 0.342370258477777 0.316045373711875 0.405743723079943 0.300077948555637 0.542910445787620 0.516470576961938 0.254269466760763 0.405743723079943 0.303143950000000 0.164312759064210
0.707509881422925 0.729166666666667 0.000000000000000 0.333333323333334 0.000000000000000 0.051330845112697 0.001813161175592 0.043478250467189 0.001285115624687 0.345985037830675 0.328200975106977 0.406480105990574 0.298519096694650 0.600746274608766 0.503529402920415 0.216318823785056 0.406480105990574 0.306161220000000 0.182332166095555
0.711462450592885 0.729166666666667 0.000000000000000 0.333333323333334 0.000000000000000 0.100760493187701 0.002734071083082 0.045962724350141 0.001210999678778 0.340304692186048 0.321717984778914 0.400589089097282 0.293842555141308 0.597014935147026 0.501176485287197 0.223908914809041 0.400589089097282 0.307026830000000 0.180581905399767
0.517786561264822 0.712500000000000 0.000000000000000 0.000000000000000 0.000000000000000 0.030418266291258 0.000660935604301 0.047204972471741 0.001278349699249 0.303382410639269 0.293354929443719 0.348306339850469 0.265003904442591 0.667910452084261 0.418823521065744 0.284630018712486 0.348306339850469 0.280763600000000 0.189170936610318
0.521739130434783 0.708333333333333 0.000000000000000 0.000000000000000 0.000000000000000 0.081749066917261 0.002182605767928 0.106832274109797 0.002066505355198 0.287632340437873 0.275526760741708 0.328424160320882 0.255650800291479 0.658582086638867 0.395294132968858 0.332068318162669 0.328424160320882 0.265619400000000 0.175569495331734
0.893280632411067 0.766666666666667 0.000000000000000 0.333333323333334 0.000000000000000 0.085551334376672 0.002257246210215 0.078260880356467 0.002083687060668 0.332816942922291 0.311993535753594 0.388070698909641 0.293842555141308 0.583955230239892 0.475294105439446 0.278937407750001 0.388070698909641 0.284494970000000 0.168755621338182
0.557312252964427 0.716666666666667 0.000000000000000 0.333333323333334 0.000000000000000 0.034220533750669 0.000876486208182 0.034782600820956 0.001071704481073 0.301058611961537 0.293354929443719 0.344624445179496 0.261886214750235 0.684701496453135 0.411764715224913 0.278937407750001 0.344624445179496 0.281540000000000 0.194143240279717
0.656126482213439 0.745833333333333 0.000000000000000 0.000000000000000 0.000000000000000 0.104562757225058 0.000861316629801 0.113043481177424 0.002008336126706 0.356054748444764 0.327390610432663 0.418998509433001 0.316445812425696 0.522388078748050 0.517647046366782 0.273244779709717 0.418998509433001 0.298957820000000 0.156377165004758
0.086956521739130 0.670833333333333 0.000000000000000 0.000000000000000 0.000000000000000 0.045627401147914 0.000901896344769 0.204968938821805 0.004224553385901 0.295120061816268 0.277147490090336 0.339469791314655 0.265003904442591 0.615671649246770 0.414117643446367 0.345351054304736 0.339469791314655 0.265454050000000 0.154048962542823
0.557312252964427 0.725000000000000 0.000000000000000 0.333333323333334 0.000000000000000 0.077946799457851 0.001783850234099 0.069565219530111 0.000842123512862 0.333333351923574 0.320097255430286 0.385861543550357 0.289945450040672 0.636194033077384 0.462352931397924 0.246679324503383 0.385861543550357 0.289144370000000 0.185716817096439
0.786561264822134 0.758333333333333 0.000000000000000 0.000000000000000 0.000000000000000 0.087452490349724 0.002057372032222 0.103105574465492 0.002591511897649 0.287115931436590 0.273095615665281 0.331369658826438 0.253312533022212 0.645522398522778 0.411764715224913 0.318785599098402 0.331369658826438 0.279876260000000 0.176000408282802
0.699604743083004 0.725000000000000 0.000000000000000 0.000000000000000 0.000000000000000 0.089353642900723 0.001821452138026 0.069565219530111 0.001642539748765 0.341853870390515 0.320907620104600 0.402061861545936 0.297739653227135 0.580223890778152 0.501176485287197 0.240986713540898 0.402061861545936 0.300036160000000 0.174257030644126
0.916996047430830 0.775000000000000 0.000000000000000 0.000000000000000 0.500000000000000 0.133079802524250 0.002809476964429 0.044720494116739 0.000912418360578 0.346759623447239 0.323338728714252 0.407216482273811 0.304754462049744 0.561567193469452 0.503529402920415 0.256166980977860 0.407216482273811 0.294655980000000 0.168009800130291
0.664031620553360 0.729166666666667 0.000000000000000 0.000000000000000 1.000000000000000 0.079847934898583 0.001673849149113 0.122981370001157 0.001816897758390 0.344694036241488 0.325769866497325 0.405007353424099 0.298519096694650 0.593283595685286 0.502352944103806 0.225806480259533 0.405007353424099 0.303447960000000 0.179594253856044
0.462450592885375 0.704166666666667 0.000000000000000 0.000000000000000 0.000000000000000 0.066539935482659 0.001494367050163 0.069565219530111 0.000785284560036 0.338497309480939 0.321717984778914 0.391016197415197 0.298519096694650 0.610074640054160 0.463529421979239 0.271347265492620 0.391016197415197 0.278822180000000 0.175959949337342
0.920948616600791 0.762500000000000 0.000000000000000 0.000000000000000 1.000000000000000 0.049429689139645 0.001967552986816 0.085714279645076 0.002228481096600 0.339013697568201 0.313614265102223 0.399852712814045 0.298519096694650 0.550373124711100 0.503529402920415 0.267552219980628 0.399852712814045 0.298368660000000 0.163229063691865
0.557312252964427 0.712500000000000 0.000000000000000 0.333333323333334 0.000000000000000 0.038022821742399 0.000841411937098 0.062111788937156 0.001479588697891 0.304156996255833 0.294165337878163 0.350515468700181 0.264224475004693 0.667910452084261 0.425882369259515 0.273244779709717 0.350515468700181 0.286862880000000 0.191247823547962
0.944664031620553 0.766666666666667 0.000000000000000 0.000000000000000 0.000000000000000 0.064638779509607 0.001177208873003 0.040993814596657 0.001233077263236 0.340562882744009 0.315234994450851 0.402061861545936 0.299298519117739 0.550373124711100 0.507058811134948 0.261859609018143 0.402061861545936 0.300362800000000 0.164711808497235
0.881422924901186 0.745833333333333 0.000000000000000 0.000000000000000 0.000000000000000 0.098859309838222 0.002153948439396 0.067080756827282 0.001334404999822 0.331009553245842 0.309562390677167 0.388807075192879 0.289945450040672 0.580223890778152 0.487058841840830 0.263757123235240 0.388807075192879 0.295621400000000 0.170940404393036
0.683794466403162 0.737500000000000 0.000000000000000 0.000000000000000 0.000000000000000 0.098859309838222 0.002904382030221 0.080745327407123 0.001612344323321 0.351407178974661 0.331442455684299 0.410898376944784 0.307092757378246 0.583955230239892 0.500000026470588 0.239089182246002 0.410898376944784 0.293990880000000 0.176122926699387
0.992094861660079 0.766666666666667 0.000000000000000 0.000000000000000 0.000000000000000 0.089353642900723 0.002108893008338 0.083229803526099 0.001590685542709 0.332300561806369 0.309562390677167 0.389543458103509 0.293063139733028 0.570895525332758 0.484705871266436 0.277039876455105 0.389543458103509 0.288788260000000 0.166620950296689
0.584980237154150 0.725000000000000 0.000000000000000 0.000000000000000 0.000000000000000 0.053231932644682 0.001076973665105 0.068322971408511 0.001388892851624 0.343919443653585 0.330632083716629 0.394698092086170 0.302416194780477 0.632462693615644 0.456470584373702 0.259962077723248 0.394698092086170 0.275889200000000 0.183224512480200
0.462450592885375 0.712500000000000 0.000000000000000 0.333333323333334 0.000000000000000 0.060836512050196 0.001304665719624 0.055900662366418 0.001028579659062 0.313710311811319 0.303889801490193 0.360088353754872 0.273577544081760 0.666044782353391 0.428235297480969 0.271347265492620 0.360088353754872 0.281874750000000 0.190291011457688
0.667984189723320 0.741666666666667 0.000000000000000 0.000000000000000 0.000000000000000 0.077946778925531 0.001334628559882 0.054658387412523 0.001287363214942 0.356312939002725 0.333873600760726 0.419734892343631 0.310210419011366 0.565298516140148 0.520000016941176 0.225806480259533 0.419734892343631 0.301346420000000 0.173796251940372
0.715415019762846 0.729166666666667 0.000000000000000 0.333333323333334 0.000000000000000 0.125475267605429 0.002061029421255 0.039751526226613 0.000895361733624 0.337722695979015 0.319286890755972 0.396907220935882 0.292283710295130 0.598880604877896 0.495294106498270 0.231499057066421 0.396907220935882 0.304521950000000 0.179818960488818
0.035573122529644 0.670833333333333 0.000000000000000 0.000000000000000 0.000000000000000 0.146387812206334 0.004425611141227 0.149068289871535 0.005309384679927 0.312161140578192 0.294165337878163 0.362297502486764 0.275915832395453 0.610074640054160 0.445882349141869 0.299810251993850 0.362297502486764 0.278044130000000 0.166489786088855
0.901185770750988 0.766666666666667 0.000000000000000 0.000000000000000 0.000000000000000 0.142585534480764 0.002296937517747 0.091925457644382 0.001621284624081 0.332558759335670 0.309562390677167 0.390279827759353 0.293063139733028 0.569029855601888 0.487058841840830 0.275142311004613 0.390279827759353 0.290278140000000 0.166447514045424
0.695652173913043 0.745833333333333 0.000000000000000 0.000000000000000 0.000000000000000 0.032319400363169 0.000834672281970 0.031055907884726 0.000687123531618 0.365349859499608 0.345218793721384 0.427835077850994 0.318004657271873 0.578358221047282 0.517647046366782 0.216318823785056 0.427835077850994 0.297733340000000 0.177662851242614
0.944664031620553 0.754166666666667 0.000000000000000 0.000000000000000 0.000000000000000 0.081749025852621 0.000652332859812 0.098136649059835 0.001716546990334 0.320423454544491 0.295786074520146 0.385125173894513 0.275136374898320 0.561567193469452 0.517647046366782 0.233396622516914 0.385125173894513 0.325608070000000 0.172512360333748
0.928853754940711 0.762500000000000 0.000000000000000 0.000000000000000 0.000000000000000 0.091254733854761 0.001948317788598 0.054658360580226 0.001296312892983 0.349341598740251 0.322528349453228 0.413843875450340 0.306313327940348 0.537313453386054 0.523529414567474 0.248576855798278 0.413843875450340 0.300667350000000 0.164504796357620
0.458498023715415 0.708333333333333 0.000000000000000 0.333333323333334 0.000000000000000 0.062737647490928 0.001253135063341 0.067080756827282 0.001482191254340 0.326878406719703 0.313614265102223 0.377025041406296 0.286048330910418 0.638059702808253 0.449411767944637 0.265654654530135 0.377025041406296 0.283286540000000 0.183842627796756
0.731225296442688 0.737500000000000 0.000000000000000 0.000000000000000 0.000000000000000 0.062737603004234 0.001271036919351 0.043478232578992 0.000904994871266 0.348308815594386 0.329011339781291 0.407216482273811 0.303975039626655 0.589552256223546 0.496470575903114 0.239089182246002 0.407216482273811 0.294774060000000 0.176396872372424
0.031620553359684 0.666666666666667 0.000000000000000 0.000000000000000 0.000000000000000 0.051330780093683 0.001013936214151 0.062111788937156 0.001184451727541 0.320165257015190 0.299027555097468 0.379234150373828 0.277474670226822 0.585820899970762 0.490588250055363 0.252371952543666 0.379234150373828 0.307942570000000 0.173495428768711
0.747035573122530 0.737500000000000 0.000000000000000 0.000000000000000 0.000000000000000 0.068441091455711 0.001576527873235 0.050931665407971 0.001285115985352 0.346501439860618 0.325769866497325 0.409425637633095 0.299298519117739 0.580223890778152 0.515294096968858 0.218216355079952 0.409425637633095 0.309236170000000 0.177886802417900
0.960474308300395 0.762500000000000 0.000000000000000 0.000000000000000 0.000000000000000 0.058935356077144 0.001152968423294 0.050931678824119 0.001469787995432 0.346759623447239 0.324149100681921 0.408689254722465 0.302416194780477 0.567164185871018 0.510588261702422 0.239089182246002 0.408689254722465 0.300853070000000 0.171629465561673
0.806324110671937 0.762500000000000 0.000000000000000 0.000000000000000 0.000000000000000 0.055133068085413 0.001210332792051 0.120496889410131 0.002195373520132 0.287890524024493 0.270664499762273 0.334315157331994 0.254871405927626 0.623134344961294 0.422352950456747 0.324478192983088 0.334315157331994 0.280559630000000 0.168988654791267
0.343873517786561 0.704166666666667 0.000000000000000 0.000000000000000 0.000000000000000 0.051330780093683 0.000944722040047 0.085714250576755 0.002083686195073 0.351407178974661 0.329821704455605 0.413107499167102 0.306313327940348 0.572761211854672 0.510588261702422 0.233396622516914 0.413107499167102 0.300918200000000 0.173831758442300
0.241106719367589 0.691666666666667 0.000000000000000 0.000000000000000 0.000000000000000 0.043726265707182 0.000887161617653 0.037267092592106 0.000680075927052 0.356054748444764 0.337925438719007 0.418262139777157 0.307092757378246 0.595149265416156 0.514117638152249 0.204933584782288 0.418262139777157 0.306214720000000 0.182681456062047
0.003952569169960 0.666666666666667 0.000000000000000 0.000000000000000 0.000000000000000 0.066539935482659 0.001228857808830 0.081987573292697 0.002255555618293 0.319132480840666 0.299027555097468 0.373343140107930 0.280592352904369 0.593283595685286 0.467058819605536 0.282732453261993 0.373343140107930 0.287982850000000 0.169767514673293
0.664031620553360 0.745833333333333 0.000000000000000 0.000000000000000 0.000000000000000 0.106463892665790 0.001824551404915 0.064596278472281 0.001510524856489 0.366382670530834 0.341977320437418 0.430780556474370 0.321122375023465 0.548507471771274 0.527058812193772 0.231499057066421 0.430780556474370 0.297058600000000 0.169448359066594
0.122529644268775 0.675000000000000 0.000000000000000 0.000000000000000 0.000000000000000 0.058935345810984 0.001796470853016 0.201242223525328 0.004868604091887 0.303898805697872 0.288492719517769 0.350515468700181 0.268901023572844 0.630597023884774 0.427058838664360 0.309297925546126 0.350515468700181 0.266913920000000 0.175487335132945
0.806324110671937 0.745833333333333 0.000000000000000 0.000000000000000 0.000000000000000 0.043726221220488 0.001006480468649 0.036024833290383 0.000810641380047 0.344952233770790 0.326580245758349 0.402061861545936 0.301636779372197 0.597014935147026 0.487058841840830 0.246679324503383 0.402061861545936 0.290788440000000 0.177377422615761
0.802371541501976 0.762500000000000 0.000000000000000 0.000000000000000 0.000000000000000 0.089353625790456 0.001941541772342 0.114285697994677 0.002464590167949 0.286083148290725 0.269854135087959 0.329896919514750 0.254871405927626 0.630597023884774 0.409411755238754 0.337760929125154 0.329896919514750 0.275414820000000 0.167707247800381
0.735177865612648 0.104166666666667 0.000000000000000 0.000000000000000 0.000000000000000 0.013307983674478 0.000253019708014 0.011180121293160 0.000201169257559 0.052414150036070 0.034846028888542 0.086156111294874 0.033515197162426 0.695895531629399 0.305882362906574 0.438330190221403 0.086156111294874 0.648656900000000 0.158962088709008
0.885375494071146 0.104166666666667 0.000000000000000 0.000000000000000 0.000000000000000 0.015209130407986 0.000274438328461 0.008695652553065 0.000236401798286 0.055254324949785 0.036466775011886 0.090574375621691 0.035853466536135 0.686567166184005 0.314117638152249 0.434535110553813 0.090574375621691 0.634920660000000 0.157281497981543
0.873517786561265 0.558333333333333 0.000000000000000 0.000000000000000 0.000000000000000 0.000000000000000 0.000000000000000 0.000000000000000 0.000000000011469 0.000000000000000 0.000000000000000 0.000000000000000 0.000000000000000 0.833955226042131 0.131764710989619 0.578747642666052 0.000000000000000 0.000000000000000 0.511054416358307
0.952569169960474 0.570833333333333 0.000000000000000 0.000000000000000 0.000000000000000 0.000000000000000 0.000000000000000 0.000000000000000 0.000000000011469 0.000000000000000 0.000000000000000 0.000000000000000 0.000000000000000 0.833955226042131 0.131764710989619 0.578747642666052 0.000000000000000 0.000000000000000 0.511054416358307
0.490118577075099 0.575000000000000 0.000000000000000 0.000000000000000 0.000000000000000 0.000000000000000 0.000000000000000 0.000000000000000 0.000000000011469 0.000000000000000 0.000000000000000 0.000000000000000 0.000000000000000 0.833955226042131 0.131764710989619 0.578747642666052 0.000000000000000 0.000000000000000 0.511054416358307
0.786561264822134 0.083333333333333 0.000000000000000 0.000000000000000 0.000000000000000 0.072243345226908 0.001233446913963 0.113043458817176 0.001932042559494 0.078492125592320 0.060777963215381 0.109720172240647 0.062353856980394 0.686567166184005 0.300000005294118 0.457305520248155 0.109720172240647 0.500943800000000 0.146428813954408
0.869565217391304 0.079166666666667 0.000000000000000 0.000000000000000 0.000000000000000 0.036121676035507 0.000861316781054 0.037267076939933 0.001177926221190 0.059127296952046 0.044570501981933 0.086892487578111 0.043647699886276 0.714552245729143 0.278823534830450 0.462998119256181 0.086892487578111 0.518586400000000 0.165227802749378
0.944664031620553 0.216666666666667 0.000000000000000 0.000000000000000 0.000000000000000 0.019011410528994 0.000548876878759 0.008695657695922 0.000281088918776 0.062483864832963 0.046191249563949 0.092783504471403 0.045985967155543 0.701492540822009 0.291764708871972 0.455407983829920 0.092783504471403 0.547700460000000 0.154841588539072
0.537549407114625 0.541666666666667 0.000000000000000 0.000000000000000 0.000000000000000 0.001901141018679 0.000137219174314 0.001242235957625 0.000098160513317 0.000258197787241 0.000000000000000 0.000736377012251 0.000000000000000 0.832089554464246 0.134117652128720 0.576850109492599 0.000736377012251 0.111111110000000 0.159448519391460
0.743083003952569 0.237500000000000 0.000000000000000 0.000000000000000 0.000000000000000 0.038022821742399 0.000588604587754 0.023602486235870 0.000385209599490 0.048024789249413 0.041329010464579 0.068483067242393 0.032735776843779 0.772388062796558 0.241176471522491 0.464895653966636 0.068483067242393 0.534151000000000 0.212186200796739
0.873517786561265 0.212500000000000 0.000000000000000 0.000000000000000 0.000000000000000 0.009505705264497 0.000253019607179 0.014906832117588 0.000402338323317 0.044668216488558 0.029983791977178 0.075846836702159 0.025720965916727 0.718283585190883 0.291764708871972 0.438330190221403 0.075846836702159 0.680808070000000 0.169562063812487
0.501976284584980 0.554166666666667 0.000000000000000 0.000000000000000 0.000000000000000 0.000000000000000 0.000000000000000 0.000000000000000 0.000000000011469 0.000000000000000 0.000000000000000 0.000000000000000 0.000000000000000 0.833955226042131 0.131764710989619 0.578747642666052 0.000000000000000 0.000000000000000 0.511054416358307
0.731225296442688 0.329166666666667 0.000000000000000 0.000000000000000 0.000000000000000 0.152091245904957 0.001467667636297 0.014906832117588 0.000340037933194 0.069971600154039 0.055105347042993 0.099410897647932 0.053000775978152 0.708955224782802 0.289411770062284 0.451612914409010 0.099410897647932 0.533928400000000 0.164043245408434
0.723320158102767 0.558333333333333 0.000000000000000 0.000000000000000 0.000000000000000 0.024714831566020 0.000616723356146 0.004968943741059 0.000196320986312 0.003872967122323 0.002431118382748 0.008100147068482 0.000779423194718 0.822761195903180 0.152941181453287 0.555977243218389 0.008100147068482 0.527777800000000 0.188567477169025
0.810276679841897 0.004166666666667 0.000000000000000 0.000000000000000 0.000000000000000 0.089353618946349 0.001494366646822 0.100621111762664 0.002422397664178 0.079783120210166 0.061588335183050 0.117083954955199 0.057677315427052 0.682835826722265 0.329411761591696 0.413662249232165 0.117083954955199 0.543774700000000 0.164470246768510
0.794466403162055 0.216666666666667 0.000000000000000 0.000000000000000 0.000000000000000 0.013307991545201 0.000330467701315 0.009937892401373 0.000196321080085 0.042344438724847 0.029173420009509 0.069955813181474 0.025720965916727 0.729477615329834 0.274117657211073 0.455407983829920 0.069955813181474 0.653535370000000 0.167813146152233
0.770750988142292 0.350000000000000 0.000000000000000 0.000000000000000 0.000000000000000 0.058935356077144 0.001133201219217 0.029813666471201 0.000912417494983 0.053188744018241 0.049432738893296 0.071428572375342 0.037412314889717 0.791044778575407 0.231764716283737 0.461100582837946 0.071428572375342 0.512565850000000 0.217389892700694
0.786561264822134 0.008333333333333 0.000000000000000 0.000000000000000 0.000000000000000 0.060836501784036 0.001873431107056 0.006211177328498 0.000180999033921 0.064807642596674 0.044570501981933 0.105301914541223 0.041309430512566 0.673507478067916 0.341176487404844 0.404174592757688 0.105301914541223 0.632739250000000 0.162850059064185
0.877470355731225 0.579166666666667 0.000000000000000 0.000000000000000 0.000000000000000 0.000000000000000 0.000000000000000 0.000000000000000 0.000000000011469 0.000000000000000 0.000000000000000 0.000000000000000 0.000000000000000 0.833955226042131 0.131764710989619 0.578747642666052 0.000000000000000 0.000000000000000 0.511054416358307
0.790513833992095 0.095833333333333 0.000000000000000 0.000000000000000 0.000000000000000 0.146387846426868 0.003083617284907 0.009937892401373 0.000291191237908 0.095791380969524 0.071312806088434 0.138438887051260 0.074045200341537 0.634328363346514 0.358823539065744 0.415559797604859 0.138438887051260 0.544857900000000 0.147952739586837
0.909090909090909 0.333333333333333 0.000000000000000 0.000000000000000 0.000000000000000 0.017110263453281 0.000281215474070 0.012422355998611 0.000124164279233 0.041828041574843 0.033225282035861 0.064801179198813 0.025720965916727 0.761194030978503 0.251764706754325 0.459203051543051 0.064801179198813 0.620650950000000 0.186222856097688
0.671936758893281 0.325000000000000 0.000000000000000 0.000000000000000 0.000000000000000 0.000000000000000 0.000000000000000 0.000000000000000 0.000000000011469 0.000000000000000 0.000000000000000 0.000000000000000 0.000000000000000 0.833955226042131 0.131764710989619 0.578747642666052 0.000000000000000 0.000000000000000 0.511054416358307
0.786561264822134 0.566666666666667 0.000000000000000 0.000000000000000 0.000000000000000 0.007604562979659 0.000548876677089 0.009937888823734 0.000496657262858 0.002065582325812 0.001620745539876 0.002945508115276 0.001558846389436 0.830223882886361 0.136470593373702 0.574952576319146 0.002945508115276 0.111111110000000 0.159448519391460
0.683794466403162 0.587500000000000 0.000000000000000 0.000000000000000 0.000000000000000 0.000000000000000 0.000000000000000 0.000000000000000 0.000000000011469 0.000000000000000 0.000000000000000 0.000000000000000 0.000000000000000 0.833955226042131 0.131764710989619 0.578747642666052 0.000000000000000 0.000000000000000 0.511054416358307
0.818181818181818 0.095833333333333 0.000000000000000 0.000000000000000 0.000000000000000 0.058935369765358 0.001745436103636 0.009937888823734 0.000361997969814 0.100697140997588 0.078606161090812 0.139175256707104 0.081060009164146 0.649253737984518 0.339999996823529 0.430740047964022 0.139175256707104 0.479958000000000 0.148034832633850
0.857707509881423 0.566666666666667 0.000000000000000 0.000000000000000 0.000000000000000 0.000000000000000 0.000000000000000 0.000000000000000 0.000000000011469 0.000000000000000 0.000000000000000 0.000000000000000 0.000000000000000 0.833955226042131 0.131764710989619 0.578747642666052 0.000000000000000 0.000000000000000 0.511054416358307
0.735177865612648 0.312500000000000 0.000000000000000 0.000000000000000 0.000000000000000 0.036121676035507 0.001071715720914 0.068322971408511 0.001833789994376 0.046733801602906 0.034035659108879 0.072164948658579 0.031956349510324 0.731343290098017 0.264705880795848 0.468690713140868 0.072164948658579 0.594225700000000 0.166150333857649
0.996047430830040 0.579166666666667 0.000000000000000 0.000000000000000 0.000000000000000 0.000000000000000 0.000000000000000 0.000000000000000 0.000000000011469 0.000000000000000 0.000000000000000 0.000000000000000 0.000000000000000 0.833955226042131 0.131764710989619 0.578747642666052 0.000000000000000 0.000000000000000 0.511054416358307
0.667984189723320 0.550000000000000 0.000000000000000 0.000000000000000 0.000000000000000 0.000000000000000 0.000000000000000 0.000000000000000 0.000000000011469 0.000000000000000 0.000000000000000 0.000000000000000 0.000000000000000 0.833955226042131 0.131764710989619 0.578747642666052 0.000000000000000 0.000000000000000 0.511054416358307
0.612648221343874 0.595833333333333 0.000000000000000 0.000000000000000 0.000000000000000 0.009505704580087 0.000330467499645 0.017391302199298 0.000392641961155 0.012135296425571 0.007293355002377 0.023564064922209 0.004676539448900 0.796641792805330 0.189411772179931 0.523719178757350 0.023564064922209 0.838888900000000 0.177276191312390
0.695652173913043 0.091666666666667 0.000000000000000 0.000000000000000 0.000000000000000 0.057034220636412 0.001590795330610 0.096894407646310 0.002145205421530 0.060934679657155 0.047001622990289 0.086892487578111 0.046765390981593 0.718283585190883 0.270588238408304 0.472485782561778 0.086892487578111 0.547103000000000 0.165874239327757
0.980237154150198 0.195833333333333 0.000000000000000 0.000000000000000 0.000000000000000 0.045627380615594 0.000950682270290 0.006211177328498 0.000236401726153 0.061709265273719 0.043760130014264 0.096465385887589 0.042088852935655 0.690298522436790 0.312941168747405 0.432637596336717 0.096465385887589 0.607767500000000 0.160968415917288
0.715415019762846 0.116666666666667 0.000000000000000 0.000000000000000 0.000000000000000 0.188212952738945 0.005785703885296 0.013664592940087 0.000634636503285 0.066356827772481 0.053484604566326 0.094992633321115 0.048324239335176 0.723880606137224 0.284705892442907 0.444022784106089 0.094992633321115 0.576021100000000 0.169213646819092
0.608695652173913 0.120833333333333 0.000000000000000 0.000000000000000 0.000000000000000 0.064638789775767 0.002090060041238 0.001242235599861 0.000098160491677 0.008778724361850 0.008914100396387 0.010309278569151 0.007014808822609 0.832089554464246 0.141176475757785 0.565464909939545 0.010309278569151 0.116666670000000 0.247349993633172
0.865612648221344 0.208333333333333 0.000000000000000 0.000000000000000 0.000000000000000 0.009505703211265 0.000137219164230 0.012422360470661 0.000196320971885 0.048024789249413 0.033225282035861 0.079528718118345 0.028838657713526 0.716417915460013 0.294117647681661 0.436432658926507 0.079528718118345 0.655892250000000 0.168671177978985
0.810276679841897 0.220833333333333 0.000000000000000 0.000000000000000 0.000000000000000 0.001901138999667 0.000137219023061 0.006211179340921 0.000098160513317 0.039762461340433 0.026742301918495 0.068483067242393 0.021823850293878 0.731343290098017 0.278823534830450 0.445920320524324 0.068483067242393 0.697979800000000 0.172705488843530
0.628458498023715 0.350000000000000 0.000000000000000 0.000000000000000 0.000000000000000 0.110266166969307 0.003574025650830 0.004968944411867 0.000291191093642 0.014975470642152 0.015397083431095 0.016936671745680 0.012470771396079 0.832089554464246 0.144705887148789 0.559772309223740 0.016936671745680 0.101190480000000 0.237594217090446
0.810276679841897 0.208333333333333 0.000000000000000 0.000000000000000 0.000000000000000 0.019011405738120 0.000407057820042 0.011180121293160 0.000331427878670 0.049315778987321 0.034035659108879 0.081001470684820 0.030397506067108 0.712686570960960 0.295294127674740 0.438330190221403 0.081001470684820 0.645891130000000 0.167116899743489
0.707509881422925 0.545833333333333 0.000000000000000 0.000000000000000 0.000000000000000 0.005703423090257 0.000281215615239 0.002484471870530 0.000124164322513 0.000774593354751 0.000000000000000 0.002209131103026 0.000000000000000 0.828358211140566 0.138823534830450 0.573055042974914 0.002209131103026 0.222222220000000 0.159448519391460
0.620553359683794 0.595833333333333 0.000000000000000 0.000000000000000 0.000000000000000 0.032319391465830 0.001092595539218 0.004968943293854 0.000291191072002 0.004389362180925 0.003241491152686 0.008100147068482 0.001558846389436 0.824626867313154 0.150588240525952 0.557874777928844 0.008100147068482 0.277777800000000 0.198604905051165
0.909090909090909 0.079166666666667 0.000000000000000 0.000000000000000 0.500000000000000 0.024714827459556 0.000718273655102 0.067080736703060 0.002017431152621 0.049057579366617 0.034846028888542 0.077319589268633 0.032735776843779 0.720149259959066 0.278823534830450 0.457305520248155 0.077319589268633 0.613718400000000 0.167358864382874
0.952569169960474 0.225000000000000 0.000000000000000 0.000000000000000 0.000000000000000 0.019011398894013 0.000274438570465 0.022360247058370 0.000304139042801 0.062225667303661 0.044570501981933 0.094992633321115 0.044427123712327 0.692164175376615 0.303529402920415 0.445920320524324 0.094992633321115 0.583460500000000 0.154834655118128
0.632411067193676 0.325000000000000 0.000000000000000 0.000000000000000 0.000000000000000 0.159695818466365 0.005159148705923 0.003726711271633 0.000201169293626 0.021688614769593 0.021069691580792 0.025036818151423 0.018706157094118 0.822761195903180 0.152941181453287 0.555977243218389 0.025036818151423 0.097643100000000 0.193681034600708
0.952569169960474 0.570833333333333 0.000000000000000 0.000000000000000 0.000000000000000 0.000000000000000 0.000000000000000 0.000000000000000 0.000000000011469 0.000000000000000 0.000000000000000 0.000000000000000 0.000000000000000 0.833955226042131 0.131764710989619 0.578747642666052 0.000000000000000 0.000000000000000 0.511054416358307
0.541501976284585 0.554166666666667 0.000000000000000 0.000000000000000 0.000000000000000 0.030418252603045 0.000867850248619 0.006211180235330 0.000385209628344 0.004647560407361 0.004051864214359 0.006627393176529 0.003117692849020 0.828358211140566 0.142352946221453 0.567362442942221 0.006627393176529 0.370370360000000 0.191366715768605
0.889328063241107 0.329166666666667 0.000000000000000 0.000000000000000 0.000000000000000 0.026615969059983 0.000625815523842 0.008695650540643 0.000180999084415 0.050090369483822 0.037277146979555 0.080265094401583 0.030397506067108 0.729477615329834 0.288235300657439 0.432637596336717 0.080265094401583 0.641018200000000 0.177050527766798
0.466403162055336 0.591666666666667 0.000000000000000 0.000000000000000 0.000000000000000 0.173003800772022 0.005585679362206 0.001242234794892 0.000098160412331 0.023495998868970 0.021880065007132 0.025773195097399 0.022603273418448 0.815298508584178 0.148235299598616 0.571157509801461 0.025773195097399 0.085016830000000 0.138073907413313
0.774703557312253 0.554166666666667 0.000000000000000 0.000000000000000 0.000000000000000 0.032319391465830 0.000718273655102 0.008695651211450 0.000353922708902 0.004905757936662 0.002431118382748 0.011045654852388 0.000779423194718 0.815298508584178 0.162352945162630 0.548387111207688 0.011045654852388 0.861111100000000 0.177488306987033
0.509881422924901 0.558333333333333 0.000000000000000 0.000000000000000 0.000000000000000 0.000000000000000 0.000000000000000 0.000000000000000 0.000000000011469 0.000000000000000 0.000000000000000 0.000000000000000 0.000000000000000 0.833955226042131 0.131764710989619 0.578747642666052 0.000000000000000 0.000000000000000 0.511054416358307
0.735177865612648 0.325000000000000 0.000000000000000 0.000000000000000 0.000000000000000 0.102661601252006 0.001618953323847 0.024844716469272 0.000770419259645 0.058869099422745 0.046191249563949 0.086156111294874 0.042088852935655 0.727611942240755 0.276470596020761 0.453510449119465 0.086156111294874 0.548545000000000 0.167928227509548
0.699604743083004 0.100000000000000 0.000000000000000 0.000000000000000 0.000000000000000 0.015209128012549 0.000347140155915 0.008695647410208 0.000180998839163 0.093983998264415 0.075364673220135 0.127393216293128 0.076383474625613 0.675373131007741 0.314117638152249 0.445920320524324 0.127393216293128 0.459287900000000 0.149554158369575
0.679841897233202 0.341666666666667 0.000000000000000 0.000000000000000 0.000000000000000 0.000000000000000 0.000000000000000 0.000000000000000 0.000000000011469 0.000000000000000 0.000000000000000 0.000000000000000 0.000000000000000 0.833955226042131 0.131764710989619 0.578747642666052 0.000000000000000 0.000000000000000 0.511054416358307
0.877470355731225 0.212500000000000 0.000000000000000 0.000000000000000 0.000000000000000 0.011406846864925 0.000300632145173 0.009937887034914 0.000361998056374 0.044926416806396 0.029983791977178 0.075846836702159 0.026500388339816 0.716417915460013 0.290588239467128 0.442125252811194 0.075846836702159 0.670370400000000 0.167116899743489
0.660079051383399 0.120833333333333 0.000000000000000 0.000000000000000 0.000000000000000 0.000000000000000 0.000000000000000 0.000000000000000 0.000000000011469 0.000000000000000 0.000000000000000 0.000000000000000 0.000000000000000 0.833955226042131 0.131764710989619 0.578747642666052 0.000000000000000 0.000000000000000 0.511054416358307
0.632411067193676 0.554166666666667 0.000000000000000 0.000000000000000 0.000000000000000 0.000000000000000 0.000000000000000 0.000000000000000 0.000000000011469 0.000000000000000 0.000000000000000 0.000000000000000 0.000000000000000 0.833955226042131 0.131764710989619 0.578747642666052 0.000000000000000 0.000000000000000 0.511054416358307
0.885375494071146 0.329166666666667 0.000000000000000 0.000000000000000 0.000000000000000 0.013307986754326 0.000253019506344 0.012422361365071 0.000328507879582 0.045959206923601 0.034035659108879 0.074374077508291 0.027279811464386 0.736940304327940 0.278823534830450 0.440227721516298 0.074374077508291 0.651152550000000 0.177399733793569
0.743083003952569 0.541666666666667 0.000000000000000 0.000000000000000 0.000000000000000 0.000000000000000 0.000000000000000 0.000000000000000 0.000000000011469 0.000000000000000 0.000000000000000 0.000000000000000 0.000000000000000 0.833955226042131 0.131764710989619 0.578747642666052 0.000000000000000 0.000000000000000 0.511054416358307
0.525691699604743 0.570833333333333 0.000000000000000 0.000000000000000 0.000000000000000 0.003802282174240 0.000173570047707 0.001242235957625 0.000098160513317 0.000258197787241 0.000000000000000 0.000736377012251 0.000000000000000 0.832089554464246 0.134117652128720 0.576850109492599 0.000736377012251 0.111111110000000 0.159448519391460
0.652173913043478 0.104166666666667 0.000000000000000 0.000000000000000 0.000000000000000 0.000000000000000 0.000000000000000 0.000000000000000 0.000000000011469 0.000000000000000 0.000000000000000 0.000000000000000 0.000000000000000 0.833955226042131 0.131764710989619 0.578747642666052 0.000000000000000 0.000000000000000 0.511054416358307
0.948616600790514 0.558333333333333 0.000000000000000 0.000000000000000 0.000000000000000 0.000000000000000 0.000000000000000 0.000000000000000 0.000000000011469 0.000000000000000 0.000000000000000 0.000000000000000 0.000000000000000 0.833955226042131 0.131764710989619 0.578747642666052 0.000000000000000 0.000000000000000 0.511054416358307
0.798418972332016 0.208333333333333 0.000000000000000 0.000000000000000 0.000000000000000 0.005703425143489 0.000281215716074 0.016149064587015 0.000319587552433 0.048799381837316 0.032414912985534 0.081737846968057 0.029618082241057 0.705223888679271 0.301176474698962 0.436432658926507 0.081737846968057 0.666259650000000 0.163845533789893
0.913043478260870 0.575000000000000 0.000000000000000 0.000000000000000 0.000000000000000 0.000000000000000 0.000000000000000 0.000000000000000 0.000000000011469 0.000000000000000 0.000000000000000 0.000000000000000 0.000000000000000 0.833955226042131 0.131764710989619 0.578747642666052 0.000000000000000 0.000000000000000 0.511054416358307
0.715415019762846 0.587500000000000 0.000000000000000 0.000000000000000 0.000000000000000 0.026615973166448 0.000989501384667 0.018633538469967 0.000786510026542 0.005422153692398 0.002431118382748 0.011045654852388 0.002338269654302 0.811567165764229 0.160000005294118 0.555977243218389 0.011045654852388 0.705555560000000 0.159448519391460
0.849802371541502 0.583333333333333 0.000000000000000 0.000000000000000 0.000000000000000 0.005703422405847 0.000281215615239 0.002484472317735 0.000124164322513 0.000774593354751 0.000000000000000 0.002209131103026 0.000000000000000 0.828358211140566 0.138823534830450 0.573055042974914 0.002209131103026 0.222222220000000 0.159448519391460
0.865612648221344 0.575000000000000 0.000000000000000 0.000000000000000 0.000000000000000 0.003802282174240 0.000173570047707 0.002484472317735 0.000124164322513 0.000258197787241 0.000000000000000 0.000736377012251 0.000000000000000 0.832089554464246 0.134117652128720 0.576850109492599 0.000736377012251 0.111111110000000 0.159448519391460
0.640316205533597 0.587500000000000 0.000000000000000 0.000000000000000 0.000000000000000 0.000000000000000 0.000000000000000 0.000000000000000 0.000000000011469 0.000000000000000 0.000000000000000 0.000000000000000 0.000000000000000 0.833955226042131 0.131764710989619 0.578747642666052 0.000000000000000 0.000000000000000 0.511054416358307
0.513833992094862 0.554166666666667 0.000000000000000 0.000000000000000 0.000000000000000 0.000000000000000 0.000000000000000 0.000000000000000 0.000000000011469 0.000000000000000 0.000000000000000 0.000000000000000 0.000000000000000 0.833955226042131 0.131764710989619 0.578747642666052 0.000000000000000 0.000000000000000 0.511054416358307
0.707509881422925 0.541666666666667 0.000000000000000 0.000000000000000 0.000000000000000 0.001901141018679 0.000137219174314 0.001242235957625 0.000098160513317 0.000258197787241 0.000000000000000 0.000736377012251 0.000000000000000 0.832089554464246 0.134117652128720 0.576850109492599 0.000736377012251 0.111111110000000 0.159448519391460
0.885375494071146 0.195833333333333 0.000000000000000 0.000000000000000 0.000000000000000 0.011406850286979 0.000425158048898 0.009937888823734 0.000248328633557 0.058094499863501 0.040518637038239 0.093519880754640 0.037412314889717 0.694029861898530 0.315294128733564 0.425047454079336 0.093519880754640 0.622222240000000 0.163785097190865
0.667984189723320 0.595833333333333 0.000000000000000 0.000000000000000 0.000000000000000 0.003802281489829 0.000173570047707 0.001242235957625 0.000098160513317 0.000516395581453 0.000000000000000 0.001472754024501 0.000000000000000 0.830223882886361 0.136470593373702 0.574952576319146 0.001472754024501 0.222222220000000 0.159448519391460
0.936758893280632 0.208333333333333 0.000000000000000 0.000000000000000 0.000000000000000 0.022813685859128 0.000475341084727 0.016149064587015 0.000353922687262 0.061192877186456 0.042949758046594 0.094992633321115 0.042868275358744 0.688432835914875 0.308235291128028 0.442125252811194 0.094992633321115 0.588822700000000 0.154841588539072
0.743083003952569 0.212500000000000 0.000000000000000 0.000000000000000 0.000000000000000 0.013307986754326 0.000253019506344 0.009937887034914 0.000248328546997 0.053188744018241 0.036466775011886 0.086892487578111 0.033515197162426 0.701492540822009 0.305882362906574 0.432637596336717 0.086892487578111 0.635938100000000 0.164055467031793
0.952569169960474 0.191666666666667 0.000000000000000 0.000000000000000 0.500000000000000 0.083650178403620 0.002373533958833 0.207453408232708 0.001990988659741 0.107152079230119 0.082658020929157 0.138438887051260 0.097427901093440 0.630597023884774 0.307058821723183 0.502846310604582 0.138438887051260 0.466307670000000 0.113077178963934
0.889328063241107 0.554166666666667 0.000000000000000 0.000000000000000 0.000000000000000 0.000000000000000 0.000000000000000 0.000000000000000 0.000000000011469 0.000000000000000 0.000000000000000 0.000000000000000 0.000000000000000 0.833955226042131 0.131764710989619 0.578747642666052 0.000000000000000 0.000000000000000 0.511054416358307
0.782608695652174 0.554166666666667 0.000000000000000 0.000000000000000 0.000000000000000 0.011406844811693 0.000520710012036 0.007453415835192 0.000263392241825 0.003098373488718 0.000810372769938 0.007363770785245 0.000779423194718 0.817164181673257 0.152941181453287 0.561669843934195 0.007363770785245 0.740740700000000 0.159448519391460
0.667984189723320 0.212500000000000 0.000000000000000 0.000000000000000 0.000000000000000 0.000000000000000 0.000000000000000 0.000000000000000 0.000000000011469 0.000000000000000 0.000000000000000 0.000000000000000 0.000000000000000 0.833955226042131 0.131764710989619 0.578747642666052 0.000000000000000 0.000000000000000 0.511054416358307
0.482213438735178 0.587500000000000 0.000000000000000 0.000000000000000 0.000000000000000 0.000000000000000 0.000000000000000 0.000000000000000 0.000000000011469 0.000000000000000 0.000000000000000 0.000000000000000 0.000000000000000 0.833955226042131 0.131764710989619 0.578747642666052 0.000000000000000 0.000000000000000 0.511054416358307
0.632411067193676 0.595833333333333 0.000000000000000 0.000000000000000 0.000000000000000 0.000000000000000 0.000000000000000 0.000000000000000 0.000000000011469 0.000000000000000 0.000000000000000 0.000000000000000 0.000000000000000 0.833955226042131 0.131764710989619 0.578747642666052 0.000000000000000 0.000000000000000 0.511054416358307
0.632411067193676 0.566666666666667 0.000000000000000 0.000000000000000 0.000000000000000 0.000000000000000 0.000000000000000 0.000000000000000 0.000000000011469 0.000000000000000 0.000000000000000 0.000000000000000 0.000000000000000 0.833955226042131 0.131764710989619 0.578747642666052 0.000000000000000 0.000000000000000 0.511054416358307
0.964426877470356 0.537500000000000 0.000000000000000 0.000000000000000 0.000000000000000 0.005703422063641 0.000281215595072 0.013664595176112 0.000535852102005 0.002840175610850 0.001620745539876 0.005154639284576 0.001558846389436 0.824626867313154 0.143529417743945 0.569259975944896 0.005154639284576 0.240740750000000 0.159448519391460
0.857707509881423 0.220833333333333 0.000000000000000 0.000000000000000 0.000000000000000 0.051330814314217 0.001139827999561 0.040993787764361 0.001416371534176 0.055770722099790 0.044570501981933 0.083210599534532 0.037412314889717 0.738805977417019 0.276470596020761 0.442125252811194 0.083210599534532 0.579142300000000 0.181129981413228
0.683794466403162 0.558333333333333 0.000000000000000 0.000000000000000 0.000000000000000 0.000000000000000 0.000000000000000 0.000000000000000 0.000000000011469 0.000000000000000 0.000000000000000 0.000000000000000 0.000000000000000 0.833955226042131 0.131764710989619 0.578747642666052 0.000000000000000 0.000000000000000 0.511054416358307
0.841897233201581 0.550000000000000 0.000000000000000 0.000000000000000 0.000000000000000 0.003802282174240 0.000173570047707 0.009937887034914 0.000124164344153 0.004647560407361 0.001620745539876 0.011782032461104 0.000000000000000 0.811567165764229 0.167058828076125 0.544592045202338 0.011782032461104 0.888888900000000 0.177488306987033
0.731225296442688 0.004166666666667 0.000000000000000 0.000000000000000 0.000000000000000 0.015209122195058 0.000274438267960 0.052173909057521 0.001418410515971 0.043635424279951 0.028363046583169 0.075110453791528 0.024941542792158 0.714552245729143 0.292941178276817 0.440227721516298 0.075110453791528 0.687301600000000 0.165562218597332
0.739130434782609 0.320833333333333 0.000000000000000 0.000000000000000 0.000000000000000 0.022813690307797 0.000475341084727 0.007453413822769 0.000215058909454 0.051123163086698 0.037277146979555 0.081001470684820 0.032735776843779 0.722014933048145 0.287058831252595 0.442125252811194 0.081001470684820 0.617909850000000 0.169290737058740
0.719367588932806 0.333333333333333 0.000000000000000 0.000000000000000 0.000000000000000 0.091254768075294 0.000901896344769 0.011180120175148 0.000395088320937 0.100697140997588 0.080226905026150 0.139175256707104 0.079501164317968 0.660447773160782 0.339999996823529 0.419354860194650 0.139175256707104 0.476782830000000 0.153728950750971
0.608695652173913 0.237500000000000 0.000000000000000 0.000000000000000 0.000000000000000 0.117870736108662 0.003818540626049 0.003726707917596 0.000201169149360 0.016008263547894 0.015397083431095 0.019145801920870 0.013250193819168 0.824626867313154 0.150588240525952 0.557874777928844 0.019145801920870 0.115740740000000 0.198604905051165
0.628458498023715 0.125000000000000 0.000000000000000 0.000000000000000 0.000000000000000 0.028517110318206 0.000816425106159 0.004968944411867 0.000124164300873 0.004905757936662 0.004051864214359 0.008100147068482 0.002338269654302 0.826492539562681 0.148235299598616 0.559772309223740 0.008100147068482 0.537037000000000 0.201296616868308
0.743083003952569 0.545833333333333 0.000000000000000 0.000000000000000 0.000000000000000 0.000000000000000 0.000000000000000 0.000000000000000 0.000000000011469 0.000000000000000 0.000000000000000 0.000000000000000 0.000000000000000 0.833955226042131 0.131764710989619 0.578747642666052 0.000000000000000 0.000000000000000 0.511054416358307
0.521739130434783 0.541666666666667 0.000000000000000 0.000000000000000 0.000000000000000 0.003802281489829 0.000173570047707 0.002484472317735 0.000124164315300 0.000516395581453 0.000000000000000 0.001472754024501 0.000000000000000 0.830223882886361 0.136470593373702 0.574952576319146 0.001472754024501 0.222222220000000 0.159448519391460
0.679841897233202 0.587500000000000 0.000000000000000 0.000000000000000 0.000000000000000 0.000000000000000 0.000000000000000 0.000000000000000 0.000000000011469 0.000000000000000 0.000000000000000 0.000000000000000 0.000000000000000 0.833955226042131 0.131764710989619 0.578747642666052 0.000000000000000 0.000000000000000 0.511054416358307
0.743083003952569 0.554166666666667 0.000000000000000 0.000000000000000 0.000000000000000 0.000000000000000 0.000000000000000 0.000000000000000 0.000000000011469 0.000000000000000 0.000000000000000 0.000000000000000 0.000000000000000 0.833955226042131 0.131764710989619 0.578747642666052 0.000000000000000 0.000000000000000 0.511054416358307
0.778656126482213 0.570833333333333 0.000000000000000 0.333333323333334 0.000000000000000 0.057034220636412 0.000850315916292 0.024844716469272 0.000707845572241 0.012393493954872 0.008103728428717 0.021354934084279 0.007014808822609 0.800373137304383 0.177647065425605 0.538899446194312 0.021354934084279 0.612962960000000 0.167715725712189
0.928853754940711 0.112500000000000 0.000000000000000 0.333333323333334 0.000000000000000 0.045627380615594 0.001503160473780 0.065838510941707 0.001654812158522 0.100697140997588 0.073743921991442 0.145802649883633 0.078721741894879 0.615671649246770 0.371764702519031 0.413662249232165 0.145802649883633 0.547232450000000 0.142878415580689
0.679841897233202 0.233333333333333 0.000000000000000 0.000000000000000 0.000000000000000 0.038022818320346 0.001251631309856 0.004968944411867 0.000248328633557 0.005163955465963 0.005672609608368 0.007363770785245 0.002338269654302 0.835820897620016 0.143529417743945 0.557874777928844 0.007363770785245 0.231481480000000 0.257105786963842
0.826086956521739 0.591666666666667 0.000000000000000 0.000000000000000 0.000000000000000 0.000000000000000 0.000000000000000 0.000000000000000 0.000000000011469 0.000000000000000 0.000000000000000 0.000000000000000 0.000000000000000 0.833955226042131 0.131764710989619 0.578747642666052 0.000000000000000 0.000000000000000 0.511054416358307
0.189723320158103 0.129166666666667 0.000000000000000 0.000000000000000 0.000000000000000 0.089353601836082 0.000936715442610 0.029813677651324 0.000645177073302 0.410534489869388 0.369529996511588 0.494109009616281 0.360872932630618 0.419776142803937 0.629411766885813 0.197343459602706 0.494109009616281 0.322930700000000 0.154187127323378
0.739130434782609 0.258333333333333 0.000000000000000 0.000000000000000 0.000000000000000 0.036121665769347 0.000936715402275 0.050931692240268 0.001437976142952 0.280144591174116 0.260129671475929 0.329896919514750 0.246297724199603 0.606343300592420 0.436470604491349 0.318785599098402 0.329896919514750 0.297095900000000 0.166068240810636
0.545454545454545 0.350000000000000 0.000000000000000 0.000000000000000 0.000000000000000 0.123574135586751 0.002545775090994 0.157763959641990 0.004129512684169 0.326620202219061 0.312803900427908 0.373343140107930 0.289945450040672 0.634328363346514 0.432941185688581 0.296015206481858 0.373343140107930 0.264571400000000 0.180197343962564
0.359683794466403 0.245833333333333 0.000000000000000 0.333333323333334 0.000000000000000 0.038022801210079 0.001372190432284 0.017391279168244 0.000472803173945 0.426026341627462 0.389789295703317 0.510309274592715 0.371005452190009 0.447761205558031 0.636470604491349 0.157495285332104 0.510309274592715 0.314364730000000 0.163404296253158
0.664031620553360 0.441666666666667 0.000000000000000 0.000000000000000 0.000000000000000 0.041825089201810 0.000625815150752 0.024844716469272 0.000933299403839 0.217918937813135 0.200162080228218 0.258468333884622 0.191738112494525 0.641791042269993 0.377647049543253 0.377609120473555 0.258468333884622 0.307149950000000 0.160368666611658
0.245059288537549 0.033333333333333 0.000000000000000 0.000000000000000 0.000000000000000 0.083650202357993 0.001196247140317 0.032298140354153 0.000639174458628 0.315001292486485 0.277147490090336 0.389543458103509 0.272018713265200 0.472014945641429 0.563529437861592 0.250474421248771 0.389543458103509 0.355226670000000 0.152853996676491
0.268774703557312 0.237500000000000 0.000000000000000 0.000000000000000 0.000000000000000 0.028517067884744 0.000870016831391 0.017391294820416 0.000421061112969 0.392460627961600 0.358995124465114 0.470544915533543 0.341387372053394 0.477611971625083 0.598823520006920 0.187855786050431 0.470544915533543 0.316026360000000 0.163621078976281
0.592885375494071 0.325000000000000 0.000000000000000 0.000000000000000 0.000000000000000 0.287072259155114 0.004615541064883 0.016149063021797 0.000281089366000 0.221017301193410 0.199351708260549 0.271723120237680 0.187841000379080 0.613805979515900 0.427058838664360 0.326375724277983 0.271723120237680 0.351272520000000 0.167482171832835
0.667984189723320 0.616666666666667 0.000000000000000 0.333333323333334 0.000000000000000 0.077946768659371 0.001432610305506 0.036024839998457 0.000852358816280 0.143041570659692 0.148298223243908 0.148011785360738 0.132501952221295 0.824626867313154 0.189411772179931 0.495256180301661 0.148011785360738 0.151279820000000 0.243004803618406
0.707509881422925 0.437500000000000 0.000000000000000 0.000000000000000 0.000000000000000 0.100760500031808 0.001624758600829 0.029813655291077 0.000588963101903 0.231345209336800 0.212317659743255 0.276141391191890 0.201870618024299 0.628731354153904 0.401176479993080 0.352941196562116 0.276141391191890 0.309460520000000 0.163860760455259
0.225296442687747 0.408333333333333 0.000000000000000 0.000000000000000 0.000000000000000 0.039923953761078 0.000628817414298 0.023602477291772 0.000353922795462 0.291505310348732 0.263371144759896 0.355670109310235 0.250194857359474 0.546641818831448 0.508235312304498 0.263757123235240 0.355670109310235 0.334961700000000 0.163771616471693
0.750988142292490 0.375000000000000 0.000000000000000 0.000000000000000 0.000000000000000 0.038022845696773 0.000785871775698 0.024844723177346 0.000855743365924 0.313968509340620 0.284440845092714 0.378497780717984 0.273577544081760 0.529850774462575 0.515294096968858 0.269449751275524 0.378497780717984 0.322732990000000 0.159464048239822
0.090909090909091 0.016666666666667 0.000000000000000 0.000000000000000 0.000000000000000 0.028517154804900 0.000696986261423 0.024844709761198 0.000392641066706 0.488510185546404 0.444894655145013 0.579528684981379 0.433359316185212 0.376865705411839 0.683529401861592 0.153700188586716 0.579528684981379 0.302270230000000 0.154313725210397
0.596837944664032 0.362500000000000 0.000000000000000 0.000000000000000 0.000000000000000 0.239543784163428 0.003919763311843 0.023602490707920 0.000557012227609 0.200619689407272 0.181523510385118 0.245949917187409 0.170693686026697 0.638059702808253 0.396470591785467 0.351043665267221 0.245949917187409 0.346398030000000 0.168086722490498
0.169960474308300 0.162500000000000 0.000000000000000 0.000000000000000 0.000000000000000 0.039923977715452 0.000968342757380 0.023602522012266 0.000281089091895 0.453911737534059 0.418152343745157 0.532400602854193 0.404520651456878 0.442164179574376 0.615294134027682 0.197343459602706 0.532400602854193 0.290165160000000 0.157200731182121
0.411067193675889 0.241666666666667 0.000000000000000 0.000000000000000 0.000000000000000 0.085551375441312 0.001543944531028 0.040993772112188 0.001061768312954 0.415182052368150 0.389789295703317 0.485272441198288 0.364770058775680 0.526119401418746 0.565882355494810 0.191650882795819 0.485272441198288 0.289652530000000 0.171457557013327
0.102766798418972 0.191666666666667 0.000000000000000 0.333333323333334 0.000000000000000 0.024714842858796 0.000330464807349 0.016149075767138 0.000281087000040 0.490575793666175 0.437601300142636 0.597201788680399 0.427903338179163 0.311567197667214 0.758823507301038 0.098671763956951 0.597201788680399 0.335386630000000 0.153672492894712
0.201581027667984 0.091666666666667 0.000000000000000 0.000000000000000 0.000000000000000 0.475285194783791 0.013132956895828 0.006211184707380 0.000180999300813 0.249677268773889 0.228525128270058 0.301914587614767 0.214341376793722 0.608208953532245 0.441176460934256 0.309297925546126 0.301914587614767 0.337270080000000 0.170187230065596
0.173913043478261 0.233333333333333 0.000000000000000 0.000000000000000 0.000000000000000 0.022813710840117 0.000300631005737 0.023602448223450 0.000466649101738 0.451329727384345 0.416531599809818 0.533136932745678 0.397505842634268 0.449626858497856 0.630588225702422 0.165085427589484 0.533136932745678 0.298145350000000 0.162425508743959
0.280632411067194 0.087500000000000 0.000000000000000 0.333333323333334 0.500000000000000 0.134981002983996 0.002725796455929 0.050931678824119 0.001421803433036 0.392977029991542 0.354132914539165 0.482326962574912 0.335151992668683 0.440298509843506 0.652941154982699 0.138519921149754 0.482326962574912 0.344409300000000 0.165120863544988
0.557312252964427 0.450000000000000 0.000000000000000 0.000000000000000 0.000000000000000 0.180608380177537 0.000861317234812 0.023602477291772 0.000441176392947 0.318099676780780 0.296596446487816 0.371134017885611 0.282151183720930 0.583955230239892 0.461176461993080 0.301707817444343 0.371134017885611 0.280770300000000 0.164544818816532
0.960474308300395 0.512500000000000 0.000000000000000 0.333333323333334 0.000000000000000 0.072243399979762 0.001138175716010 0.022360260474518 0.000526784270209 0.311644738548249 0.270664499762273 0.385861543550357 0.272018713265200 0.451492528228726 0.561176488463668 0.275142311004613 0.385861543550357 0.361284380000000 0.145858007064535
0.462450592885375 0.416666666666667 0.000000000000000 0.000000000000000 0.000000000000000 0.041825113156183 0.001055784787294 0.012422354656997 0.000196320885326 0.434030485949821 0.411669360710449 0.499263636971549 0.385814485243508 0.541044776056750 0.547058802664360 0.206831116077183 0.499263636971549 0.269217600000000 0.172924067876680
0.304347826086957 0.308333333333333 0.000000000000000 0.000000000000000 0.000000000000000 0.188212918518411 0.002123131929386 0.145341594699280 0.003316895161587 0.340821087244650 0.309562390677167 0.407952878439228 0.299298519117739 0.509328357049872 0.534117649799308 0.259962077723248 0.407952878439228 0.315227870000000 0.158950253208365
0.003952569169960 0.350000000000000 0.000000000000000 0.333333323333334 0.000000000000000 0.070342240584656 0.001351451379747 0.019875812529453 0.000657015913601 0.387813079405518 0.346029165689053 0.474963199742539 0.335151992668683 0.421641812534807 0.641176460934256 0.176470615358857 0.474963199742539 0.337755800000000 0.157188358467264
0.446640316205534 0.558333333333333 0.000000000000000 0.333333323333334 0.000000000000000 0.074144466979426 0.001323293789850 0.022360232300607 0.000504357778724 0.426026341627462 0.382495940700940 0.508836535281027 0.379579091829179 0.397388072451409 0.629411766885813 0.220113869297048 0.508836535281027 0.317139980000000 0.147402145381750
0.553359683794466 0.025000000000000 0.000000000000000 0.333333323333334 1.000000000000000 0.127376444110802 0.004486457748490 0.111801235291849 0.001672765758576 0.310870145960345 0.294165337878163 0.357879231532554 0.276695226759307 0.619402988708510 0.430588225702422 0.314990519430812 0.357879231532554 0.268185940000000 0.170251091405236
0.083003952569170 0.475000000000000 0.000000000000000 0.000000000000000 0.000000000000000 0.077946778925531 0.001821451734686 0.054658387412523 0.000969754237222 0.405886906456604 0.366288479467492 0.488954355751441 0.355416989698613 0.430970161189157 0.625882369259515 0.191650882795819 0.488954355751441 0.323908480000000 0.156371591407292
0.901185770750988 0.379166666666667 0.000000000000000 0.000000000000000 0.000000000000000 0.030418244390117 0.000726095532764 0.177639730581383 0.003913885688794 0.298218460053244 0.269854135087959 0.360824730038109 0.258768511028262 0.542910445787620 0.502352944103806 0.277039876455105 0.360824730038109 0.318271160000000 0.160424906224642
0.905138339920949 0.441666666666667 0.000000000000000 0.000000000000000 0.000000000000000 0.112167333208520 0.000936715442610 0.032298109049807 0.000620821703741 0.272140467765777 0.244732589503506 0.329896919514750 0.236944669152154 0.557835820425624 0.472941156041523 0.309297925546126 0.329896919514750 0.335025880000000 0.157460893952991
0.312252964426877 0.275000000000000 0.000000000000000 0.000000000000000 0.000000000000000 0.047528488679899 0.001071715418409 0.014906832117588 0.000402338720048 0.412083661102515 0.372771469795555 0.490427095063129 0.366328889592240 0.430970161189157 0.604705898795848 0.225806480259533 0.490427095063129 0.310689870000000 0.151280630548468
0.976284584980237 0.383333333333333 0.000000000000000 0.000000000000000 0.000000000000000 0.032319357245296 0.000578928927809 0.024844723177346 0.000674384998808 0.248386274156043 0.224473268431712 0.299705432255483 0.216679658092606 0.589552256223546 0.436470604491349 0.335863397830259 0.299705432255483 0.323914650000000 0.158069960567637
0.897233201581028 0.045833333333333 0.000000000000000 0.000000000000000 0.000000000000000 0.038022801210079 0.000867849986448 0.031055894468578 0.000703750029855 0.346243242331317 0.311993535753594 0.416789400465468 0.303975039626655 0.486940320279433 0.551764722636678 0.254269466760763 0.416789400465468 0.319473900000000 0.154556210276052
0.897233201581028 0.129166666666667 0.000000000000000 0.333333323333334 0.000000000000000 0.070342223474390 0.001568145150882 0.096894418826434 0.001609353980191 0.310611948431044 0.288492719517769 0.358615601188398 0.280592352904369 0.582089560509022 0.435294113910035 0.345351054304736 0.358615601188398 0.271572170000000 0.155128007654631
0.426877470355731 0.416666666666667 0.000000000000000 0.000000000000000 0.000000000000000 0.049429668607325 0.001097754463364 0.033540384003703 0.001061768745752 0.402788563990351 0.374392213730893 0.474963199742539 0.353078701384920 0.509328357049872 0.572941193100346 0.197343459602706 0.474963199742539 0.298892320000000 0.167713257884395
0.071146245059289 0.212500000000000 0.000000000000000 0.000000000000000 0.000000000000000 0.384030426708497 0.000893499203000 0.014906832117588 0.000263390755887 0.437903455860680 0.392220440779744 0.530191454122302 0.383476224989050 0.378731375142709 0.677647076013841 0.161290330844096 0.530191454122302 0.329364450000000 0.154107988954540
0.304347826086957 0.487500000000000 0.000000000000000 0.000000000000000 0.000000000000000 0.039923977715452 0.000895611536501 0.031055878816405 0.000810641740711 0.348050618065085 0.311183156492570 0.425625902609529 0.300857363963917 0.468283572597600 0.585882367141868 0.218216355079952 0.425625902609529 0.340236750000000 0.158097711039358
0.667984189723320 0.458333333333333 0.000000000000000 0.000000000000000 0.000000000000000 0.074144501199960 0.001850170875119 0.060869563175804 0.001388893212289 0.225664863692172 0.209076171872578 0.268777621732124 0.195635231624778 0.647388068253648 0.391764703577855 0.349146116894527 0.268777621732124 0.313427100000000 0.171221367426738
0.225296442687747 0.154166666666667 0.000000000000000 0.000000000000000 0.000000000000000 0.077946778925531 0.000253020413859 0.006211169949617 0.000180999207041 0.284792160644219 0.258508934833946 0.347569943685052 0.243180048536865 0.561567193469452 0.500000026470588 0.261859609018143 0.347569943685052 0.339116720000000 0.167114499067472
0.703557312252964 0.508333333333333 0.000000000000000 0.000000000000000 0.000000000000000 0.081749042962888 0.002399570785417 0.019875784355541 0.000541219514017 0.256390418478402 0.233387360076073 0.307069208342642 0.224473882323495 0.593283595685286 0.435294113910035 0.333965866535363 0.307069208342642 0.313397500000000 0.159922476631392
0.403162055335968 0.225000000000000 0.000000000000000 0.000000000000000 0.000000000000000 0.043726245174862 0.001092594127527 0.027329172464027 0.000657015488017 0.419313205865630 0.392220440779744 0.489690692270319 0.370226036781729 0.513059730093701 0.568235273128028 0.201138556348094 0.489690692270319 0.287045400000000 0.168261283534023
0.446640316205534 0.491666666666667 0.000000000000000 0.333333323333334 0.000000000000000 0.070342223474390 0.001152965801582 0.017391264857685 0.000639174927492 0.435063262124346 0.395461899477001 0.516936667769244 0.385814485243508 0.421641812534807 0.627058849252595 0.199241025053199 0.516936667769244 0.305979520000000 0.153976673655208
0.039525691699605 0.212500000000000 0.000000000000000 0.000000000000000 0.000000000000000 0.030418309409131 0.000506039718533 0.016149105729869 0.000281088659097 0.465530626352614 0.418962715712826 0.561119311037413 0.408417742527896 0.363805983713661 0.700000015882353 0.140417486600247 0.561119311037413 0.322760300000000 0.154401425430764
0.158102766798419 0.375000000000000 0.000000000000000 0.000000000000000 0.000000000000000 0.058935335544824 0.000936714998935 0.045962699753870 0.001121780970842 0.448747752091332 0.414910870461190 0.526509539569149 0.398285272072166 0.457089554212380 0.610588214055363 0.189753317345326 0.526509539569149 0.289361540000000 0.160258604849651
0.474308300395257 0.379166666666667 0.000000000000000 0.333333323333334 0.000000000000000 0.100760428168687 0.001870413113239 0.027329185880175 0.000620821141104 0.360185922856264 0.343598049786046 0.413107499167102 0.319563523162478 0.604477614070506 0.470588238408304 0.265654654530135 0.413107499167102 0.269400000000000 0.176155025248648
0.865612648221344 0.416666666666667 0.000000000000000 0.000000000000000 0.000000000000000 0.087452456129190 0.001669342627907 0.050931665407971 0.001152289236843 0.206300028080559 0.185575370223463 0.253313680019781 0.176149635973511 0.624999997901119 0.405882368200692 0.349146116894527 0.253313680019781 0.349325120000000 0.164429871762770
0.861660079051383 0.504166666666667 0.000000000000000 0.000000000000000 0.000000000000000 0.049429668607325 0.000660935271545 0.024844709761198 0.000541220523878 0.245546080419708 0.215559154907286 0.302650963898005 0.213561961385442 0.548507471771274 0.463529421979239 0.333965866535363 0.302650963898005 0.354746250000000 0.150622492773000
0.948616600790514 0.245833333333333 0.000000000000000 0.000000000000000 0.000000000000000 0.036121686301667 0.000718274512200 0.091925450936307 0.001986628295695 0.278595412969649 0.265802260662903 0.320323994695700 0.246297724199603 0.656716433699042 0.397647050602076 0.330170803945573 0.320323994695700 0.274051160000000 0.176905144170248
0.731225296442688 0.362500000000000 0.000000000000000 0.000000000000000 0.000000000000000 0.043726255441022 0.001191518277769 0.132919236464644 0.002221552294985 0.236767371394806 0.226094005073695 0.271723120237680 0.209664849269997 0.684701496453135 0.355294109674741 0.370018995293973 0.271723120237680 0.265697800000000 0.181958735065340
0.822134387351779 0.245833333333333 0.000000000000000 0.000000000000000 0.500000000000000 0.076045657173012 0.001836892105662 0.196273284703523 0.002497216689846 0.256132200035080 0.245542961471175 0.294550798272822 0.225253297731776 0.679104487260526 0.376470580138408 0.341555991714945 0.294550798272822 0.273358050000000 0.181913021493353
0.209486166007905 0.508333333333333 0.000000000000000 0.000000000000000 0.000000000000000 0.150190134418599 0.001719349968701 0.028571416113577 0.000879070869954 0.149496522834904 0.145056735373231 0.170839476650667 0.130943107375117 0.755597021785893 0.269411769003460 0.436432658926507 0.170839476650667 0.270270620000000 0.191443789220310
0.355731225296443 0.220833333333333 0.000000000000000 0.000000000000000 0.000000000000000 0.032319400363169 0.000718273191261 0.023602490707920 0.000735876526216 0.432223096273373 0.391410061518720 0.517673070562054 0.380358507237459 0.414179116820283 0.643529399743945 0.180265660870849 0.517673070562054 0.314259920000000 0.155471186809444
0.083003952569170 0.316666666666667 0.000000000000000 0.000000000000000 0.000000000000000 0.064638820574247 0.001269556257099 0.026086953410748 0.000449828760653 0.446423995241642 0.406807150784499 0.532400602854193 0.392829294066117 0.417910439490978 0.649411778532872 0.166982958884380 0.532400602854193 0.309699770000000 0.157655936288409
0.339920948616601 0.562500000000000 0.000000000000000 0.000000000000000 0.000000000000000 0.032319377777617 0.000616723356146 0.114285704702751 0.003399246020242 0.300800421403576 0.269043770413645 0.370397648229767 0.257209666182084 0.518656705704222 0.536470567432526 0.246679324503383 0.370397648229767 0.347453740000000 0.161555876447782
0.209486166007905 0.479166666666667 0.000000000000000 0.333333323333334 0.000000000000000 0.095057025268545 0.002719571100022 0.075776386349293 0.001640777829590 0.162406413242646 0.153160455049923 0.191458032463490 0.140296176452185 0.718283585190883 0.309411781709342 0.409867186642374 0.191458032463490 0.305785500000000 0.180543393855831
0.146245059288538 0.345833333333333 0.000000000000000 0.333333323333334 0.000000000000000 0.047528577653287 0.001050420462099 0.019875756628835 0.000562177378859 0.474825758321480 0.445705019819328 0.547864524684355 0.424785655501616 0.481343294295778 0.594117663564014 0.191650882795819 0.547864524684355 0.267258350000000 0.163789663511680
0.577075098814229 0.095833333333333 0.000000000000000 0.000000000000000 0.000000000000000 0.157794679603580 0.004189568329074 0.017391321652713 0.000562176801795 0.331784166747767 0.299837919771782 0.397643590591726 0.292283710295130 0.507462687319002 0.525882332200692 0.275142311004613 0.397643590591726 0.317542200000000 0.154667396830319
0.438735177865613 0.112500000000000 0.000000000000000 0.000000000000000 0.000000000000000 0.378326958789340 0.011166808037443 0.024844738829519 0.000770418898980 0.450555141767781 0.424635319486510 0.519882146392620 0.401402933705287 0.511194060362831 0.570588222525952 0.199241025053199 0.519882146392620 0.271659230000000 0.168777815000381
0.592885375494071 0.375000000000000 0.000000000000000 0.000000000000000 0.000000000000000 0.328897348356923 0.006591377552337 0.011180123529185 0.000252179270188 0.217402528811852 0.198541321706170 0.261413832390178 0.188620422802169 0.634328363346514 0.394117663564014 0.358633790446802 0.261413832390178 0.327287640000000 0.165493052267334
0.664031620553360 0.500000000000000 0.000000000000000 0.000000000000000 0.000000000000000 0.081749042962888 0.001882455140491 0.206211162347133 0.001525760415258 0.248902676185985 0.223662881877333 0.303387346808635 0.215120799216811 0.580223890778152 0.451764696166090 0.320683130393297 0.303387346808635 0.338618810000000 0.160323120919113
0.272727272727273 0.112500000000000 0.000000000000000 0.000000000000000 0.000000000000000 0.041825113156183 0.000274438993972 0.022360260474518 0.000548294269421 0.404337735223477 0.364667750118863 0.492636243795020 0.348402180876004 0.430970161189157 0.650588237349481 0.151802674369619 0.492636243795020 0.336015430000000 0.162116392327876
0.181818181818182 0.354166666666667 0.000000000000000 0.000000000000000 0.000000000000000 0.032319400363169 0.000578928252214 0.018633538469967 0.000542996819148 0.431706701214770 0.397082650705694 0.510309274592715 0.381137936675357 0.457089554212380 0.610588214055363 0.189753317345326 0.510309274592715 0.297220860000000 0.160336618426229
0.426877470355731 0.370833333333333 0.000000000000000 0.000000000000000 0.000000000000000 0.032319377777617 0.000494752401488 0.009937892401373 0.000291191353320 0.398399185078209 0.376012979546296 0.461708413389481 0.352299271947022 0.552238794441970 0.529411782768166 0.223908914809041 0.461708413389481 0.278962880000000 0.171256185622956
0.533596837944664 0.141666666666667 0.000000000000000 0.000000000000000 0.000000000000000 0.041825089201810 0.001557302859360 0.045962724350141 0.001100974513040 0.369997428969711 0.350891404788423 0.422680423986153 0.332034274917092 0.583955230239892 0.471764697224914 0.284630018712486 0.422680423986153 0.259367320000000 0.167589043885449
0.363636363636364 0.233333333333333 0.000000000000000 0.000000000000000 0.000000000000000 0.058935315012504 0.001400710322608 0.033540357171406 0.000856868784042 0.423444366334450 0.386547815125995 0.502945478623376 0.374123127852747 0.444029882887335 0.612941163453287 0.199241025053199 0.502945478623376 0.303044000000000 0.156861698649519
0.205533596837945 0.129166666666667 0.000000000000000 0.000000000000000 0.000000000000000 0.112167292143879 0.000718273907190 0.013664592940087 0.000385209383092 0.197004917025714 0.178282015221086 0.240058893666724 0.169134827150902 0.641791042269993 0.384705897737024 0.366223915626384 0.240058893666724 0.337893370000000 0.165053913223620
0.750988142292490 0.400000000000000 0.000000000000000 0.000000000000000 0.000000000000000 0.070342199520016 0.001539058264927 0.231055878816405 0.002171988309750 0.203718045816206 0.196110220389872 0.237849784699192 0.174590805156951 0.716417915460013 0.343529415626298 0.356736259151907 0.237849784699192 0.311552260000000 0.195918028161944
0.150197628458498 0.025000000000000 0.000000000000000 0.000000000000000 0.000000000000000 0.038022801210079 0.001097753253343 0.019875812529453 0.000582382392213 0.496256181138844 0.461912473759420 0.578792355089894 0.441153540416102 0.438432856903681 0.644705869148789 0.153700188586716 0.578792355089894 0.284873900000000 0.162677512573960
0.071146245059289 0.379166666666667 0.000000000000000 0.000000000000000 0.000000000000000 0.133079891497638 0.001513147583024 0.026086953410748 0.000449827902271 0.406919710516490 0.369529996511588 0.486745180509977 0.357755249953071 0.445895552618205 0.610588214055363 0.201138556348094 0.486745180509977 0.317014000000000 0.158163872327349
0.359683794466403 0.325000000000000 0.000000000000000 0.000000000000000 0.000000000000000 0.068441046969017 0.001275473662685 0.027329172464027 0.000691316518392 0.410792680427349 0.371961105121241 0.493372573686505 0.360093510207529 0.434701483859852 0.624705899854671 0.189753317345326 0.493372573686505 0.317870680000000 0.157037502000913
0.308300395256917 0.070833333333333 0.000000000000000 0.000000000000000 0.000000000000000 0.146387812206334 0.003793310782577 0.018633538469967 0.000474837156927 0.435063262124346 0.389789295703317 0.524300463738583 0.383476224989050 0.382462681022360 0.662352931397924 0.182163226321342 0.524300463738583 0.324555780000000 0.151035711230908
0.454545454545455 0.475000000000000 0.000000000000000 0.000000000000000 0.000000000000000 0.096958177819544 0.000728683868324 0.045962708697968 0.000414139236116 0.424735360952296 0.383306334548674 0.506627360039563 0.377240845604338 0.412313463880457 0.624705899854671 0.212523727039668 0.506627360039563 0.317205700000000 0.150945408879194
0.426877470355731 0.270833333333333 0.000000000000000 0.000000000000000 0.000000000000000 0.051330821158323 0.000696986604262 0.008695647410208 0.000236401812712 0.360960522415508 0.347649931504456 0.407952878439228 0.323460621248305 0.626865684423034 0.442352951515571 0.288425064224478 0.407952878439228 0.250705480000000 0.176987371520814
0.122529644268775 0.320833333333333 0.000000000000000 0.000000000000000 0.000000000000000 0.028517067884744 0.000352522207917 0.024844738829519 0.000519415926529 0.468887187262190 0.422204225463568 0.563328420004945 0.413094305125665 0.361940330773835 0.695294095910035 0.149905160152523 0.563328420004945 0.320121620000000 0.153130897027703
0.442687747035573 0.466666666666667 0.000000000000000 0.333333323333334 0.000000000000000 0.049429648075004 0.000625815856598 0.043478250467189 0.001239313372235 0.413632846278322 0.378444095449304 0.488954355751441 0.367108319030138 0.458955223943250 0.590588223584775 0.220113869297048 0.488954355751441 0.299163640000000 0.156502889918680
0.462450592885375 0.041666666666667 0.000000000000000 0.000000000000000 0.000000000000000 0.165399282963468 0.004612278445172 0.028571431765750 0.000766658680988 0.459333836850003 0.432739053749911 0.525036800257461 0.414653135942225 0.503731364648306 0.555294120262976 0.231499057066421 0.525036800257461 0.257059700000000 0.163181688113405
0.936758893280632 0.258333333333333 0.000000000000000 0.000000000000000 0.000000000000000 0.077946710484463 0.001416750057274 0.033540370587555 0.000563889309906 0.303382410639269 0.282820115744085 0.351251838356025 0.272018713265200 0.595149265416156 0.432941185688581 0.335863397830259 0.351251838356025 0.274334280000000 0.159109503646803
0.699604743083004 0.058333333333333 0.000000000000000 0.000000000000000 0.000000000000000 0.024714801794155 0.000330468235741 0.034782614237105 0.000895360290965 0.312419331136153 0.288492719517769 0.364506624709082 0.279812937496089 0.569029855601888 0.455294114968858 0.326375724277983 0.364506624709082 0.284581700000000 0.155349709245398
0.893280632411067 0.137500000000000 0.000000000000000 0.333333323333334 0.000000000000000 0.019011400262834 0.000407058092297 0.036024804222062 0.000719992319204 0.333333351923574 0.312803900427908 0.384388804238669 0.298519096694650 0.585820899970762 0.455294114968858 0.309297925546126 0.384388804238669 0.271986780000000 0.163465807280612
0.090909090909091 0.341666666666667 0.000000000000000 0.000000000000000 0.000000000000000 0.055133023598720 0.000778651782603 0.045962724350141 0.001248607196530 0.438161646418641 0.399513795782122 0.525036800257461 0.382696802565961 0.427238838518461 0.651764696166090 0.153700188586716 0.525036800257461 0.315537900000000 0.161241471829284
0.758893280632411 0.475000000000000 0.000000000000000 0.000000000000000 0.000000000000000 0.173003824726396 0.002572264465397 0.043478263883338 0.001355184191373 0.261037953091803 0.235818497859145 0.315169373967825 0.227591593060278 0.576492551316412 0.452941186747405 0.322580661688192 0.315169373967825 0.321825400000000 0.158392171580176
0.881422924901186 0.470833333333333 0.000000000000000 0.000000000000000 0.000000000000000 0.053231953177002 0.001304664509603 0.042236017997763 0.000855743365924 0.303382410639269 0.268233405739331 0.373343140107930 0.262665609114089 0.494403015993957 0.538823516830450 0.267552219980628 0.373343140107930 0.348021700000000 0.153840456276177
0.470355731225296 0.404166666666667 0.000000000000000 0.000000000000000 0.000000000000000 0.157794679603580 0.003527893603668 0.037267063523785 0.001127779401806 0.404854130282080 0.384116706516343 0.460972043733637 0.364770058775680 0.561567193469452 0.496470575903114 0.267552219980628 0.460972043733637 0.252458420000000 0.166252068799346
0.620553359683794 0.270833333333333 0.000000000000000 0.000000000000000 0.000000000000000 0.028517100052046 0.000663777993834 0.073291925882489 0.002211119130914 0.242964119069376 0.232576995401758 0.278350513414208 0.215120799216811 0.684701496453135 0.358823539065744 0.364326401409287 0.278350513414208 0.270309900000000 0.178401453634510
0.213438735177866 0.558333333333333 0.000000000000000 0.000000000000000 0.000000000000000 0.173003800772022 0.003001933512578 0.022360247058370 0.000304139677571 0.186677008882324 0.176661256699038 0.220913123557341 0.159781765088643 0.705223888679271 0.339999996823529 0.373814057883764 0.220913123557341 0.315338220000000 0.186260410728806
0.292490118577075 0.329166666666667 0.000000000000000 0.333333323333334 0.000000000000000 0.142585585811564 0.003026918326815 0.063354032586706 0.001998716838589 0.336173503831867 0.300648284446096 0.407216482273811 0.294621970549588 0.481343294295778 0.551764722636678 0.259962077723248 0.407216482273811 0.327631560000000 0.153158714651200
0.407114624505929 0.420833333333333 0.000000000000000 0.000000000000000 0.000000000000000 0.020912534334745 0.000253019153421 0.023602490707920 0.000513821086573 0.412341865603156 0.380875189472246 0.486008850618492 0.363990643367400 0.485074616966474 0.582352958927336 0.206831116077183 0.486008850618492 0.293680520000000 0.162123241809099
0.565217391304348 0.100000000000000 0.000000000000000 0.000000000000000 0.000000000000000 0.079847893833942 0.002050037187976 0.045962740002314 0.001248607701461 0.262070764123029 0.235818497859145 0.314432977802408 0.231488691146105 0.569029855601888 0.444705879737024 0.343453523009841 0.314432977802408 0.319713600000000 0.152000245775503
0.367588932806324 0.387500000000000 0.000000000000000 0.000000000000000 0.000000000000000 0.226235736838757 0.001432611313857 0.022360276126691 0.000372493644290 0.388587665022081 0.356564030442172 0.460972043733637 0.342166801491292 0.488805990010303 0.570588222525952 0.222011383514145 0.460972043733637 0.303071380000000 0.160943485820189
0.154150197628458 0.025000000000000 0.000000000000000 0.000000000000000 0.000000000000000 0.043726180155848 0.000960535218465 0.032298153770301 0.000799872148612 0.491608597726060 0.455429490724712 0.573637727734626 0.438815273146835 0.427238838518461 0.641176460934256 0.170777987318573 0.573637727734626 0.286238430000000 0.158755882390714
0.411067193675889 0.416666666666667 0.000000000000000 0.000000000000000 0.000000000000000 0.013307978883604 0.000392936079435 0.023602490707920 0.000319586932090 0.419571396423591 0.388168544474624 0.496318085446848 0.367887741453227 0.483208947235604 0.598823520006920 0.182163226321342 0.496318085446848 0.299663870000000 0.165558474885781
0.549407114624506 0.437500000000000 0.000000000000000 0.333333323333334 0.000000000000000 0.060836512050196 0.001233446611457 0.012422354656997 0.000361997724562 0.326362011661100 0.308752047882918 0.374815912556584 0.291504287872041 0.608208953532245 0.441176460934256 0.309297925546126 0.374815912556584 0.264563260000000 0.168811424464618
0.509881422924901 0.087500000000000 0.000000000000000 0.000000000000000 0.000000000000000 0.038022821742399 0.001055784585624 0.018633553451332 0.000603506494627 0.414665636395527 0.395461899477001 0.469808545877698 0.374123127852747 0.569029855601888 0.494117626505190 0.263757123235240 0.469808545877698 0.249000640000000 0.168173751193098
0.399209486166008 0.612500000000000 0.000000000000000 0.666666646666667 0.000000000000000 0.077946758393210 0.002140795612948 0.040993787764361 0.000756535616424 0.274206041028847 0.259319299508260 0.314432977802408 0.245518308791323 0.643656728791908 0.389411775356401 0.356736259151907 0.314432977802408 0.264151840000000 0.167040564961328
0.928853754940711 0.441666666666667 0.000000000000000 0.000000000000000 0.000000000000000 0.026615998831848 0.000407058152798 0.028571431765750 0.000535852368897 0.319907066457229 0.288492719517769 0.387334302744225 0.278254092649911 0.514925383033526 0.530588252173010 0.259962077723248 0.387334302744225 0.330476880000000 0.158594852430193
0.086956521739130 0.058333333333333 0.000000000000000 0.000000000000000 0.000000000000000 0.038022756723385 0.000756570816877 0.013664586232013 0.000466649534535 0.491092160839416 0.442463546535361 0.589837992711060 0.432579886747315 0.341417913361133 0.721176486346021 0.129032264675277 0.589837992711060 0.318190600000000 0.153400746442362
0.324110671936759 0.550000000000000 0.000000000000000 0.000000000000000 0.000000000000000 0.043726200688168 0.001113083814922 0.027329172464027 0.000392641925088 0.351148988416700 0.313614265102223 0.429307817162682 0.303975039626655 0.462686596987079 0.589411743591696 0.218216355079952 0.429307817162682 0.341228600000000 0.156997479542001
0.288537549407115 0.220833333333333 0.000000000000000 0.000000000000000 0.000000000000000 0.062737623536555 0.001216539493469 0.044720494116739 0.000804676635165 0.394526229110030 0.362236641509211 0.470544915533543 0.344505047716132 0.485074616966474 0.589411743591696 0.195445928307811 0.470544915533543 0.313003300000000 0.164019490467428
0.185770750988142 0.533333333333333 0.000000000000000 0.000000000000000 0.000000000000000 0.083650202357993 0.001696197428625 0.040993801180509 0.000756536770551 0.336173503831867 0.310372784524901 0.400589089097282 0.292283710295130 0.548507471771274 0.520000016941176 0.242884278991391 0.400589089097282 0.310818200000000 0.167868898914836
0.600790513833992 0.437500000000000 0.000000000000000 0.000000000000000 0.000000000000000 0.112167302410039 0.002491953663459 0.024844709761198 0.000601908851008 0.205267244934694 0.182333875059432 0.254050089439985 0.175370220565231 0.610074640054160 0.414117643446367 0.351043665267221 0.254050089439985 0.355755840000000 0.160055235693923
0.260869565217391 0.095833333333333 0.000000000000000 0.000000000000000 0.000000000000000 0.038022821742399 0.001233446308952 0.012422369414760 0.000421062050697 0.378259763850031 0.337115059457983 0.466126671088905 0.324240036656585 0.429104508249331 0.642352919750865 0.166982958884380 0.466126671088905 0.347470130000000 0.159427584825075
0.197628458498024 0.220833333333333 0.000000000000000 0.000000000000000 0.000000000000000 0.598859340636702 0.001216529813302 0.014906845533736 0.000504357490192 0.278853610498950 0.256888154431833 0.332106028482283 0.243180048536865 0.593283595685286 0.452941186747405 0.305502862956335 0.332106028482283 0.310101450000000 0.170213990048610
0.379446640316206 0.145833333333333 0.000000000000000 0.000000000000000 0.000000000000000 0.057034244590786 0.001632849708143 0.049689403870223 0.001016328744921 0.434546867065743 0.388168544474624 0.524300463738583 0.383476224989050 0.375000002098881 0.664705870207613 0.185958271833334 0.524300463738583 0.326718660000000 0.149726872739241
0.296442687747036 0.512500000000000 0.000000000000000 0.333333323333334 0.000000000000000 0.087452442440977 0.001452190763023 0.032298126938005 0.000392642444445 0.341079277802611 0.305510545425531 0.418262139777157 0.293063139733028 0.479477641355953 0.582352958927336 0.212523727039668 0.418262139777157 0.341111300000000 0.160704408707202
0.130434782608696 0.437500000000000 0.000000000000000 0.000000000000000 0.000000000000000 0.197718647052871 0.004442171285720 0.011180094908069 0.000201170094301 0.425251756010899 0.382495940700940 0.506627360039563 0.379579091829179 0.402985098435063 0.622352929280277 0.225806480259533 0.506627360039563 0.313234630000000 0.148133780776813
0.075098814229249 0.462500000000000 0.000000000000000 0.000000000000000 0.000000000000000 0.053231912112361 0.001196250165370 0.039751539642762 0.001071705490935 0.423444366334450 0.376012979546296 0.518409407080932 0.367887741453227 0.371268679428185 0.687058810076125 0.153700188586716 0.518409407080932 0.342362880000000 0.153735917747803
0.367588932806324 0.287500000000000 0.000000000000000 0.000000000000000 0.000000000000000 0.074144443025053 0.001197822688376 0.018633553451332 0.000364650218645 0.406661506015848 0.373581834469869 0.477908711502881 0.362431798521222 0.475746268312124 0.569411753121107 0.237191668028906 0.477908711502881 0.290833600000000 0.155762575156478
0.901185770750988 0.054166666666667 0.000000000000000 0.000000000000000 0.000000000000000 0.060836512050196 0.001118147651591 0.027329214948496 0.000755262397912 0.342886653536380 0.308752047882918 0.405743723079943 0.308651588194806 0.488805990010303 0.514117638152249 0.313093005213715 0.405743723079943 0.308619900000000 0.143936140003396
0.328063241106719 0.212500000000000 0.000000000000000 0.000000000000000 0.000000000000000 0.024714823353091 0.000494750546123 0.021117987756647 0.000557012104983 0.425509953540200 0.389789295703317 0.505154620727875 0.374902550275836 0.451492528228726 0.614117664622837 0.189753317345326 0.505154620727875 0.303178700000000 0.159557876059812
0.201581027667984 0.325000000000000 0.000000000000000 0.000000000000000 0.000000000000000 0.178707234470645 0.002744382881270 0.016149075767138 0.000353922557423 0.201652472553136 0.183954611701415 0.244477177875720 0.173031946281155 0.647388068253648 0.384705897737024 0.360531321741698 0.244477177875720 0.331127640000000 0.167159860092631
0.438735177865613 0.329166666666667 0.000000000000000 0.000000000000000 0.000000000000000 0.252851759624979 0.007003556352287 0.028571416113577 0.000634635818022 0.454428139564001 0.420583481528229 0.528718714810613 0.407638327119616 0.455223901272555 0.595294143557093 0.216318823785056 0.528718714810613 0.278345440000000 0.157028067176287
0.545454545454545 0.433333333333333 0.000000000000000 0.333333323333334 0.000000000000000 0.072243334960748 0.000966395440480 0.016149048934842 0.000466649130591 0.325845602659817 0.309562390677167 0.373343140107930 0.290724844404525 0.617537318977640 0.436470604491349 0.307400394251230 0.373343140107930 0.264114900000000 0.171749029300083
0.972332015810277 0.433333333333333 0.000000000000000 0.000000000000000 0.000000000000000 0.121673024100393 0.001824551102410 0.031055916828825 0.000942545620395 0.201136077494534 0.181523510385118 0.243740808219876 0.174590805156951 0.634328363346514 0.383529428332180 0.375711589178660 0.243740808219876 0.331662770000000 0.159449056605674
0.442687747035573 0.095833333333333 0.000000000000000 0.000000000000000 0.000000000000000 0.068441023014644 0.001144774363368 0.018633482569349 0.000603507050050 0.508133218687319 0.474068075154522 0.590574395503870 0.452844911836480 0.436567187172811 0.647058839723183 0.151802674369619 0.590574395503870 0.279175940000000 0.162175150132486
0.916996047430830 0.470833333333333 0.000000000000000 0.333333323333334 0.000000000000000 0.072243358915121 0.001513148389704 0.045962724350141 0.000353923632204 0.285308555702821 0.260940050736953 0.340942550508523 0.249415434936385 0.574626864794498 0.465882350200692 0.303605348739238 0.340942550508523 0.317096950000000 0.162374389453948
0.312252964426877 0.254166666666667 0.000000000000000 0.000000000000000 0.000000000000000 0.041825113156183 0.001012078327880 0.032298126938005 0.000842124089925 0.411309075485951 0.374392213730893 0.493372573686505 0.359314080769631 0.447761205558031 0.622352929280277 0.180265660870849 0.493372573686505 0.314606370000000 0.160149248181299
0.110671936758893 0.279166666666667 0.000000000000000 0.000000000000000 0.000000000000000 0.022813645821103 0.000705045000678 0.058385080348753 0.001675641698864 0.486186428696714 0.435170191532984 0.586156078157908 0.428682753587443 0.326492572305217 0.725882342788927 0.136622389854859 0.586156078157908 0.325487460000000 0.150862191039922
0.592885375494071 0.491666666666667 0.000000000000000 0.000000000000000 0.000000000000000 0.275665425978402 0.008209557269483 0.016149063021797 0.000597086547618 0.223341085928461 0.200972444902532 0.272459489893524 0.192517534917614 0.608208953532245 0.419999990470588 0.343453523009841 0.272459489893524 0.338407300000000 0.162067203651445
0.577075098814229 0.316666666666667 0.000000000000000 0.000000000000000 0.000000000000000 0.233840319666325 0.006674268320523 0.034782632125302 0.001222876150831 0.302091402078742 0.276337125416022 0.363770255053238 0.261106757253102 0.559701490156494 0.498823546477509 0.265654654530135 0.363770255053238 0.319706000000000 0.166836423560167
0.600790513833992 0.279166666666667 0.000000000000000 0.000000000000000 0.000000000000000 0.321292792905782 0.005717611370324 0.065838504233633 0.002537406711090 0.211205795079963 0.197730949738500 0.248159046037120 0.184723303671916 0.673507478067916 0.358823539065744 0.375711589178660 0.248159046037120 0.300208060000000 0.172310737124213
0.335968379446640 0.037500000000000 0.000000000000000 0.000000000000000 0.000000000000000 0.032319465382183 0.001028686873209 0.043478250467189 0.000766658608856 0.454428139564001 0.411669360710449 0.541237131507827 0.402961785566273 0.393656749780713 0.655294104380623 0.182163226321342 0.541237131507827 0.309556370000000 0.152962295704360
0.324110671936759 0.291666666666667 0.000000000000000 0.000000000000000 0.000000000000000 0.015209089343346 0.000347139913911 0.016149048934842 0.000281089005335 0.414407438866226 0.378444095449304 0.493372573686505 0.364770058775680 0.453358231541685 0.608235296422145 0.197343459602706 0.493372573686505 0.307419480000000 0.158700599690548
0.656126482213439 0.175000000000000 0.000000000000000 0.000000000000000 0.000000000000000 0.043726221220488 0.000494751433471 0.021117987756647 0.000281089091895 0.281951973879225 0.269043770413645 0.322533143427591 0.250974286797372 0.654850747177127 0.392941172982699 0.339658460420050 0.322533143427591 0.264563500000000 0.174530036192289
0.407114624505929 0.383333333333333 0.000000000000000 0.333333323333334 0.000000000000000 0.032319400363169 0.000538486832552 0.014906845533736 0.000430117944492 0.410534489869388 0.380875189472246 0.481590592919068 0.363211227959120 0.498134338664652 0.569411753121107 0.214421258334564 0.481590592919068 0.287394370000000 0.163353663813528
0.225296442687747 0.462500000000000 0.000000000000000 0.000000000000000 0.000000000000000 0.070342209786176 0.002233765855307 0.136645945053047 0.002175533932247 0.238316549599273 0.213128031710924 0.293814421989585 0.203429455855668 0.583955230239892 0.454117656152249 0.313093005213715 0.293814421989585 0.349651900000000 0.162731737633644
0.399209486166008 0.162500000000000 0.000000000000000 0.000000000000000 0.000000000000000 0.055133112572107 0.001071716023420 0.029813677651324 0.000626999284073 0.424218965893694 0.386547815125995 0.502209142104498 0.377240845604338 0.438432856903681 0.605882378788927 0.216318823785056 0.502209142104498 0.304774220000000 0.153558603481433
0.110671936758893 0.029166666666667 0.000000000000000 0.666666646666667 0.000000000000000 0.026615957767207 0.000814114571233 0.038509325061533 0.000930198120248 0.476116711111285 0.430307945140259 0.570692215974284 0.419329698539994 0.365671636653486 0.697647045307959 0.142315017895142 0.570692215974284 0.317156080000000 0.154538750814110
0.150197628458498 0.529166666666667 0.000000000000000 0.000000000000000 0.000000000000000 0.038022801210079 0.000506039274859 0.053416154943096 0.001182008584888 0.380841739143044 0.358184759790800 0.442562603515739 0.336710823485243 0.555970167485798 0.517647046366782 0.239089182246002 0.442562603515739 0.280910760000000 0.170316832994623
0.308300395256917 0.137500000000000 0.000000000000000 0.000000000000000 0.000000000000000 0.167300401293933 0.003228589688363 0.047204999304037 0.000814199265144 0.408985304693580 0.365478114793178 0.500736402792810 0.353078701384920 0.402985098435063 0.668235310186851 0.151802674369619 0.500736402792810 0.339916830000000 0.158062439568647
0.173913043478261 0.458333333333333 0.000000000000000 0.000000000000000 0.000000000000000 0.070342267961083 0.001265097834224 0.147826068582232 0.001932041116835 0.383165516906755 0.348460310765481 0.455081020212953 0.339828506162790 0.472014945641429 0.567058814311419 0.244781810286286 0.455081020212953 0.307193300000000 0.153984362533640
0.422924901185771 0.487500000000000 0.000000000000000 0.000000000000000 0.000000000000000 0.241444868273360 0.004405140108321 0.037267063523785 0.000760347842264 0.371288423587558 0.337925438719007 0.444771745620237 0.325019466094483 0.485074616966474 0.571764723695502 0.223908914809041 0.444771745620237 0.312927450000000 0.159862946581349
0.324110671936759 0.508333333333333 0.000000000000000 0.333333323333334 0.000000000000000 0.079847958852956 0.002157439652224 0.026086939994600 0.000771668385754 0.339271902068843 0.303079429522524 0.414580271615756 0.293842555141308 0.475746268312124 0.572941193100346 0.231499057066421 0.414580271615756 0.339145150000000 0.156528508321490
0.130434782608696 0.008333333333333 0.000000000000000 0.000000000000000 0.000000000000000 0.007604490774332 0.000173568394012 0.034782558336487 0.000392641239825 0.490575793666175 0.442463546535361 0.583947002327342 0.437256407256230 0.345149286404961 0.695294095910035 0.166982958884380 0.583947002327342 0.311436700000000 0.149276099650215
0.581027667984190 0.408333333333333 0.000000000000000 0.000000000000000 0.000000000000000 0.034220511165116 0.001221172966036 0.027329185880175 0.000472803873634 0.344435838712187 0.310372784524901 0.416789400465468 0.300077948555637 0.488805990010303 0.559999987294118 0.239089182246002 0.416789400465468 0.325138120000000 0.157587945114503
0.154150197628458 0.100000000000000 0.000000000000000 0.000000000000000 0.000000000000000 0.024714842858796 0.000253018770248 0.023602463875623 0.000466648264995 0.484120820576943 0.450567280798762 0.565537568736837 0.429462168995723 0.447761205558031 0.636470604491349 0.157495285332104 0.565537568736837 0.287488400000000 0.162838844717476
0.794466403162055 0.041666666666667 0.000000000000000 0.000000000000000 0.000000000000000 0.011406844811693 0.000368197605288 0.116770151753407 0.001885091229320 0.284017561084975 0.270664499762273 0.326951387872228 0.250974286797372 0.651119407715388 0.404705898795848 0.324478192983088 0.326951387872228 0.274518800000000 0.176839083609922
0.047430830039526 0.016666666666667 0.000000000000000 0.333333323333334 0.000000000000000 0.041825113156183 0.000893507370641 0.027329201532348 0.000739795436674 0.480764259667367 0.432739053749911 0.575846803565193 0.425565077924705 0.348880592284613 0.701176495875432 0.153700188586716 0.575846803565193 0.316904900000000 0.150898788758222
0.221343873517787 0.129166666666667 0.000000000000000 0.000000000000000 0.000000000000000 0.079847934898583 0.000876484292315 0.022360219108061 0.000504358016763 0.261037953091803 0.239059985729822 0.316642133161693 0.222915044492126 0.598880604877896 0.460000003176471 0.288425064224478 0.316642133161693 0.334661800000000 0.170334359608341
0.612648221343874 0.158333333333333 0.000000000000000 0.000000000000000 0.000000000000000 0.036121645237027 0.000578928806806 0.027329159047878 0.000392642357886 0.265169127503304 0.260129671475929 0.292341669423110 0.240841788282407 0.714552245729143 0.324705873384083 0.388994325320726 0.292341669423110 0.221186970000000 0.183732314215586
0.162055335968379 0.191666666666667 0.000000000000000 0.000000000000000 0.000000000000000 0.047528577653287 0.000983774769128 0.022360219108061 0.000263392263465 0.458042884060198 0.433549425717580 0.526509539569149 0.408417742527896 0.518656705704222 0.568235273128028 0.195445928307811 0.526509539569149 0.266776140000000 0.170141163946782
0.893280632411067 0.504166666666667 0.000000000000000 0.000000000000000 0.000000000000000 0.228136937298503 0.001393974136206 0.029813664235176 0.000729299661212 0.270333099003349 0.242301444427078 0.326215004961598 0.237724084560434 0.554104497754928 0.463529421979239 0.328273255572879 0.326215004961598 0.325768380000000 0.153551317513662
0.288537549407115 0.483333333333333 0.000000000000000 0.000000000000000 0.000000000000000 0.165399252164988 0.003680442351377 0.037267076939933 0.000899656673094 0.315517701487768 0.287682325670035 0.379970533284459 0.273577544081760 0.541044776056750 0.515294096968858 0.258064512272755 0.379970533284459 0.317324580000000 0.165048843264479
0.300395256916996 0.516666666666667 0.000000000000000 0.000000000000000 0.000000000000000 0.100760445278954 0.001987546363968 0.039751526226613 0.000691317484973 0.330234967629279 0.299027555097468 0.402061861545936 0.283710035581916 0.513059730093701 0.554117661446367 0.223908914809041 0.402061861545936 0.334659700000000 0.164641920285637
0.415019762845850 0.225000000000000 0.000000000000000 0.666666646666667 0.000000000000000 0.076045622952479 0.001669343837928 0.050931692240268 0.000597087016482 0.422669780717886 0.391410061518720 0.494109009616281 0.376461416166441 0.483208947235604 0.574117673093425 0.222011383514145 0.494109009616281 0.287324760000000 0.160012325708613
0.750988142292490 0.450000000000000 0.000000000000000 0.000000000000000 0.000000000000000 0.038022801210079 0.001304666223799 0.021118043657264 0.000557012011210 0.277820820381745 0.264181509434210 0.319587611785069 0.246297724199603 0.651119407715388 0.397647050602076 0.335863397830259 0.319587611785069 0.271717250000000 0.174288289796178
0.197628458498024 0.416666666666667 0.000000000000000 0.000000000000000 0.000000000000000 0.555133129682374 0.016580708797981 0.009937899556652 0.000248328633557 0.237800154540671 0.221231773267681 0.279823252725897 0.208885426846908 0.643656728791908 0.389411775356401 0.356736259151907 0.279823252725897 0.290354550000000 0.174331518752427
0.715415019762846 0.516666666666667 0.000000000000000 0.000000000000000 0.000000000000000 0.144486690453816 0.001138174102648 0.024844700817099 0.000739793849750 0.227988655398564 0.208265799904909 0.271723120237680 0.200311759148503 0.624999997901119 0.395294132968858 0.366223915626384 0.271723120237680 0.308823940000000 0.159648614898075
0.023715415019763 0.595833333333333 0.000000000000000 0.000000000000000 0.500000000000000 0.104562709316311 0.003864126852945 0.085714268464952 0.001571182382853 0.353472780123092 0.324959494529656 0.424153163297841 0.305533905517259 0.524253731687876 0.554117661446367 0.212523727039668 0.424153163297841 0.321345100000000 0.169742584576194
0.596837944664032 0.300000000000000 0.000000000000000 0.000000000000000 0.000000000000000 0.152091245904957 0.001338853549556 0.021118009222484 0.000490802268243 0.184869612234535 0.170178288251040 0.220176714137138 0.161340602920012 0.673507478067916 0.344705874442907 0.398481998873002 0.220176714137138 0.307414980000000 0.164678434064216
0.735177865612648 0.266666666666667 0.000000000000000 0.000000000000000 0.000000000000000 0.053231953177002 0.000918446506589 0.126708062937387 0.003464383723465 0.276788037235880 0.260940050736953 0.319587611785069 0.246297724199603 0.636194033077384 0.402352938809689 0.343453523009841 0.319587611785069 0.275059250000000 0.169178845410818
0.577075098814229 0.475000000000000 0.000000000000000 0.000000000000000 0.000000000000000 0.218631191653776 0.003956577290489 0.029813648583003 0.000548294601233 0.301316802519498 0.271474864436587 0.364506624709082 0.262665609114089 0.531716427402400 0.505882341730104 0.282732453261993 0.364506624709082 0.324638750000000 0.159099581971796
0.992094861660079 0.270833333333333 0.000000000000000 0.000000000000000 0.000000000000000 0.058935335544824 0.001152967011603 0.012422340346438 0.000248329023075 0.294861864286967 0.262560780085582 0.358615601188398 0.257989095619981 0.516791035973352 0.507058811134948 0.296015206481858 0.358615601188398 0.334876000000000 0.151959988285373
0.743083003952569 0.154166666666667 0.000000000000000 0.000000000000000 0.000000000000000 0.024714823353091 0.000392935867682 0.104347815879018 0.003105349375784 0.293312686082500 0.282820115744085 0.330633289170594 0.263445052581604 0.667910452084261 0.380000009529412 0.347248602677430 0.330633289170594 0.245240520000000 0.174748464133942
0.616600790513834 0.037500000000000 0.000000000000000 0.000000000000000 0.000000000000000 0.045627380615594 0.000766464351171 0.110558989406274 0.003230957708926 0.247353470096157 0.233387360076073 0.283505167279049 0.222135608039420 0.658582086638867 0.363529427273356 0.383301714358241 0.283505167279049 0.261957850000000 0.167706878465609
0.351778656126482 0.104166666666667 0.000000000000000 0.000000000000000 0.000000000000000 0.032319335001949 0.000330468235741 0.024844680692877 0.000882351692431 0.462690432616280 0.412479754558183 0.561855680693257 0.405300080894775 0.339552243630263 0.716470566373702 0.138519921149754 0.561855680693257 0.332815050000000 0.152030699106235
0.292490118577075 0.225000000000000 0.000000000000000 0.000000000000000 0.000000000000000 0.085551334376672 0.001119830387336 0.034782600820956 0.000674385431605 0.402530345547029 0.367909230696185 0.481590592919068 0.351519856538742 0.466417902866730 0.605882378788927 0.187855786050431 0.481590592919068 0.314782650000000 0.162260197857674
0.407114624505929 0.566666666666667 0.000000000000000 0.000000000000000 0.500000000000000 0.106463892665790 0.002205773534100 0.104347815879018 0.001874839335325 0.347017841890561 0.319286890755972 0.413843875450340 0.302416194780477 0.531716427402400 0.534117649799308 0.237191668028906 0.413843875450340 0.309106170000000 0.165830960007675
0.964426877470356 0.412500000000000 0.000000000000000 0.000000000000000 0.000000000000000 0.167300425248307 0.003471400954142 0.039751562003009 0.001305203205616 0.237800154540671 0.212317659743255 0.294550798272822 0.201870618024299 0.582089560509022 0.460000003176471 0.305502862956335 0.294550798272822 0.353548320000000 0.163770172708494
0.181818181818182 0.458333333333333 0.000000000000000 0.000000000000000 0.000000000000000 0.030418244390117 0.001034163327009 0.109316743520699 0.002314590225657 0.374128603381212 0.341977320437418 0.443298973171583 0.331254845479194 0.492537312680998 0.551764722636678 0.248576855798278 0.443298973171583 0.300672230000000 0.156789628005178
0.636363636363636 0.616666666666667 0.000000000000000 0.000000000000000 0.000000000000000 0.074144490933800 0.000968343231304 0.049689439646619 0.001049904175634 0.182029432440881 0.183954611701415 0.195876283535521 0.165237715035457 0.789179107165432 0.241176471522491 0.447817855234779 0.195876283535521 0.202845560000000 0.208442623549406
0.067193675889328 0.133333333333333 0.000000000000000 0.000000000000000 0.000000000000000 0.064638800041927 0.001787013027085 0.034782632125302 0.000882354072818 0.451071543797724 0.400324160456436 0.547128155028511 0.397505842634268 0.339552243630263 0.698823546477508 0.166982958884380 0.547128155028511 0.335115100000000 0.148342236679627
0.023715415019763 0.329166666666667 0.000000000000000 0.000000000000000 0.000000000000000 0.043726234908702 0.000861316680219 0.054658380704448 0.001455955494465 0.032532920062987 0.018638574219113 0.038291604504480 0.039750582158984 0.727611942240755 0.167058828076125 0.629981038861624 0.041237113613865 0.665343940000000 0.000000000000000
0.071146245059289 0.508333333333333 0.000000000000000 0.000000000000000 0.000000000000000 0.000000000000000 0.000000000000000 0.000000000000000 0.000000000011469 0.000000000000000 0.000000000000000 0.000000000000000 0.000000000000000 0.833955226042131 0.131764710989619 0.578747642666052 0.000000000000000 0.000000000000000 0.511054416358307
0.110671936758893 0.308333333333333 0.000000000000000 0.000000000000000 0.000000000000000 0.096958167553383 0.002966601002865 0.053416143762972 0.002200635040988 0.028401758199900 0.015397083431095 0.044918997681009 0.023382695841537 0.735074629559757 0.217647062249135 0.540796977489207 0.044918997681009 0.762962940000000 0.113203054969353
0.142292490118577 0.387500000000000 0.000000000000000 0.000000000000000 0.000000000000000 0.268060819196460 0.009794217794083 0.494409859974543 0.015594117195001 0.129873489693989 0.108589953067990 0.155375554820504 0.123148862099802 0.645522398522778 0.284705892442907 0.523719178757350 0.155375554820504 0.607613300000000 0.103935052144614
0.229249011857708 0.454166666666667 0.000000000000000 0.000000000000000 0.000000000000000 0.074144490933800 0.002002648534100 0.032298126938005 0.001348769481216 0.132971860045604 0.076985409862118 0.219440344481293 0.095089626809365 0.404850768165933 0.577647049543253 0.296015206481858 0.219440344481293 0.681266400000000 0.136471598869533
0.407114624505929 0.533333333333333 0.000000000000000 0.000000000000000 0.000000000000000 0.011406844811693 0.000520710012036 0.007453415835192 0.000372492850828 0.004647560407361 0.000000000000000 0.011782032461104 0.001558846389436 0.800373137304383 0.167058828076125 0.555977243218389 0.011782032461104 1.000000000000000 0.149990997464936
0.316205533596838 0.558333333333333 0.000000000000000 0.000000000000000 0.500000000000000 0.155893533896688 0.004572508990455 0.167701852937773 0.004409363025629 0.093725800735114 0.072123178056104 0.133284233186419 0.072486362510168 0.654850747177127 0.343529415626298 0.419354860194650 0.133284233186419 0.532727840000000 0.164833370001001
0.422924901185771 0.562500000000000 0.000000000000000 0.000000000000000 0.000000000000000 0.000000000000000 0.000000000000000 0.000000000000000 0.000000000011469 0.000000000000000 0.000000000000000 0.000000000000000 0.000000000000000 0.833955226042131 0.131764710989619 0.578747642666052 0.000000000000000 0.000000000000000 0.511054416358307
0.067193675889328 0.229166666666667 0.000000000000000 0.000000000000000 0.000000000000000 0.296577902138239 0.009165582689602 0.244720449396245 0.003815150121515 0.278079024882387 0.235818497859145 0.328424160320882 0.265003904442591 0.453358231541685 0.438823532712803 0.470588247851323 0.328424160320882 0.350168700000000 0.103001608872630
0.126482213438735 0.345833333333333 0.000000000000000 0.000000000000000 0.000000000000000 0.045627387459701 0.000212578600942 0.057142854587400 0.001184451799674 0.041053448986939 0.023500811130477 0.051546390857538 0.046765390981593 0.699626871091139 0.191764708871972 0.618595839137792 0.051546390857538 0.609788360000000 0.029249148284637
0.079051383399209 0.220833333333333 0.000000000000000 0.000000000000000 0.000000000000000 0.557034285655426 0.013056600543057 0.452173902349447 0.012716390173198 0.216111548136686 0.179902751863069 0.251840940708093 0.212782538962353 0.514925383033526 0.354117650858131 0.544592045202338 0.251840940708093 0.400746320000000 0.075604523377254
0.276679841897233 0.475000000000000 0.000000000000000 0.000000000000000 0.000000000000000 0.022813690307797 0.000475341135145 0.016149069059064 0.000353922853168 0.114381623993234 0.090761755192559 0.156848300759585 0.091971937117009 0.634328363346514 0.362352957868512 0.409867186642374 0.167893964890324 0.561040160000000 0.209978972260524
0.225296442687747 0.475000000000000 0.000000000000000 0.000000000000000 0.000000000000000 0.074144490933800 0.001119829883160 0.023602490707920 0.000652601190172 0.129357087664046 0.081037276993819 0.203240052995287 0.097427901093440 0.458955223943250 0.516470576961938 0.339658460420050 0.203240052995287 0.638455500000000 0.134676061088307
0.375494071146245 0.495833333333333 0.000000000000000 0.000000000000000 0.000000000000000 0.019011405738120 0.000459223182710 0.027329190352224 0.000472803606743 0.016782856832931 0.003241491152686 0.033136965882644 0.012470771396079 0.735074629559757 0.214117650858131 0.546489579912793 0.033136965882644 0.931216960000000 0.113815479172834
0.126482213438735 0.362500000000000 0.000000000000000 0.000000000000000 0.000000000000000 0.020912548022958 0.000616723456981 0.029813657527102 0.000662856135389 0.014200878751383 0.004051864214359 0.023564064922209 0.014029617645218 0.759328357889424 0.180000002117647 0.576850109492599 0.023564064922209 0.883333300000000 0.083146893420309
0.126482213438735 0.504166666666667 0.000000000000000 0.333333323333334 0.000000000000000 0.036121672613454 0.001006481809756 0.038509313881409 0.000719992319204 0.013684482995646 0.004862236911363 0.027982327260808 0.007014808822609 0.768656721655714 0.203529415626298 0.529411781180935 0.027982327260808 0.676887900000000 0.149705384170698
0.142292490118577 0.383333333333333 0.000000000000000 0.000000000000000 0.000000000000000 0.060836501784036 0.002143431441829 0.065838510941707 0.002468107153669 0.026852570932690 0.013776336578414 0.041237113613865 0.024162118966107 0.735074629559757 0.207058827017301 0.557874777928844 0.041237113613865 0.799074050000000 0.091703490322715
0.051383399209486 0.520833333333333 0.000000000000000 0.000000000000000 0.000000000000000 0.000000000000000 0.000000000000000 0.000000000000000 0.000000000011469 0.000000000000000 0.000000000000000 0.000000000000000 0.000000000000000 0.833955226042131 0.131764710989619 0.578747642666052 0.000000000000000 0.000000000000000 0.511054416358307
0.181818181818182 0.483333333333333 0.000000000000000 0.000000000000000 0.000000000000000 0.039923967449291 0.000968343332139 0.023602490707920 0.000353922427584 0.122643944930874 0.065640195021395 0.199558164951707 0.095869056247262 0.401119395122104 0.529411782768166 0.377609120473555 0.199558164951707 0.701476340000000 0.120520668015802
0.462450592885375 0.475000000000000 0.000000000000000 0.000000000000000 0.000000000000000 0.011406844811693 0.000300632054422 0.019875774069828 0.000248328676837 0.008004131773947 0.000000000000000 0.020618557138302 0.002338269654302 0.776119407295611 0.194117652975779 0.537001913191636 0.020618557138302 1.000000000000000 0.145808046142672
0.383399209486166 0.479166666666667 0.000000000000000 0.000000000000000 0.000000000000000 0.036121672613454 0.000718273786188 0.021118010116894 0.000353922600703 0.019364833520212 0.004051864214359 0.034609720437336 0.017926733969548 0.722014933048145 0.209411771121107 0.567362442942221 0.034609720437336 0.908994730000000 0.085225811699199
0.351778656126482 0.462500000000000 0.000000000000000 0.333333323333334 0.000000000000000 0.057034230902572 0.001410089799685 0.026086960118822 0.000498593606693 0.112832424874746 0.074554293959111 0.167893964890324 0.091192514693920 0.533582080342226 0.422352950456747 0.415559797604859 0.167893964890324 0.584744000000000 0.133784570888815
0.415019762845850 0.400000000000000 0.000000000000000 0.000000000000000 0.000000000000000 0.038022811476239 0.000726095270593 0.014906832117588 0.000304139316906 0.157242448713941 0.094813615030905 0.238586154355036 0.130943107375117 0.352611965328441 0.558823517889273 0.379506651768450 0.238586154355036 0.638540800000000 0.115762561726123
0.486166007905138 0.425000000000000 0.000000000000000 0.000000000000000 0.000000000000000 0.013307984701094 0.000392935897932 0.006211180235330 0.000236401798286 0.006713142733173 0.000000000000000 0.018409424974894 0.000779423194718 0.785447766024588 0.189411772179931 0.535104378481181 0.018409424974894 1.000000000000000 0.154603720158065
0.221343873517787 0.450000000000000 0.000000000000000 0.000000000000000 0.000000000000000 0.077946758393210 0.002043597557532 0.039751548586860 0.001241643049775 0.143557965718295 0.089141003963866 0.223122245779659 0.111457518738659 0.412313463880457 0.547058802664360 0.337760929125154 0.223122245779659 0.635623600000000 0.130278929174266
0.458498023715415 0.412500000000000 0.000000000000000 0.000000000000000 0.000000000000000 0.079847910944209 0.002930199137174 0.050931656463872 0.001372142212599 0.120061962666521 0.067260938956734 0.192194402119334 0.094310211401085 0.430970161189157 0.505882341730104 0.385199262730935 0.192194402119334 0.680786900000000 0.121368291317166
0.260869565217391 0.520833333333333 0.000000000000000 0.000000000000000 0.000000000000000 0.230038059051021 0.003739316322053 0.059627326234328 0.002306249710288 0.108184869347324 0.065640195021395 0.167893964890324 0.085736550717489 0.505597034379176 0.443529420920415 0.409867186642374 0.167893964890324 0.660813030000000 0.123670774648626
0.225296442687747 0.487500000000000 0.000000000000000 0.333333323333334 0.000000000000000 0.100760469233328 0.001771137855262 0.054658380704448 0.001213384321618 0.114898019051836 0.073743921991442 0.171575852933904 0.094310211401085 0.513059730093701 0.430588225702422 0.423149922784441 0.171575852933904 0.613384700000000 0.122195231871308
0.355731225296443 0.454166666666667 0.000000000000000 0.000000000000000 0.000000000000000 0.047528533166593 0.000936715301440 0.013664603225801 0.000557012191542 0.117479994344849 0.081847648961488 0.170839476650667 0.095089626809365 0.550373124711100 0.415294134027682 0.409867186642374 0.170839476650667 0.562158200000000 0.136545482611845
0.067193675889328 0.316666666666667 0.000000000000000 0.000000000000000 0.000000000000000 0.053231939488788 0.001979002507163 0.042236017997763 0.001260130145048 0.020397625728819 0.008914100396387 0.037555226895764 0.013250193819168 0.748134334466891 0.218823531653979 0.525616711760025 0.037555226895764 0.862770560000000 0.136768308994871
0.383399209486166 0.508333333333333 0.000000000000000 0.000000000000000 0.000000000000000 0.019011405738120 0.000173569987206 0.008695651211450 0.000236401798286 0.006713142733173 0.000000000000000 0.018409424974894 0.000779423194718 0.785447766024588 0.189411772179931 0.535104378481181 0.018409424974894 1.000000000000000 0.154603720158065
0.264822134387352 0.483333333333333 0.000000000000000 0.000000000000000 0.000000000000000 0.036121665769347 0.000983776271571 0.028571425057675 0.000597086836150 0.114123419492592 0.079416533058481 0.175257734350090 0.082618861025133 0.557835820425624 0.451764696166090 0.343453523009841 0.175257734350090 0.601443600000000 0.169284172972568
0.474308300395257 0.454166666666667 0.000000000000000 0.000000000000000 0.000000000000000 0.032319394887883 0.000253019405509 0.016149065705027 0.000634636214753 0.024528788986175 0.008103728428717 0.043446242463577 0.020265002641777 0.712686570960960 0.228235297480969 0.546489579912793 0.043446242463577 0.839947100000000 0.102470236863623
0.450592885375494 0.416666666666667 0.000000000000000 0.000000000000000 0.000000000000000 0.019011410528994 0.000407057941045 0.043478241523091 0.000751424925543 0.125742322253829 0.070502434120765 0.199558164951707 0.100545590785796 0.412313463880457 0.515294096968858 0.388994325320726 0.199558164951707 0.679513040000000 0.119338259531712
0.351778656126482 0.437500000000000 0.000000000000000 0.000000000000000 0.000000000000000 0.043726245174862 0.000861317113810 0.029813668707226 0.000818919861089 0.130648075310552 0.085899516093189 0.195876283535521 0.104442709916050 0.483208947235604 0.475294105439446 0.381404200141145 0.195876283535521 0.596103900000000 0.131652485190725
0.387351778656126 0.495833333333333 0.000000000000000 0.000000000000000 0.000000000000000 0.019011405738120 0.000459223243211 0.012422358234636 0.000392642033287 0.009553318344022 0.000810372769938 0.022091310367516 0.004676539448900 0.770522393065688 0.194117652975779 0.542694510491882 0.022091310367516 0.977777800000000 0.135167444214291
0.075098814229249 0.245833333333333 0.000000000000000 0.000000000000000 0.000000000000000 0.393536103912156 0.008841218434588 0.177639752941630 0.004989217940314 0.129615285193347 0.099675854130274 0.158321066580846 0.127825396638335 0.585820899970762 0.300000005294118 0.559772309223740 0.158321066580846 0.476884220000000 0.076395923853579
0.466403162055336 0.433333333333333 0.000000000000000 0.000000000000000 0.500000000000000 0.083650192091833 0.001586053964513 0.111801235291849 0.002118084590490 0.052672346868237 0.025931929221491 0.085419735011637 0.043647699886276 0.632462693615644 0.301176474698962 0.510436447738623 0.085419735011637 0.767235500000000 0.109655947032693
0.035573122529644 0.420833333333333 0.000000000000000 0.000000000000000 0.000000000000000 0.011406844811693 0.000425158048898 0.011180124870800 0.000131696076154 0.003098373488718 0.000000000000000 0.008100147068482 0.000779423194718 0.811567165764229 0.156470592844291 0.561669843934195 0.008100147068482 0.666666700000000 0.149792362509465
0.134387351778656 0.400000000000000 0.000000000000000 0.000000000000000 0.000000000000000 0.349809858737294 0.015092609958633 0.219875755287220 0.012657224572417 0.066356827772481 0.053484604566326 0.081001470684820 0.063133279403483 0.723880606137224 0.217647062249135 0.552182177213039 0.081001470684820 0.674955900000000 0.092536894235364
0.126482213438735 0.500000000000000 0.000000000000000 0.000000000000000 0.000000000000000 0.015209126301522 0.000814115640085 0.022360247058370 0.000790176904510 0.005163955465963 0.001620745539876 0.011782032461104 0.001558846389436 0.807835822944280 0.164705888207612 0.552182177213039 0.011782032461104 0.407407400000000 0.159448519391460
0.086956521739130 0.337500000000000 0.000000000000000 0.000000000000000 0.500000000000000 0.140684412728245 0.004675127536204 0.156521729408588 0.004103062977996 0.088303645648448 0.064019451086057 0.123711348131728 0.074045200341537 0.638059702808253 0.322352945162630 0.470588247851323 0.123711348131728 0.564898130000000 0.128195159179509
0.047430830039526 0.300000000000000 0.000000000000000 0.000000000000000 0.000000000000000 0.028517108607179 0.000552296357514 0.014906829881563 0.000456208731586 0.025819778026949 0.011345219216736 0.039764359059173 0.024941542792158 0.725746269151676 0.204705888207612 0.571157509801461 0.039764359059173 0.740476200000000 0.079036617108376
0.332015810276680 0.458333333333333 0.000000000000000 0.000000000000000 0.000000000000000 0.055133078351574 0.001071716023420 0.021118022415030 0.000513821086573 0.120061962666521 0.064829823053726 0.193667148058416 0.095089626809365 0.414179116820283 0.512941179335640 0.390891856615622 0.193667148058416 0.696178000000000 0.118909663316940
0.395256916996047 0.525000000000000 0.000000000000000 0.000000000000000 0.000000000000000 0.015209126301522 0.000506039153857 0.018633538469967 0.000584034308655 0.008004131773947 0.001620745539876 0.017673048691656 0.003897116324330 0.787313437434562 0.180000002117647 0.548387111207688 0.017673048691656 0.950000000000000 0.141620847470531
0.292490118577075 0.425000000000000 0.000000000000000 0.000000000000000 0.500000000000000 0.100760479499488 0.004157083603571 0.137888186466572 0.004489916692102 0.194422941732702 0.124797399714728 0.293078039078954 0.156664068381479 0.291044813836600 0.650588237349481 0.294117675186963 0.293078039078954 0.622070550000000 0.125494180417182
0.173913043478261 0.479166666666667 0.000000000000000 0.000000000000000 0.000000000000000 0.239543736254681 0.003902432384032 0.057142854587400 0.001296313253648 0.071004390271244 0.035656403044217 0.114138443194857 0.059236167288038 0.567164185871018 0.355294109674741 0.489563581293635 0.114138443194857 0.736430900000000 0.099776745524397
0.442687747035573 0.495833333333333 0.000000000000000 0.000000000000000 0.000000000000000 0.009505703211265 0.000253019637429 0.007453414493577 0.000263392212972 0.006196746977436 0.000000000000000 0.016936671745680 0.000779423194718 0.789179107165432 0.184705887148789 0.538899446194312 0.016936671745680 1.000000000000000 0.154603720158065
0.249011857707510 0.429166666666667 0.000000000000000 0.000000000000000 0.000000000000000 0.176806102451966 0.006372941149423 0.197515508228850 0.006252908772174 0.207849227199047 0.133711513239153 0.312960218608540 0.167575996334341 0.255597055367982 0.684705860678201 0.275142311004613 0.312960218608540 0.629245040000000 0.125707202640811
0.126482213438735 0.370833333333333 0.000000000000000 0.000000000000000 0.000000000000000 0.024714831566020 0.000538486993889 0.014906833235600 0.000263392140839 0.008520526832549 0.000810372769938 0.018409424974894 0.005455962573470 0.777985078705586 0.181176473640138 0.555977243218389 0.018409424974894 0.977777800000000 0.118704094940525
0.462450592885375 0.408333333333333 0.000000000000000 0.000000000000000 0.500000000000000 0.121673000146019 0.002677708107463 0.089440972581306 0.002224586639209 0.092693003646569 0.051053485016641 0.148011785360738 0.074045200341537 0.516791035973352 0.418823521065744 0.438330190221403 0.148011785360738 0.694627000000000 0.117529425698700
0.067193675889328 0.245833333333333 0.000000000000000 0.000000000000000 0.500000000000000 0.323193914658301 0.005947147900049 0.222360224698123 0.005012340081865 0.146656343041250 0.118314431266730 0.176730480289172 0.141855014283554 0.591417909163372 0.310588251114187 0.537001913191636 0.176730480289172 0.415835500000000 0.088971285984224
0.363636363636364 0.483333333333333 0.000000000000000 0.000000000000000 0.000000000000000 0.038022818320346 0.000841411685011 0.022360247058370 0.000568992282562 0.026594372009121 0.009724473822727 0.044918997681009 0.023382695841537 0.708955224782802 0.225882358671280 0.554079711923494 0.044918997681009 0.827248700000000 0.095626379601775
0.150197628458498 0.470833333333333 0.000000000000000 0.000000000000000 0.500000000000000 0.182509519040322 0.004814809324905 0.145341617059527 0.003278325246159 0.052930547186074 0.029983791977178 0.085419735011637 0.040530005985035 0.658582086638867 0.300000005294118 0.485768511872725 0.085419735011637 0.772151600000000 0.130682024501837
0.363636363636364 0.566666666666667 0.000000000000000 0.000000000000000 0.000000000000000 0.104562733270685 0.003616447471379 0.079503094937696 0.002319580743061 0.053705141865380 0.047001622990289 0.065537555482050 0.047544814807644 0.770522393065688 0.201176472581315 0.531309314183610 0.065537555482050 0.349470900000000 0.164465008929927
0.173913043478261 0.404166666666667 0.000000000000000 0.000000000000000 0.500000000000000 0.872623610642052 0.012902252292586 0.609937877643610 0.011491484862122 0.347276032448522 0.304700180751217 0.405007353424099 0.326578331985087 0.429104508249331 0.490588250055363 0.411764717937270 0.405007353424099 0.358975080000000 0.114776454673264
0.272727272727273 0.462500000000000 0.000000000000000 0.000000000000000 0.000000000000000 0.125475291559803 0.004066876242288 0.091925457644382 0.002727377823288 0.138652219632912 0.130470025368477 0.166421199069063 0.116913489729899 0.733208959828887 0.297647066484429 0.413662249232165 0.175257734350090 0.402492370000000 0.252484183448245
0.482213438735178 0.550000000000000 0.000000000000000 0.000000000000000 0.000000000000000 0.009505704580087 0.000392935837431 0.006211180235330 0.000098160491677 0.002840175610850 0.000000000000000 0.008100147068482 0.000000000000000 0.813432838853308 0.157647063307958 0.557874777928844 0.008100147068482 0.777777800000000 0.159448519391460
0.051383399209486 0.329166666666667 0.000000000000000 0.333333323333334 0.000000000000000 0.100760469233328 0.002455417787953 0.074534156115891 0.002316255053896 0.034856701312369 0.018638574219113 0.048600884399110 0.035853466536135 0.710820897871881 0.205882357612457 0.584440242357190 0.048600884399110 0.725288600000000 0.067955214129808
0.031620553359684 0.270833333333333 0.000000000000000 0.000000000000000 0.000000000000000 0.043726238330755 0.001432610003001 0.037267076939933 0.001343042270103 0.017041053665098 0.006482982305373 0.030927837032932 0.012470771396079 0.755597021785893 0.202352944103806 0.544592045202338 0.030927837032932 0.872222240000000 0.118082084820920
0.063241106719368 0.362500000000000 0.000000000000000 0.333333323333334 0.000000000000000 0.024714827459556 0.000718273786188 0.014906832117588 0.000526784508248 0.010586109855495 0.002431118382748 0.019145801920870 0.009353078897800 0.774253734206533 0.175294121321799 0.569259975944896 0.019145801920870 0.916666700000000 0.104148225459740
0.094861660079051 0.529166666666667 0.000000000000000 0.333333323333334 0.000000000000000 0.043726234908702 0.001152967717449 0.016149065705027 0.000353922795462 0.036147688958875 0.014586710004755 0.061855674065864 0.029618082241057 0.673507478067916 0.263529421979239 0.529411781180935 0.061855674065864 0.790011200000000 0.107000681842353
0.264822134387352 0.462500000000000 0.000000000000000 0.000000000000000 0.000000000000000 0.095057045800865 0.002046360841949 0.034782614237105 0.001439984612513 0.140459595366680 0.103727713968620 0.206185558128236 0.106001554762227 0.535447750073096 0.480000014823529 0.320683130393297 0.206185558128236 0.545829530000000 0.165194159709253
0.209486166007905 0.537500000000000 0.000000000000000 0.333333323333334 0.000000000000000 0.024714827459556 0.000446753029892 0.039751548586860 0.000755262037248 0.058094499863501 0.027552673886164 0.092783504471403 0.050662508708885 0.604477614070506 0.311764709930796 0.521821647462454 0.092783504471403 0.734470250000000 0.101038560984432
0.343873517786561 0.520833333333333 0.000000000000000 0.000000000000000 0.000000000000000 0.062737637224768 0.001159481360838 0.045962724350141 0.001523861010701 0.055770722099790 0.029983791977178 0.087628863861349 0.046765390981593 0.638059702808253 0.297647066484429 0.510436447738623 0.087628863861349 0.695087700000000 0.106016555766906
0.324110671936759 0.479166666666667 0.000000000000000 0.000000000000000 0.000000000000000 0.024714823353091 0.000538486630882 0.021118009222484 0.000414139596781 0.077975730533717 0.038087521135231 0.132547863530575 0.058456744864949 0.533582080342226 0.411764715224913 0.432637596336717 0.132547863530575 0.739264850000000 0.122659619983059
0.019762845849802 0.445833333333333 0.000000000000000 0.000000000000000 0.000000000000000 0.001901141018679 0.000137219174314 0.001242236114147 0.000098160520530 0.000258197787241 0.000000000000000 0.000736377012251 0.000000000000000 0.832089554464246 0.134117652128720 0.576850109492599 0.000736377012251 0.111111110000000 0.159448519391460
0.335968379446640 0.537500000000000 0.000000000000000 0.000000000000000 0.000000000000000 0.186311779655626 0.004808548777556 0.068322978116585 0.001932042415228 0.069197007566135 0.043760130014264 0.100147273931169 0.060795012134216 0.636194033077384 0.296470586491349 0.514231515451753 0.100147273931169 0.627944000000000 0.105152480280251
0.288537549407115 0.462500000000000 0.000000000000000 0.000000000000000 0.000000000000000 0.041825096045917 0.001251631309856 0.029813657527102 0.000504357778724 0.112574234316785 0.058346840019018 0.187776144419911 0.084957128294400 0.423507465474632 0.518823547536332 0.371916526588869 0.187776144419911 0.718220830000000 0.123926270371016
0.395256916996047 0.458333333333333 0.000000000000000 0.333333323333334 0.000000000000000 0.022813690307797 0.000850315976793 0.033540370587555 0.000640680421281 0.023754197095405 0.008103728428717 0.039764359059173 0.021823850293878 0.718283585190883 0.214117650858131 0.563567376936870 0.039764359059173 0.843518500000000 0.088138436073733
0.426877470355731 0.562500000000000 0.000000000000000 0.000000000000000 0.000000000000000 0.001901140779135 0.000137219164230 0.001242235957625 0.000098160513317 0.000258197787241 0.000000000000000 0.000736377012251 0.000000000000000 0.832089554464246 0.134117652128720 0.576850109492599 0.000736377012251 0.111111110000000 0.159448519391460
0.051383399209486 0.250000000000000 0.000000000000000 0.000000000000000 0.000000000000000 0.446768026290678 0.010469202749490 0.489440876432244 0.011928176233834 0.222050098281955 0.186385734897777 0.266568466372839 0.208885426846908 0.516791035973352 0.397647050602076 0.472485782561778 0.266568466372839 0.395670650000000 0.107837426555892
0.083003952569170 0.508333333333333 0.000000000000000 0.000000000000000 0.000000000000000 0.000000000000000 0.000000000000000 0.000000000000000 0.000000000011469 0.000000000000000 0.000000000000000 0.000000000000000 0.000000000000000 0.833955226042131 0.131764710989619 0.578747642666052 0.000000000000000 0.000000000000000 0.511054416358307
0.079051383399209 0.462500000000000 0.000000000000000 0.000000000000000 0.000000000000000 0.015209126301522 0.000407057789792 0.009937887705721 0.000291191093642 0.003872967122323 0.000000000000000 0.008100147068482 0.003117692849020 0.805970153213410 0.152941181453287 0.573055042974914 0.008100147068482 0.555555600000000 0.100662594974646
0.407114624505929 0.512500000000000 0.000000000000000 0.000000000000000 0.000000000000000 0.017110266875334 0.000184098812727 0.018633538469967 0.000201169127720 0.012393493954872 0.000810372769938 0.025773195097399 0.009353078897800 0.750000004197761 0.198823535889273 0.555977243218389 0.025773195097399 0.977777800000000 0.104365528609133
0.268774703557312 0.533333333333333 0.000000000000000 0.000000000000000 0.000000000000000 0.096958160709277 0.001788066854462 0.047204967999691 0.001203817329882 0.126000519783130 0.116693680038036 0.149484531299819 0.109898673892481 0.729477615329834 0.274117657211073 0.455407983829920 0.158321066580846 0.386611820000000 0.225183695783649
0.375494071146245 0.529166666666667 0.000000000000000 0.000000000000000 0.000000000000000 0.024714831566020 0.000652332456472 0.021118009222484 0.000513821403958 0.008004131773947 0.000810372769938 0.018409424974894 0.003897116324330 0.781716419846430 0.183529417743945 0.548387111207688 0.018409424974894 0.977777800000000 0.138489308303964
0.102766798418972 0.420833333333333 0.000000000000000 0.000000000000000 0.000000000000000 0.007604562979659 0.000347140095414 0.002484472317735 0.000196321036805 0.001032791162906 0.000000000000000 0.002945508115276 0.000000000000000 0.826492539562681 0.141176475757785 0.571157509801461 0.002945508115276 0.222222220000000 0.159448519391460
0.126482213438735 0.545833333333333 0.000000000000000 0.000000000000000 0.000000000000000 0.064638789775767 0.001388560200154 0.019875774069828 0.001016328672788 0.026852570932690 0.012155591184405 0.047864506790394 0.018706157094118 0.723880606137224 0.238823532712803 0.518026579749324 0.047864506790394 0.813580300000000 0.128188141818844
0.296442687747036 0.529166666666667 0.000000000000000 0.000000000000000 1.000000000000000 0.110266177235467 0.003912069797233 0.122981358821034 0.001752102470230 0.115156209609797 0.072123178056104 0.164212083474138 0.104442709916050 0.499999991604478 0.394117663564014 0.495256180301661 0.164212083474138 0.609219850000000 0.101506054865856
0.375494071146245 0.433333333333333 0.000000000000000 0.000000000000000 0.000000000000000 0.068441064079284 0.000974159095969 0.074534156115891 0.001020113271713 0.103020918761299 0.061588335183050 0.151693673404318 0.091192514693920 0.514925383033526 0.389411775356401 0.487666046583180 0.151693673404318 0.618327700000000 0.098232086780913
0.063241106719368 0.404166666666667 0.000000000000000 0.000000000000000 0.000000000000000 0.043726238330755 0.000652332355636 0.026086953410748 0.000658480522440 0.012909889013474 0.004051864214359 0.022091310367516 0.011691347570028 0.768656721655714 0.178823536948097 0.569259975944896 0.022091310367516 0.875925900000000 0.097424318059018
0.367588932806324 0.483333333333333 0.000000000000000 0.000000000000000 0.000000000000000 0.026615973166448 0.000506039416028 0.017391302199298 0.000496657298924 0.019106636688045 0.004051864214359 0.036818849287048 0.014809041471269 0.723880606137224 0.221176481051903 0.546489579912793 0.036818849287048 0.915343940000000 0.106643014691718
0.335968379446640 0.520833333333333 0.000000000000000 0.000000000000000 0.000000000000000 0.133079857277104 0.004228487643266 0.047204963527642 0.001724945716986 0.084947070796191 0.048622365466956 0.138438887051260 0.063133279403483 0.555970167485798 0.408235285833910 0.415559797604859 0.138438887051260 0.695754900000000 0.130137473956652
0.458498023715415 0.525000000000000 0.000000000000000 0.000000000000000 0.000000000000000 0.009505703211265 0.000392935837431 0.008695651211450 0.000180998990642 0.005422153692398 0.000000000000000 0.014727540907750 0.000779423194718 0.794776123074460 0.177647065425605 0.544592045202338 0.014727540907750 1.000000000000000 0.154603720158065
0.181818181818182 0.450000000000000 0.000000000000000 0.333333323333334 0.000000000000000 0.077946768659371 0.002293654327680 0.029813664235176 0.000997187115358 0.030467339131444 0.015397083431095 0.044918997681009 0.029618082241057 0.720149259959066 0.208235299598616 0.571157509801461 0.044918997681009 0.732926300000000 0.076712024054438
0.403162055335968 0.475000000000000 0.000000000000000 0.000000000000000 0.000000000000000 0.032319394887883 0.000834671566041 0.018633541376799 0.000498593419148 0.012393493954872 0.003241491152686 0.025773195097399 0.007014808822609 0.766791048566635 0.198823535889273 0.538899446194312 0.025773195097399 0.923809500000000 0.135413807295050
0.063241106719368 0.308333333333333 0.000000000000000 0.333333323333334 0.000000000000000 0.030418252603045 0.000726095391595 0.024844716469272 0.000519416683925 0.012393493954872 0.003241491152686 0.022827687313493 0.010132501320889 0.766791048566635 0.184705887148789 0.561669843934195 0.022827687313493 0.912963000000000 0.111900260137589
0.264822134387352 0.433333333333333 0.000000000000000 0.000000000000000 0.000000000000000 0.114068444694878 0.003131483997877 0.060869556467729 0.002014084977701 0.181513044353619 0.134521885206822 0.258468333884622 0.144972725020336 0.451492528228726 0.543529426214533 0.303605348739238 0.258468333884622 0.523537600000000 0.160077412568177
0.031620553359684 0.500000000000000 0.000000000000000 0.000000000000000 0.000000000000000 0.000000000000000 0.000000000000000 0.000000000000000 0.000000000011469 0.000000000000000 0.000000000000000 0.000000000000000 0.000000000000000 0.833955226042131 0.131764710989619 0.578747642666052 0.000000000000000 0.000000000000000 0.511054416358307
0.229249011857708 0.541666666666667 0.000000000000000 0.333333323333334 0.000000000000000 0.081749049806994 0.001553669872415 0.048447202705143 0.000921872680663 0.088303645648448 0.057536468051349 0.122974958593704 0.081060009164146 0.593283595685286 0.318823526359862 0.521821647462454 0.122974958593704 0.585775430000000 0.099486011907185
0.268774703557312 0.520833333333333 0.000000000000000 0.000000000000000 0.000000000000000 0.106463892665790 0.002833500719559 0.062111802353304 0.002284420479540 0.135553842309956 0.123176670366099 0.170839476650667 0.109898673892481 0.705223888679271 0.332941180394464 0.385199262730935 0.176730480289172 0.425293030000000 0.239808194380219
0.332015810276680 0.470833333333333 0.000000000000000 0.000000000000000 0.000000000000000 0.041825113156183 0.000942726644983 0.053416154943096 0.001210999678778 0.102246326173395 0.055105347042993 0.159793805892535 0.086515973140578 0.475746268312124 0.431764716283737 0.459203051543051 0.159793805892535 0.691122600000000 0.108700813736836
0.442687747035573 0.504166666666667 0.000000000000000 0.000000000000000 0.000000000000000 0.015209125274906 0.000347140075247 0.008695651211450 0.000385209599490 0.009036921891152 0.000000000000000 0.022827687313493 0.003117692849020 0.768656721655714 0.200000007411765 0.535104378481181 0.022827687313493 1.000000000000000 0.140905932867865
0.051383399209486 0.350000000000000 0.000000000000000 0.000000000000000 0.000000000000000 0.045627380615594 0.000705044899843 0.024844720941322 0.000447680800414 0.015750064624324 0.004862236911363 0.025773195097399 0.015588464595839 0.753731348696814 0.183529417743945 0.576850109492599 0.025773195097399 0.874074100000000 0.082504603464142
0.403162055335968 0.495833333333333 0.000000000000000 0.000000000000000 0.000000000000000 0.011406844811693 0.000000000000000 0.006211179340921 0.000281088897136 0.005422153692398 0.000000000000000 0.015463918516466 0.000000000000000 0.794776123074460 0.181176473640138 0.538899446194312 0.015463918516466 1.000000000000000 0.159448519391460
0.007905138339921 0.395833333333333 0.000000000000000 0.000000000000000 0.000000000000000 0.007604562979659 0.000173570047707 0.002484471870530 0.000124164322513 0.003872967122323 0.000000000000000 0.011045654852388 0.000000000000000 0.805970153213410 0.167058828076125 0.550284645918143 0.011045654852388 1.000000000000000 0.159448519391460
0.075098814229249 0.441666666666667 0.000000000000000 0.000000000000000 0.000000000000000 0.000000000000000 0.000000000000000 0.000000000000000 0.000000000011469 0.000000000000000 0.000000000000000 0.000000000000000 0.000000000000000 0.833955226042131 0.131764710989619 0.578747642666052 0.000000000000000 0.000000000000000 0.511054416358307
0.359683794466403 0.458333333333333 0.000000000000000 0.000000000000000 0.000000000000000 0.049429661763218 0.001836892609838 0.045962731058215 0.001485437741538 0.104311906407805 0.069692054859741 0.155375554820504 0.083398283448222 0.561567193469452 0.401176479993080 0.421252391489545 0.155375554820504 0.596422100000000 0.135784199707369
0.102766798418972 0.512500000000000 0.000000000000000 0.000000000000000 0.000000000000000 0.038022811476239 0.000989501354417 0.036024846706531 0.000766657887526 0.060676482127854 0.026742301918495 0.105301914541223 0.045985967155543 0.580223890778152 0.359999997882353 0.468690713140868 0.105301914541223 0.772831000000000 0.117712296774591
0.379446640316206 0.216666666666667 0.000000000000000 0.000000000000000 0.000000000000000 0.024714801794155 0.000446751920707 0.007453387214075 0.000152068986138 0.759359721436397 0.701782809576846 0.835787943035435 0.732657779184481 0.194029887085096 0.677647076013841 0.349146116894527 0.835787943035435 0.236889990000000 0.111092105292979
0.739130434782609 0.129166666666667 0.000000000000000 0.000000000000000 0.000000000000000 0.026615998831848 0.000548875467068 0.037267106008254 0.000912415403128 0.759359721436397 0.697730942445145 0.836524279554313 0.735775475891645 0.166044757166825 0.681176484228374 0.371916526588869 0.836524279554313 0.241934050000000 0.106399858108296
0.438735177865613 0.275000000000000 0.000000000000000 0.000000000000000 0.000000000000000 0.032319465382183 0.000578929411817 0.026086926578452 0.000584036566416 0.750322773054153 0.684764969082374 0.829896886377784 0.727981286734800 0.141791101038649 0.690588260643598 0.381404200141145 0.829896886377784 0.250142800000000 0.104000525126894
0.324110671936759 0.070833333333333 0.000000000000000 0.000000000000000 0.000000000000000 0.013307999415924 0.000137217722289 0.019875727336911 0.000328508456646 0.787503231216212 0.725283603932606 0.868924875781113 0.759937641155490 0.152985069050735 0.708235280539792 0.341555991714945 0.868924875781113 0.241511420000000 0.110177716337633
0.474308300395257 0.295833333333333 0.000000000000000 0.000000000000000 0.000000000000000 0.019011422848387 0.000347141244934 0.013664586232013 0.000319587638993 0.742576847175115 0.677471614079997 0.834315137449815 0.706936860266972 0.147388059858125 0.747058813252595 0.284630018712486 0.834315137449815 0.262092600000000 0.117398647613581
0.557312252964427 0.091666666666667 0.000000000000000 0.000000000000000 0.000000000000000 0.017110223073051 0.000628816254695 0.011180151479494 0.000252178714764 0.770978575398252 0.705834705881967 0.852724610804679 0.745908023510272 0.138059744785864 0.705882331141869 0.360531321741698 0.852724610804679 0.247776460000000 0.106797598081675
0.256916996047431 0.408333333333333 0.000000000000000 0.000000000000000 0.000000000000000 0.028517067884744 0.000816426880857 0.022360276126691 0.000608279487939 0.714433267681898 0.652350053908833 0.810014706848198 0.671862816153926 0.177238842716222 0.758823507301038 0.235294153811809 0.810014706848198 0.268117820000000 0.125343609345882
0.747035573122530 0.141666666666667 0.000000000000000 0.000000000000000 0.000000000000000 0.022813690307797 0.000672233619947 0.017391321652713 0.000392641239825 0.759617870166317 0.699351679087129 0.840942530626344 0.730319568033684 0.175373189776397 0.701176495875432 0.330170803945573 0.840942530626344 0.244288880000000 0.112876730910492
0.355731225296443 0.179166666666667 0.000000000000000 0.000000000000000 0.000000000000000 0.028517110318206 0.000411657482608 0.018633567538288 0.000474839104516 0.766847428872113 0.713938389091883 0.842415336211964 0.736554926373969 0.223880636361104 0.675294105439446 0.322580661688192 0.842415336211964 0.229673920000000 0.117252223164492
0.205533596837945 0.070833333333333 0.000000000000000 0.000000000000000 0.000000000000000 0.015209111928898 0.000407057134364 0.039751568711083 0.000620820838146 0.777949915660726 0.703403538925474 0.865979397157736 0.755261064528104 0.070895567310369 0.737647036837370 0.377609120473555 0.865979397157736 0.261838440000000 0.101666195065335
0.300395256916996 0.104166666666667 0.000000000000000 0.000000000000000 0.000000000000000 0.019011422848387 0.000173574343281 0.023602490707920 0.000466649779787 0.780273742223819 0.716369519581601 0.863770288190204 0.752143374835748 0.143656753978474 0.716470566373702 0.337760929125154 0.863770288190204 0.246339740000000 0.110261723210281
0.343873517786561 0.333333333333333 0.000000000000000 0.000000000000000 0.000000000000000 0.036121686301667 0.000834669902263 0.016149048934842 0.000557013057138 0.731216107086479 0.675040556523829 0.818114839336415 0.692127785124621 0.212686584393796 0.721176486346021 0.259962077723248 0.818114839336415 0.250204100000000 0.124850110938932
0.924901185770751 0.145833333333333 0.000000000000000 0.000000000000000 0.000000000000000 0.039923912696437 0.000628817152127 0.029813635166855 0.000430115578532 0.799122154891469 0.735818454099015 0.880706922822482 0.772408420969340 0.141791101038649 0.711764731107266 0.347248602677430 0.880706922822482 0.240721780000000 0.108978452757592
0.754940711462451 0.166666666666667 0.000000000000000 0.000000000000000 0.000000000000000 0.024714888714311 0.000392936845782 0.021117973222486 0.000557012537780 0.758068698933190 0.694489454574469 0.841678933419154 0.729540117551360 0.152985069050735 0.711764731107266 0.335863397830259 0.841678933419154 0.250136670000000 0.110924242639179
0.596837944664032 0.029166666666667 0.000000000000000 0.000000000000000 0.000000000000000 0.026615957767207 0.000459225017908 0.012422397365068 0.000196320192849 0.781564729870325 0.709076164579223 0.864506591572116 0.762275873350713 0.083955221844370 0.714117648740484 0.402277061462793 0.864506591572116 0.254668400000000 0.098913744466169
0.324110671936759 0.179166666666667 0.000000000000000 0.000000000000000 0.000000000000000 0.026615911911692 0.000726094675666 0.014906832117588 0.000402337378376 0.766589210428790 0.711507331535716 0.844624412042530 0.735775475891645 0.208955278514144 0.687058810076125 0.318785599098402 0.844624412042530 0.234504330000000 0.116339345124122
0.450592885375494 0.291666666666667 0.000000000000000 0.000000000000000 0.000000000000000 0.024714888714311 0.000652334614342 0.016149105729869 0.000281089647319 0.738445700648976 0.670178259077620 0.827687744273286 0.708495691083533 0.126865709609600 0.734117660387543 0.326375724277983 0.827687744273286 0.264219820000000 0.111121719226502
0.134387351778656 0.233333333333333 0.000000000000000 0.333333323333334 0.000000000000000 0.091254709900387 0.001144773355017 0.085714250576755 0.001399949027892 0.739478434995459 0.671799061359798 0.832106061619248 0.705378029450412 0.130597015489251 0.750588221467128 0.296015206481858 0.832106061619248 0.266439770000000 0.115305879280747
0.699604743083004 0.020833333333333 0.000000000000000 0.000000000000000 0.000000000000000 0.011406887929566 0.000300632719933 0.033540341519233 0.000870256441173 0.787503231216212 0.726094041540470 0.868188506125269 0.759937641155490 0.158582145407523 0.704705872325259 0.341555991714945 0.868188506125269 0.239898880000000 0.110661830283789
0.359683794466403 0.387500000000000 0.000000000000000 0.000000000000000 0.000000000000000 0.058935380031518 0.001448296613232 0.040993814596657 0.000994284413748 0.700748805600273 0.636142614555451 0.794550778390642 0.662509690958388 0.164179104226999 0.747058813252595 0.267552219980628 0.794550778390642 0.272402520000000 0.120533057518603
0.256916996047431 0.125000000000000 0.000000000000000 0.000000000000000 0.000000000000000 0.020912576768207 0.000330467570230 0.008695717844986 0.000236403572756 0.764781855609043 0.693679126366930 0.854197350116367 0.737334376856294 0.098880579691329 0.741176487404844 0.343453523009841 0.854197350116367 0.262045620000000 0.107347168222168
0.142292490118577 0.208333333333333 0.000000000000000 0.000000000000000 0.000000000000000 0.020912534334745 0.000494750667125 0.012422369414760 0.000196319875465 0.760392455782880 0.693679126366930 0.850515501837146 0.727981286734800 0.130597015489251 0.743529436802768 0.307400394251230 0.850515501837146 0.258869140000000 0.113617314279800
0.205533596837945 0.279166666666667 0.000000000000000 0.333333323333334 0.000000000000000 0.041825198707518 0.001034163327009 0.059627294929982 0.001651899358301 0.744900604024806 0.679902744569714 0.832842391510733 0.713172211592448 0.147388059858125 0.729411751003460 0.313093005213715 0.832842391510733 0.258181660000000 0.113502048255099
0.873517786561265 0.112500000000000 0.000000000000000 0.333333323333334 0.000000000000000 0.019011422848387 0.000407058455303 0.047204956819568 0.000496656793994 0.791118010569110 0.732576958934983 0.871133984748645 0.761496500031286 0.177238842716222 0.702352954692042 0.326375724277983 0.871133984748645 0.235760240000000 0.113179803666672
0.628458498023715 0.079166666666667 0.000000000000000 0.000000000000000 0.000000000000000 0.007604533892205 0.000274437299943 0.013664558058102 0.000441176392947 0.775367940367713 0.712317652449900 0.854933719772211 0.750584544019188 0.151119399319865 0.696470575903114 0.362428853036593 0.854933719772211 0.242850440000000 0.107254834529209
0.608695652173913 0.037500000000000 0.000000000000000 0.000000000000000 0.000000000000000 0.020912576768207 0.000330466128288 0.013664613958720 0.000236400817278 0.778724536133990 0.717990248930229 0.858615634325364 0.751363994501512 0.166044757166825 0.698823546477508 0.343453523009841 0.858615634325364 0.240107540000000 0.110626172690363
0.905138339920949 0.004166666666667 0.000000000000000 0.000000000000000 0.000000000000000 0.030418223857796 0.000274436614265 0.036024862358704 0.000703747887507 0.829847709677698 0.782009714602996 0.896907254072848 0.803585352966941 0.238806010999108 0.649411778532872 0.349146116894527 0.896907254072848 0.207675130000000 0.113370514712493
0.687747035573123 0.012500000000000 0.000000000000000 0.000000000000000 0.000000000000000 0.030418223857796 0.000814113603216 0.027329201532348 0.000562175755867 0.793441767418800 0.730145901378816 0.875552268957642 0.766172992480967 0.143656753978474 0.712941189923875 0.343453523009841 0.875552268957642 0.242160070000000 0.109635650408186
0.308300395256917 0.195833333333333 0.000000000000000 0.000000000000000 0.000000000000000 0.036121686301667 0.000538486933388 0.023602551080587 0.000490802297097 0.760392455782880 0.702593218011290 0.837997018866001 0.732657779184481 0.192164234145270 0.683529401861592 0.341555991714945 0.837997018866001 0.238143370000000 0.112305957596507
0.328063241106719 0.312500000000000 0.000000000000000 0.000000000000000 0.000000000000000 0.028517154804900 0.000696986261423 0.026087011547391 0.000498593303735 0.737412896589091 0.677471614079997 0.822533156682377 0.703819170574617 0.184701488057613 0.714117648740484 0.299810251993850 0.822533156682377 0.251552020000000 0.117580494624878
0.865612648221344 0.116666666666667 0.000000000000000 0.333333323333334 0.000000000000000 0.022813732741259 0.000736395260993 0.029813664235176 0.000961772655358 0.787761449659534 0.725283603932606 0.868924875781113 0.760717014474918 0.151119399319865 0.707058811134948 0.345351054304736 0.868924875781113 0.241458580000000 0.109224228260305
0.225296442687747 0.058333333333333 0.000000000000000 0.000000000000000 0.000000000000000 0.026616043318542 0.000506038972353 0.008695660826356 0.000236401726153 0.782339280630187 0.713128060884344 0.870397681366733 0.754481691208677 0.106343325778987 0.738823516830450 0.339658460420050 0.870397681366733 0.255410020000000 0.108665156143410
0.071146245059289 0.070833333333333 0.000000000000000 0.000000000000000 0.000000000000000 0.039923953761078 0.001288694149468 0.024844738829519 0.000855744087253 0.777433548487484 0.700972481369307 0.869661311710889 0.752143374835748 0.057835879194279 0.757647048484429 0.358633790446802 0.869661311710889 0.267544480000000 0.103780183359605
0.727272727272727 0.100000000000000 0.000000000000000 0.000000000000000 0.000000000000000 0.047528447615258 0.001050421974625 0.026086926578452 0.000584034633254 0.760650709082904 0.703403538925474 0.831369625689473 0.739672588007090 0.195895540024922 0.650588237349481 0.390891856615622 0.831369625689473 0.231165840000000 0.104752054235804
0.996047430830040 0.087500000000000 0.000000000000000 0.000000000000000 0.000000000000000 0.017110223073051 0.000591793244937 0.029813579266237 0.000402337565921 0.814097639476302 0.757698519106147 0.883652467719790 0.793452847437168 0.184701488057613 0.657647074955017 0.390891856615622 0.883652467719790 0.220748230000000 0.104585887164366
0.671936758893281 0.016666666666667 0.000000000000000 0.000000000000000 0.000000000000000 0.022813732741259 0.000562429980123 0.014906859844294 0.000504357418059 0.792925400245559 0.730145901378816 0.874815899301797 0.765393612146731 0.147388059858125 0.711764731107266 0.341555991714945 0.874815899301797 0.241576020000000 0.109986165894603
0.936758893280632 0.183333333333333 0.000000000000000 0.000000000000000 0.000000000000000 0.024714888714311 0.000494748811759 0.022360247058370 0.000402338792181 0.792408991244276 0.736628855240104 0.876288704887417 0.756040522025237 0.195895540024922 0.721176486346021 0.277039876455105 0.876288704887417 0.235893590000000 0.121624911831816
0.909090909090909 0.008333333333333 0.000000000000000 0.000000000000000 0.000000000000000 0.043726180155848 0.000578929411817 0.022360247058370 0.000760347193068 0.827265692556644 0.777147526557111 0.899852798970156 0.797349917463759 0.223880636361104 0.675294105439446 0.322580661688192 0.899852798970156 0.215087730000000 0.116219344899164
0.936758893280632 0.058333333333333 0.000000000000000 0.000000000000000 0.000000000000000 0.013307913180179 0.000253018850916 0.021118058415027 0.000597087196815 0.810482860123404 0.756077782464164 0.886598012617099 0.780982067623318 0.199626845904573 0.688235311245675 0.326375724277983 0.886598012617099 0.224974660000000 0.114826130200076
0.438735177865613 0.079166666666667 0.000000000000000 0.000000000000000 0.000000000000000 0.019011465624054 0.000274437178941 0.027329201532348 0.000519416683925 0.789568839335983 0.735008125891476 0.862297482604584 0.763834711182082 0.205223922261360 0.667058840782007 0.354838727857012 0.862297482604584 0.225383760000000 0.110610308083118
0.312252964426877 0.120833333333333 0.000000000000000 0.000000000000000 0.000000000000000 0.020912534334745 0.000578926739687 0.016149075767138 0.000557012371875 0.771753195871517 0.701782809576846 0.854933719772211 0.749805093536864 0.104477656048117 0.712941189923875 0.383301714358241 0.854933719772211 0.254051300000000 0.102319615428490
0.865612648221344 0.104166666666667 0.000000000000000 0.000000000000000 0.000000000000000 0.032319335001949 0.000807146363322 0.023602490707920 0.000616146342362 0.794991008365330 0.735008125891476 0.877761377925174 0.763834711182082 0.166044757166825 0.716470566373702 0.314990519430812 0.877761377925174 0.239085330000000 0.114483303592091
0.260869565217391 0.120833333333333 0.000000000000000 0.000000000000000 0.000000000000000 0.022813645821103 0.000520709064186 0.014906832117588 0.000504356408198 0.767105647315435 0.695299863008913 0.854933719772211 0.742010904380019 0.093283620871853 0.734117660387543 0.360531321741698 0.854933719772211 0.260966100000000 0.104877409814954
0.454545454545455 0.179166666666667 0.000000000000000 0.000000000000000 0.000000000000000 0.020912576768207 0.000446753765988 0.038509325061533 0.000670084505101 0.758843284549753 0.705834705881967 0.835787943035435 0.727201829237667 0.225746322883018 0.680000025411765 0.313093005213715 0.835787943035435 0.232218970000000 0.118832690592901
0.482213438735178 0.237500000000000 0.000000000000000 0.000000000000000 0.000000000000000 0.032319377777617 0.000578929058894 0.016149105729869 0.000414139906952 0.748515383377704 0.687196099572091 0.837260688974516 0.712392838273021 0.171641833523612 0.734117660387543 0.280834921967097 0.837260688974516 0.254159630000000 0.119356088328425
0.039525691699605 0.162500000000000 0.000000000000000 0.333333323333334 0.000000000000000 0.060836488095823 0.001012076109509 0.024844738829519 0.000657015891961 0.761683478286088 0.684764969082374 0.863770288190204 0.726422455918240 0.059701532134105 0.801176448228374 0.286527550007381 0.863770288190204 0.279700070000000 0.112841056529121
0.403162055335968 0.220833333333333 0.000000000000000 0.000000000000000 0.000000000000000 0.022813690307797 0.000705044294832 0.029813606098534 0.000662855522259 0.758326917376512 0.702593218011290 0.836524279554313 0.727981286734800 0.207089591992230 0.685882340671280 0.322580661688192 0.836524279554313 0.236796800000000 0.115624044398740
0.296442687747036 0.033333333333333 0.000000000000000 0.000000000000000 0.000000000000000 0.032319377777617 0.000446751920707 0.019875756628835 0.000421061762165 0.796540179598456 0.736628855240104 0.877025074543262 0.767731823297527 0.166044757166825 0.705882331141869 0.332068318162669 0.877025074543262 0.236733330000000 0.112175431330551
0.837944664031621 0.012500000000000 0.000000000000000 0.000000000000000 0.000000000000000 0.036121686301667 0.000578928080794 0.037267135076575 0.000961771645497 0.815646810709429 0.760129649595864 0.888807055310699 0.790335108641150 0.190298547623356 0.675294105439446 0.356736259151907 0.888807055310699 0.222855700000000 0.109758168824771
0.525691699604743 0.075000000000000 0.000000000000000 0.000000000000000 0.000000000000000 0.026615957767207 0.000407057910794 0.009937849693301 0.000291190898883 0.781306476570302 0.718800686538093 0.865243027501892 0.751363994501512 0.152985069050735 0.718823515771626 0.324478192983088 0.865243027501892 0.245093270000000 0.112641850783548
0.304347826086957 0.079166666666667 0.000000000000000 0.000000000000000 0.000000000000000 0.022813690307797 0.000672232712431 0.021118001172795 0.000557011578412 0.787503231216212 0.724473283018422 0.868924875781113 0.760717014474918 0.147388059858125 0.708235280539792 0.347248602677430 0.868924875781113 0.242336620000000 0.108972425885633
0.913043478260870 0.083333333333333 0.000000000000000 0.000000000000000 0.000000000000000 0.019011378361693 0.000347140639924 0.017391294820416 0.000248329066355 0.801445911741159 0.743111809101392 0.878497813854950 0.774746632120136 0.175373189776397 0.690588260643598 0.347248602677430 0.878497813854950 0.231320050000000 0.110682596970733
0.221343873517787 0.325000000000000 0.000000000000000 0.333333323333334 0.000000000000000 0.019011378361693 0.000274441686269 0.028571445181898 0.000557012624340 0.739478434995459 0.679092416362175 0.831369625689473 0.699142593947230 0.180970148595873 0.747058813252595 0.250474421248771 0.831369625689473 0.257746160000000 0.123890209866930
0.438735177865613 0.029166666666667 0.000000000000000 0.000000000000000 0.000000000000000 0.028517110318206 0.000696988076454 0.011180123529185 0.000201170072662 0.793183618688881 0.746353348025554 0.862297482604584 0.763834711182082 0.257462725098852 0.650588237349481 0.328273255572879 0.862297482604584 0.213257450000000 0.118075655038301
0.636363636363636 0.012500000000000 0.000000000000000 0.000000000000000 0.000000000000000 0.032319422264310 0.000538489252594 0.013664643250643 0.000513822341686 0.785954059983085 0.722042145235350 0.865979397157736 0.761496500031286 0.141791101038649 0.701176495875432 0.364326401409287 0.865979397157736 0.242294420000000 0.106638297279404
0.407114624505929 0.125000000000000 0.000000000000000 0.000000000000000 0.000000000000000 0.013307999415924 0.000330467459311 0.018633538469967 0.000423345519876 0.781564729870325 0.722042145235350 0.857142895013675 0.757599352841797 0.173507503254482 0.678823545418685 0.368121463999078 0.857142895013675 0.234492630000000 0.107379333923206
0.703557312252964 0.216666666666667 0.000000000000000 0.000000000000000 0.000000000000000 0.034220446146102 0.000520710143121 0.139130443532271 0.004093657275512 0.736121874085883 0.675850877438014 0.816642100024727 0.707716240601208 0.182835801535699 0.691764719460208 0.337760929125154 0.816642100024727 0.248135900000000 0.112293316274544
0.241106719367589 0.062500000000000 0.000000000000000 0.000000000000000 0.000000000000000 0.026615957767207 0.000274437904954 0.009937878314417 0.000291190624778 0.782339280630187 0.717179928016045 0.867452136469425 0.753702205652308 0.134328354950991 0.724705883972318 0.333965866535363 0.867452136469425 0.248698150000000 0.110470565235811
0.814229249011858 0.195833333333333 0.000000000000000 0.000000000000000 0.000000000000000 0.026615957767207 0.000347140700425 0.019875756628835 0.000421060485412 0.769429404165125 0.712317652449900 0.849042696251527 0.738893214687663 0.194029887085096 0.695294095910035 0.320683130393297 0.849042696251527 0.237566500000000 0.115317127203344
0.683794466403162 0.162500000000000 0.000000000000000 0.000000000000000 0.000000000000000 0.034220578237363 0.000766462838645 0.021118030241116 0.000687123387352 0.749031750550945 0.690437587442768 0.833578800930937 0.714731049423818 0.190298547623356 0.714117648740484 0.294117675186963 0.833578800930937 0.247336800000000 0.118670552628064
0.169960474308300 0.283333333333333 0.000000000000000 0.000000000000000 0.000000000000000 0.015209111928898 0.000347139732408 0.017391321652713 0.000291190877243 0.751097358670716 0.684764969082374 0.838733454795777 0.720966477912191 0.136194024681861 0.729411751003460 0.324478192983088 0.838733454795777 0.258079100000000 0.111842946096178
0.181818181818182 0.850000000000000 0.000000000000000 0.000000000000000 0.000000000000000 0.106463892665790 0.001799612571472 0.075776402001466 0.001736636158188 0.119803765137220 0.105348465197313 0.103829161974748 0.150428681981958 0.695895531629399 0.083529419861592 0.796963963590406 0.142120768467446 0.341766030000000 0.891485079169007
0.612648221343874 0.708333333333333 0.000000000000000 0.000000000000000 0.000000000000000 0.017110261742254 0.000352522419671 0.033540368351530 0.000364650218645 0.081332305385974 0.065640195021395 0.064801179198813 0.113795793022734 0.699626871091139 0.071764713107266 0.812144231027368 0.107511050018328 0.445978580000000 0.881504277022567
0.221343873517787 0.908333333333333 0.000000000000000 0.000000000000000 0.000000000000000 0.093155910360133 0.002076502462796 0.077018634470892 0.001016327735060 0.101988128644094 0.087520260028527 0.089837992711060 0.128604833091042 0.701492540822009 0.097647063307958 0.768500960011378 0.121502212654623 0.347691900000000 0.905644534924002
0.110671936758893 0.766666666666667 0.000000000000000 0.000000000000000 0.000000000000000 0.015209122195058 0.000407057608289 0.013664590033255 0.000490802340376 0.111799641728881 0.105348465197313 0.088365240144586 0.142634450736260 0.753731348696814 0.045882359730104 0.798861494885302 0.134756999007680 0.342306940000000 0.837250870056192
0.027667984189723 0.783333333333333 0.000000000000000 0.000000000000000 0.000000000000000 0.057034237746679 0.000795397897226 0.031055907884726 0.000513821209199 0.104570103937106 0.097244730933912 0.078055965551871 0.139516761043905 0.750000004197761 0.029411766885813 0.829222029759226 0.131811493874731 0.408884580000000 0.830915553199274
0.529644268774704 0.833333333333333 0.000000000000000 0.000000000000000 0.000000000000000 0.064638772665500 0.001338853347886 0.048447193761044 0.000829441460143 0.125225927195226 0.105348465197313 0.108247426301565 0.162120018328292 0.656716433699042 0.080000004235294 0.842504765901292 0.153166412716006 0.375552330000000 0.901801405167715
0.403162055335968 0.679166666666667 0.000000000000000 0.333333323333334 0.000000000000000 0.049429668607325 0.001177209377178 0.037267076939933 0.000912417639249 0.161631806712062 0.150729346440270 0.131811493874731 0.203429455855668 0.707089561768350 0.027058828076125 0.876660363365007 0.192194402119334 0.327970240000000 0.852470467697855
0.130434782608696 0.962500000000000 0.000000000000000 0.000000000000000 0.000000000000000 0.055133078351574 0.001652336994050 0.054658387412523 0.000799872509276 0.103279116290600 0.082658020929157 0.103829161974748 0.122369446691522 0.658582086638867 0.158823534830450 0.713472501226015 0.115611195761331 0.353161420000000 0.987095711679146
0.774703557312253 0.604166666666667 0.000000000000000 0.000000000000000 0.000000000000000 0.032319374355563 0.000494750818377 0.045962735530265 0.001229947415001 0.117996389403451 0.098055110194936 0.103092779064118 0.152766956266034 0.658582086638867 0.088235300657439 0.827324481386531 0.144329903944552 0.384638370000000 0.907851024790673
0.134387351778656 0.650000000000000 0.000000000000000 0.000000000000000 0.000000000000000 0.055133078351574 0.000936716108121 0.033540370587555 0.000815382101082 0.132713662516303 0.122366298398430 0.103829161974748 0.173031946281155 0.720149259959066 0.024705889266436 0.867172706890530 0.163475693936114 0.365503070000000 0.842040806288025
0.505928853754941 0.687500000000000 0.000000000000000 0.000000000000000 0.000000000000000 0.049429654919111 0.000660935271545 0.060869556467729 0.001111426143143 0.158533436360447 0.141815240209200 0.131075117591494 0.203429455855668 0.667910452084261 0.037647063307958 0.899430773059349 0.192194402119334 0.335021170000000 0.868117436034365
0.110671936758893 0.720833333333333 0.000000000000000 0.000000000000000 0.000000000000000 0.055133068085413 0.001071715720914 0.059627326234328 0.001368626092474 0.095016788381620 0.083468400190182 0.075110453791528 0.127045974215246 0.723880606137224 0.058823533771626 0.808349168437578 0.120029446833362 0.387663200000000 0.860318361536940
0.177865612648221 0.945833333333333 0.000000000000000 0.000000000000000 0.000000000000000 0.036121679457561 0.000834671818129 0.048447209413217 0.001314764715249 0.092434806117267 0.070502434120765 0.083946982445162 0.122369446691522 0.652985077446258 0.112941181453287 0.793168883922817 0.115611195761331 0.445509140000000 0.932133946641702
0.814229249011858 0.670833333333333 0.000000000000000 0.000000000000000 0.000000000000000 0.034220547438882 0.000300632387178 0.037267092592106 0.000662855918991 0.132455464987001 0.119935175202068 0.108247426301565 0.169914249573991 0.705223888679271 0.047058829134948 0.846299828491083 0.160530182175772 0.343749640000000 0.860890612190012
0.715415019762846 0.775000000000000 0.000000000000000 0.333333323333334 0.000000000000000 0.074144501199960 0.000696986725264 0.053416143762972 0.001142210534036 0.089594626323614 0.076175045187804 0.084683358728399 0.107560399608405 0.712686570960960 0.129411769850519 0.705882370923094 0.101620026497643 0.322069000000000 0.952276457821004
0.569169960474308 0.662500000000000 0.000000000000000 0.000000000000000 0.000000000000000 0.043726245174862 0.000578928080794 0.027329185880175 0.000620821357503 0.114381623993234 0.093192871095566 0.111929314345145 0.137178479745020 0.651119407715388 0.147058828076125 0.740037973510148 0.129602351770233 0.346718640000000 0.970552821125882
0.415019762845850 0.758333333333333 0.000000000000000 0.000000000000000 0.000000000000000 0.036121679457561 0.000960534159697 0.019875777647467 0.000447680908613 0.100697140997588 0.085089144125520 0.083210599534532 0.134060783037856 0.694029861898530 0.071764713107266 0.817836824912054 0.126656840009891 0.388863350000000 0.882077199193406
0.391304347826087 0.600000000000000 0.000000000000000 0.000000000000000 0.000000000000000 0.017110255582558 0.000463305268915 0.018633538469967 0.000252178931163 0.162664610771948 0.145867100047545 0.136966134484785 0.205767730139743 0.666044782353391 0.047058829134948 0.886148019839484 0.194403537596439 0.318089750000000 0.875251556850988
0.355731225296443 0.983333333333333 0.000000000000000 0.000000000000000 0.000000000000000 0.091254750965028 0.001257634324421 0.049689432938545 0.001027642435782 0.088045448119146 0.069692054859741 0.082474229878688 0.111457518738659 0.679104487260526 0.125882357612457 0.745730567394834 0.105301914541223 0.401833200000000 0.939665740279927
0.284584980237154 0.637500000000000 0.000000000000000 0.000000000000000 0.000000000000000 0.032319390097009 0.000578927344698 0.042236024705837 0.000755261243785 0.161373616154101 0.158833073410317 0.126656840009891 0.200311759148503 0.764925378835765 0.003529418802768 0.855787467887761 0.189248890358992 0.330345000000000 0.812952436144746
0.667984189723320 0.725000000000000 0.000000000000000 0.000000000000000 0.000000000000000 0.020912544600905 0.000446753312231 0.032298140354153 0.000755261965115 0.074877360182103 0.059157219280042 0.064801179198813 0.100545590785796 0.701492540822009 0.101176476816609 0.762808366126692 0.094992633321115 0.435185200000000 0.907721707256698
0.565217391304348 0.658333333333333 0.000000000000000 0.000000000000000 0.000000000000000 0.038022801210079 0.000785871906783 0.031055887760504 0.000535852065939 0.119287370078617 0.098055110194936 0.119293077177518 0.139516761043905 0.649253737984518 0.160000005294118 0.721062626405597 0.131811493874731 0.324965180000000 0.986962700797452
0.039525691699605 0.633333333333333 0.000000000000000 0.000000000000000 0.000000000000000 0.036121665769347 0.000936715503111 0.055900622117974 0.000946626036503 0.138135824574309 0.127228530204445 0.110456561778670 0.177708494849306 0.714552245729143 0.031764705695502 0.861480078850246 0.167893964890324 0.344266680000000 0.847095488399489
0.644268774703557 0.795833333333333 0.000000000000000 0.333333323333334 0.000000000000000 0.051330797203950 0.001837917295878 0.036024844470507 0.000597086583685 0.105344696525010 0.087520260028527 0.097938145081457 0.130163670922411 0.677238817529656 0.121176475757785 0.755218223869311 0.122974958593704 0.354020120000000 0.934571975834426
0.905138339920949 0.629166666666667 0.000000000000000 0.000000000000000 0.000000000000000 0.057034220636412 0.001083944393892 0.021118005644844 0.000414139524648 0.120836569197105 0.100486226097943 0.105301914541223 0.156664068381479 0.654850747177127 0.085882356553633 0.834914623643912 0.148011785360738 0.382521840000000 0.905632800151024
0.980237154150198 0.816666666666667 0.000000000000000 0.666666646666667 0.000000000000000 0.093155910360133 0.000936714898100 0.019875777647467 0.000196320885326 0.084688880238230 0.069692054859741 0.068483067242393 0.116134053277192 0.703358215590193 0.074117649799308 0.804554088769988 0.109720172240647 0.432389260000000 0.883287324573328
0.379446640316206 0.687500000000000 0.000000000000000 0.000000000000000 0.000000000000000 0.026615977272912 0.000660934797620 0.053416154943096 0.000942545620395 0.154660466449588 0.138573745045168 0.131075117591494 0.194855809201689 0.673507478067916 0.055294122380623 0.865275175595634 0.184094263003724 0.316040660000000 0.877005561258327
0.162055335968379 0.970833333333333 0.000000000000000 0.333333323333334 0.000000000000000 0.038022811476239 0.001482982971779 0.024844720941322 0.000908183579979 0.089336435765653 0.069692054859741 0.077319589268633 0.120810601845344 0.669776121815131 0.095294123439446 0.804554088769988 0.114138443194857 0.446035440000000 0.912577687260913
0.826086956521739 0.920833333333333 0.000000000000000 0.000000000000000 0.000000000000000 0.062737650912982 0.001216538485118 0.033540368351530 0.001242418767404 0.061451074715758 0.047811992040616 0.047864506790394 0.088854247424653 0.720149259959066 0.081176476816609 0.776091085190959 0.083946982445162 0.491388230000000 0.880610419722947
0.035573122529644 0.770833333333333 0.000000000000000 0.000000000000000 0.000000000000000 0.041825078935650 0.001055784988965 0.022360240350296 0.000608277973147 0.106893881700817 0.102917342000951 0.075846836702159 0.143413873159349 0.772388062796558 0.008235296422145 0.840607217528598 0.135493375290918 0.440580400000000 0.811418773504696
0.936758893280632 0.629166666666667 0.000000000000000 0.666666646666667 0.000000000000000 0.032319400363169 0.000718274159277 0.059627332942402 0.000526785027605 0.132455464987001 0.115072936102698 0.114874819478094 0.167575996334341 0.671641791546001 0.078823534830450 0.829222029759226 0.158321066580846 0.340030160000000 0.895735920937513
0.450592885375494 0.712500000000000 0.000000000000000 0.000000000000000 0.000000000000000 0.019011416004280 0.001055785392305 0.016149080239188 0.000824782032930 0.122643944930874 0.112641820199691 0.092783504471403 0.163678877204088 0.725746269151676 0.017647062249135 0.872865266619619 0.154639178537267 0.399446760000000 0.836336682556176
0.952569169960474 0.716666666666667 0.000000000000000 0.000000000000000 0.000000000000000 0.051330797203950 0.000944721707291 0.048447202705143 0.001297056295056 0.107152079230119 0.092382499127897 0.082474229878688 0.147310985274794 0.697761201360269 0.038823532712803 0.867172706890530 0.139175256707104 0.420244040000000 0.859550917456952
0.280632411067194 0.933333333333333 0.000000000000000 0.333333323333334 0.000000000000000 0.096958160709277 0.001762611947101 0.118012419999229 0.002262806926280 0.105086498995709 0.087520260028527 0.099410897647932 0.127825396638335 0.679104487260526 0.129411769850519 0.740037973510148 0.120765823116599 0.347480830000000 0.945193640961778
0.664031620553360 0.783333333333333 0.000000000000000 0.000000000000000 0.000000000000000 0.043726245174862 0.000446753231563 0.028571431765750 0.000751424709144 0.101213529084850 0.081037276993819 0.096465385887589 0.125487143398686 0.662313442891652 0.132941181559170 0.751423161279521 0.118556707521674 0.378473430000000 0.953278328753442
0.296442687747036 0.779166666666667 0.000000000000000 0.000000000000000 0.000000000000000 0.060836505206090 0.001214990263365 0.033540372823579 0.000498593303735 0.101471726614151 0.088330631996196 0.078055965551871 0.138737338620816 0.710820897871881 0.043529420920415 0.846299828491083 0.131075117591494 0.411572700000000 0.856159551278398
0.470355731225296 0.900000000000000 0.000000000000000 0.000000000000000 0.000000000000000 0.049429651497058 0.001196248854514 0.042236017997763 0.000582382219094 0.088045448119146 0.068881690185427 0.072901324941816 0.122369446691522 0.673507478067916 0.080000004235294 0.825426967169435 0.115611195761331 0.458364430000000 0.895808377704569
0.833992094861660 0.950000000000000 0.000000000000000 0.000000000000000 0.000000000000000 0.066539921794445 0.001463814022206 0.052173909057521 0.002034552482821 0.072295377917750 0.055915720469333 0.064064802915576 0.096648478670351 0.697761201360269 0.109411769003460 0.753320692574416 0.091310751904928 0.445968700000000 0.918393484397411
0.011857707509881 0.820833333333333 0.000000000000000 0.333333323333334 0.000000000000000 0.079847910944209 0.001778563551912 0.054658380704448 0.001222877016426 0.103020918761299 0.088330631996196 0.081001470684820 0.140296176452185 0.699626871091139 0.050588242643599 0.846299828491083 0.132547863530575 0.429397550000000 0.865719429300553
0.869565217391304 0.766666666666667 0.000000000000000 0.000000000000000 0.000000000000000 0.041825099467970 0.001420731933581 0.065838510941707 0.001100974513040 0.102762721231998 0.085089144125520 0.082474229878688 0.141075591860465 0.679104487260526 0.058823533771626 0.853889936592866 0.133284233186419 0.434488150000000 0.879342359147679
0.992094861660079 0.708333333333333 0.000000000000000 0.000000000000000 0.000000000000000 0.034220523484509 0.000637737083430 0.045962717642067 0.001469787274102 0.113607031405330 0.098865474869250 0.092047128188165 0.150428681981958 0.695895531629399 0.055294122380623 0.842504765901292 0.142120768467446 0.385555450000000 0.870556153532800
0.604743083003953 0.991666666666667 0.000000000000000 0.000000000000000 0.000000000000000 0.119771868127340 0.002326259147758 0.101863341996066 0.002552173550019 0.125484124724527 0.106969209132652 0.103829161974748 0.166017137458546 0.666044782353391 0.057647064366782 0.869070221107626 0.156848300759585 0.398396730000000 0.882906708303007
0.086956521739130 0.866666666666667 0.000000000000000 0.000000000000000 0.000000000000000 0.051330797203950 0.001013937121667 0.038509316117434 0.000670084360835 0.093209398705171 0.079416533058481 0.079528718118345 0.120810601845344 0.708955224782802 0.088235300657439 0.776091085190959 0.114138443194857 0.371913580000000 0.889678377404905
0.770750988142292 0.958333333333333 0.000000000000000 0.000000000000000 0.000000000000000 0.053231946332895 0.001138174808494 0.026086955646773 0.000870257955965 0.057578104804899 0.042949758046594 0.046391752235701 0.083398283448222 0.714552245729143 0.091764712048443 0.764705897421587 0.078792341835108 0.509459700000000 0.893374847680884
0.845849802371542 0.933333333333333 0.000000000000000 0.000000000000000 0.000000000000000 0.047528522900433 0.001071715519244 0.023602486235870 0.000353922795462 0.064033050008770 0.049432738893296 0.053019145412230 0.089633669847742 0.712686570960960 0.094117651916955 0.762808366126692 0.084683358728399 0.482192340000000 0.898983112251498
0.197628458498024 0.941666666666667 0.000000000000000 0.333333323333334 0.000000000000000 0.087452476661510 0.002556845975632 0.052173909057521 0.000886710541685 0.098631560763178 0.081037276993819 0.086156111294874 0.128604833091042 0.680970156991395 0.095294123439446 0.793168883922817 0.121502212654623 0.397984740000000 0.910343933772903
0.960474308300395 0.758333333333333 0.000000000000000 0.000000000000000 0.000000000000000 0.070342209786176 0.002243857732195 0.086956509878478 0.002619248743991 0.112832424874746 0.097244730933912 0.094256257037877 0.147310985274794 0.690298522436790 0.069411769003460 0.825426967169435 0.139175256707104 0.378870580000000 0.884099760343703
0.913043478260870 0.683333333333333 0.000000000000000 0.000000000000000 0.000000000000000 0.039923964027238 0.000628817152127 0.063354032586706 0.001563805491419 0.107152079230119 0.090761755192559 0.089837992711060 0.141075591860465 0.686567166184005 0.074117649799308 0.821631887501845 0.133284233186419 0.387412340000000 0.887472995542549
0.549407114624506 0.625000000000000 0.000000000000000 0.000000000000000 0.000000000000000 0.009505700131417 0.000330467398810 0.017391301528491 0.000447680692214 0.109734061494471 0.090761755192559 0.094992633321115 0.143413873159349 0.667910452084261 0.087058828076125 0.819734356206950 0.135493375290918 0.390957180000000 0.904753968061440
0.146245059288538 0.958333333333333 0.000000000000000 0.000000000000000 0.000000000000000 0.070342223474390 0.000578928151378 0.034782614237105 0.001027642580048 0.099922541438344 0.079416533058481 0.092783504471403 0.127045974215246 0.660447773160782 0.121176475757785 0.772296022601169 0.120029446833362 0.399901100000000 0.938163555035204
0.620553359683794 0.583333333333333 0.000000000000000 0.000000000000000 0.000000000000000 0.013307988465353 0.000392935716429 0.099378881529262 0.002915878505519 0.132455464987001 0.111021068970997 0.121502212654623 0.164458299627177 0.643656728791908 0.110588240525952 0.806451620064883 0.155375554820504 0.352606000000000 0.931634186331575
0.142292490118577 0.770833333333333 0.000000000000000 0.000000000000000 0.000000000000000 0.043726234908702 0.001006481678670 0.029813664235176 0.000588963101903 0.093209398705171 0.084278764864496 0.069219443525630 0.127045974215246 0.742537313520550 0.038823532712803 0.821631887501845 0.120029446833362 0.430243100000000 0.839556224126106
0.719367588932806 0.608333333333333 0.000000000000000 0.000000000000000 0.000000000000000 0.022813690307797 0.000425158593407 0.047204972471741 0.000447680800414 0.137103020514424 0.119935175202068 0.123711348131728 0.167575996334341 0.671641791546001 0.100000005294118 0.795066432295511 0.158321066580846 0.314186630000000 0.914838418975212
0.517786561264822 0.883333333333333 0.000000000000000 0.000000000000000 0.000000000000000 0.072243352071015 0.000726095270593 0.039751548586860 0.000674384998808 0.115156209609797 0.096434358966243 0.089101623055216 0.160561187511732 0.667910452084261 0.034117655093426 0.905123332788438 0.151693673404318 0.433125260000000 0.866882649164451
0.873517786561265 0.741666666666667 0.000000000000000 0.000000000000000 0.000000000000000 0.028517100052046 0.001013937323337 0.022360260474518 0.000860235588983 0.120578371667804 0.106158829871627 0.093519880754640 0.162899440751381 0.695895531629399 0.030588246878893 0.882352974327492 0.153902788999243 0.410420240000000 0.856960386579348
0.185770750988142 0.675000000000000 0.000000000000000 0.000000000000000 0.000000000000000 0.039923953761078 0.001078720935298 0.032298140354153 0.001184452232472 0.134004643191468 0.119935175202068 0.108983802584803 0.173811382733862 0.694029861898530 0.043529420920415 0.863377610145141 0.164212083474138 0.349655780000000 0.863526940579323
0.727272727272727 0.304166666666667 0.000000000000000 0.000000000000000 0.000000000000000 0.020912556235886 0.000494750667125 0.011180109442229 0.000331427712765 0.162148215713345 0.136142636435516 0.207658323949497 0.138737338620816 0.602611944339636 0.388235284775087 0.400379513090099 0.207658323949497 0.404099460000000 0.144261053874947
0.628458498023715 0.412500000000000 0.000000000000000 0.000000000000000 0.000000000000000 0.028517100052046 0.000696986664763 0.009937870935536 0.000196320914179 0.220500913106148 0.198541321706170 0.260677482616513 0.198752921317134 0.611940309785030 0.376470580138408 0.409867186642374 0.260677482616513 0.307444100000000 0.143861517591541
0.719367588932806 0.533333333333333 0.000000000000000 0.000000000000000 0.000000000000000 0.005703422405847 0.000184098812727 0.004968943517457 0.000196321015165 0.009553318344022 0.006482982305373 0.021354934084279 0.000000000000000 0.809701496033359 0.190588237349481 0.508538916443727 0.021354934084279 1.000000000000000 0.208355796302136
0.624505928853755 0.391666666666667 0.000000000000000 0.000000000000000 0.000000000000000 0.019011410528994 0.000506039416028 0.089440988233479 0.001316960874718 0.186418797410342 0.164505669890646 0.225331368001978 0.166017137458546 0.623134344961294 0.362352957868512 0.421252391489545 0.225331368001978 0.337493500000000 0.142994521002599
0.845849802371542 0.325000000000000 0.000000000000000 0.666666646666667 0.000000000000000 0.064638789775767 0.001600236417919 0.052173897877398 0.001244743395638 0.125742322253829 0.105348465197313 0.166421199069063 0.102104435631974 0.652985077446258 0.356470579079585 0.400379513090099 0.166421199069063 0.431379680000000 0.158122305377573
0.675889328063241 0.537500000000000 0.000000000000000 0.000000000000000 0.000000000000000 0.102661601252006 0.000425157201883 0.014906829881563 0.000304139151000 0.022463208054631 0.019448946916118 0.033136965882644 0.014029617645218 0.805970153213410 0.188235300657439 0.516129046746649 0.033136965882644 0.656084660000000 0.199946748641079
0.794466403162055 0.491666666666667 0.000000000000000 0.000000000000000 0.000000000000000 0.007604564006275 0.000548876707340 0.077018634470892 0.002744283980931 0.016008263547894 0.017828200792773 0.016936671745680 0.013250193819168 0.841417912521580 0.140000005294118 0.557874777928844 0.017673048691656 0.096560840000000 0.326153073650138
0.960474308300395 0.404166666666667 0.000000000000000 0.000000000000000 0.000000000000000 0.222433469379347 0.005144894256273 0.038509316117434 0.000597086908283 0.165246579093620 0.145867100047545 0.201767307056205 0.144972725020336 0.647388068253648 0.345882343847751 0.423149922784441 0.201767307056205 0.365331740000000 0.149376491556378
0.893280632411067 0.408333333333333 0.000000000000000 0.000000000000000 0.000000000000000 0.039923953761078 0.000991401944342 0.008695660826356 0.000281089005335 0.152336695657218 0.134521885206822 0.190721656180253 0.128604833091042 0.662313442891652 0.351764722636678 0.398481998873002 0.190721656180253 0.367141040000000 0.161401410573433
0.667984189723320 0.320833333333333 0.000000000000000 0.000000000000000 0.000000000000000 0.024714823353091 0.000392935534926 0.018633538469967 0.000331427712765 0.155693270509474 0.132901126684774 0.194403537596439 0.136399064336740 0.626865684423034 0.354117650858131 0.430740047964022 0.194403537596439 0.378615100000000 0.140327940737886
0.667984189723320 0.425000000000000 0.000000000000000 0.000000000000000 0.000000000000000 0.096958167553383 0.000628816073192 0.027329185880175 0.000496657262858 0.197521312084316 0.177471643253417 0.231222391522663 0.180826191556471 0.632462693615644 0.339999996823529 0.447817855234779 0.231222391522663 0.302070620000000 0.135633914031120
0.960474308300395 0.391666666666667 0.000000000000000 0.000000000000000 0.000000000000000 0.203422070485334 0.004964603460014 0.033540361643456 0.000584034200456 0.158275238831146 0.139384109719482 0.195876283535521 0.136399064336740 0.652985077446258 0.349411762650519 0.411764717937270 0.195876283535521 0.364499480000000 0.154218671870482
0.557312252964427 0.420833333333333 0.000000000000000 0.000000000000000 0.000000000000000 0.036121679457561 0.000494750183116 0.012422354656997 0.000248328417158 0.201136077494534 0.179092379895400 0.240058893666724 0.180826191556471 0.617537318977640 0.365882344906574 0.421252391489545 0.240058893666724 0.321749630000000 0.141693505692918
0.632411067193676 0.529166666666667 0.000000000000000 0.000000000000000 0.000000000000000 0.007604562637453 0.000173570017457 0.004968943741059 0.000196320986312 0.008520526832549 0.003241491152686 0.021354934084279 0.000000000000000 0.794776123074460 0.195294122380623 0.516129046746649 0.021354934084279 1.000000000000000 0.183829432472635
0.624505928853755 0.437500000000000 0.000000000000000 0.333333323333334 0.000000000000000 0.015209100636122 0.000347140155915 0.045962724350141 0.000796250642263 0.207849227199047 0.187196106865447 0.245949917187409 0.187061563926374 0.624999997901119 0.363529427273356 0.417457311821956 0.245949917187409 0.310286130000000 0.145495723229252
0.841897233201581 0.404166666666667 0.000000000000000 0.000000000000000 0.000000000000000 0.022813690307797 0.000368197262449 0.014906832117588 0.000215059017654 0.117996389403451 0.098865474869250 0.155375554820504 0.096648478670351 0.664179112622521 0.338823527418685 0.417457311821956 0.155375554820504 0.421674730000000 0.155544852308481
0.723320158102767 0.558333333333333 0.000000000000000 0.000000000000000 0.000000000000000 0.032319394887883 0.000494750959547 0.039751550822885 0.000674384825689 0.023754197095405 0.017017829554439 0.038291604504480 0.014809041471269 0.779850748436456 0.207058827017301 0.512333982449078 0.038291604504480 0.656613770000000 0.169166976334287
0.640316205533597 0.508333333333333 0.000000000000000 0.000000000000000 0.000000000000000 0.003802281284506 0.000173570017457 0.004968943293854 0.000196320986312 0.010844307384797 0.007293355002377 0.023564064922209 0.000779423194718 0.805970153213410 0.195294122380623 0.504743845315037 0.023564064922209 0.972222200000000 0.205083574163387
0.841897233201581 0.304166666666667 0.000000000000000 0.000000000000000 0.000000000000000 0.007604556135552 0.000274438056206 0.009937892401373 0.000248328460438 0.119803765137220 0.094813615030905 0.164948459757375 0.095869056247262 0.623134344961294 0.376470580138408 0.398481998873002 0.164948459757375 0.477222230000000 0.149634824441333
0.806324110671937 0.395833333333333 0.000000000000000 0.000000000000000 0.000000000000000 0.026615968033367 0.000459223404547 0.008695660826356 0.000098160102159 0.121869359314310 0.102917342000951 0.159057436236690 0.100545590785796 0.664179112622521 0.338823527418685 0.417457311821956 0.159057436236690 0.416400970000000 0.155540940717488
0.561264822134387 0.429166666666667 0.000000000000000 0.000000000000000 0.000000000000000 0.051330800626003 0.000816424954907 0.008695647410208 0.000281089091895 0.189517167761957 0.167747165054677 0.228276893017107 0.169134827150902 0.623134344961294 0.362352957868512 0.421252391489545 0.228276893017107 0.331888020000000 0.142320149285115
0.743083003952569 0.400000000000000 0.000000000000000 0.000000000000000 0.000000000000000 0.091254757809134 0.000705045252765 0.018633538469967 0.000521268408609 0.193648349144798 0.170988660218709 0.232695130834351 0.173811382733862 0.615671649246770 0.364705886089965 0.425047454079336 0.232695130834351 0.332407300000000 0.141468597604814
0.695652173913043 0.495833333333333 0.000000000000000 0.000000000000000 0.000000000000000 0.001901140642253 0.000137219144063 0.004968944411867 0.000196321015165 0.008262329303248 0.004862236911363 0.019145801920870 0.000000000000000 0.807835822944280 0.185882356553633 0.518026579749324 0.019145801920870 1.000000000000000 0.198604905051165
0.857707509881423 0.433333333333333 0.000000000000000 0.000000000000000 0.000000000000000 0.032319377777617 0.000538486630882 0.008695653671077 0.000281089048615 0.160082628507595 0.141815240209200 0.195139913879677 0.140296176452185 0.656716433699042 0.337647068602076 0.426944985374232 0.195139913879677 0.339148880000000 0.150336946630538
0.699604743083004 0.529166666666667 0.000000000000000 0.000000000000000 0.000000000000000 0.003802280463213 0.000173569987206 0.001242235599861 0.000098160491677 0.009553318344022 0.007293355002377 0.020618557138302 0.000000000000000 0.815298508584178 0.187058829134948 0.508538916443727 0.020618557138302 1.000000000000000 0.216423142147468
0.545454545454545 0.425000000000000 0.000000000000000 0.000000000000000 0.000000000000000 0.032319390097009 0.000983775737145 0.014906838825662 0.000304138718203 0.204492652346790 0.181523510385118 0.245213547531564 0.183164444796120 0.610074640054160 0.375294121321799 0.413662249232165 0.245213547531564 0.327384530000000 0.141748973060470
0.545454545454545 0.408333333333333 0.000000000000000 0.000000000000000 0.000000000000000 0.030418244390117 0.000841411836263 0.006211184707380 0.000281088918776 0.205009047405393 0.180713138417448 0.245949917187409 0.184723303671916 0.600746274608766 0.376470580138408 0.421252391489545 0.245949917187409 0.331954180000000 0.137327750446538
0.893280632411067 0.387500000000000 0.000000000000000 0.000000000000000 0.500000000000000 0.017110261742254 0.000552296700354 0.069565203877938 0.001518159551047 0.136844829956463 0.118314431266730 0.173048592245592 0.116134053277192 0.662313442891652 0.337647068602076 0.421252391489545 0.173048592245592 0.380291600000000 0.153768217752395
0.810276679841897 0.508333333333333 0.000000000000000 0.000000000000000 0.000000000000000 0.001901140779135 0.000137219164230 0.001242235957625 0.000098160513317 0.002581977802695 0.000000000000000 0.007363770785245 0.000000000000000 0.815298508584178 0.155294123439446 0.559772309223740 0.007363770785245 1.000000000000000 0.159448519391460
0.699604743083004 0.512500000000000 0.000000000000000 0.000000000000000 0.000000000000000 0.003802280463213 0.000173569987206 0.004968943741059 0.000196320986312 0.012909889013474 0.007293355002377 0.025773195097399 0.004676539448900 0.791044778575407 0.196470591785467 0.518026579749324 0.025773195097399 0.833333300000000 0.175665539160356
0.916996047430830 0.391666666666667 0.000000000000000 0.000000000000000 0.000000000000000 0.214828879707672 0.002332726709518 0.021118012352918 0.000535851813474 0.105861091583612 0.092382499127897 0.131075117591494 0.091971937117009 0.707089561768350 0.277647065425605 0.472485782561778 0.131075117591494 0.353768140000000 0.148171033224936
0.612648221343874 0.312500000000000 0.000000000000000 0.000000000000000 0.000000000000000 0.077946768659371 0.000392935958433 0.006211177328498 0.000180998868016 0.142525182572430 0.115883308070367 0.189248890358992 0.118472334576077 0.604477614070506 0.389411775356401 0.396584450500308 0.189248890358992 0.444697860000000 0.145365885269007
0.561264822134387 0.325000000000000 0.000000000000000 0.000000000000000 0.000000000000000 0.091254750965028 0.002209186196404 0.007453411810347 0.000000000011469 0.125484124724527 0.102106970033282 0.170839476650667 0.099766168362707 0.632462693615644 0.378823540124567 0.385199262730935 0.170839476650667 0.459092940000000 0.156319733447738
0.837944664031621 0.312500000000000 0.000000000000000 0.000000000000000 0.000000000000000 0.028517100052046 0.000184099175734 0.008695647410208 0.000236401798286 0.119545574579259 0.096434358966243 0.163475693936114 0.095089626809365 0.636194033077384 0.370588233114187 0.394686919205412 0.163475693936114 0.463480110000000 0.154543787197363
0.612648221343874 0.283333333333333 0.000000000000000 0.000000000000000 0.500000000000000 0.066539921794445 0.002473753537294 0.106832289761970 0.002515667862915 0.098889751321139 0.076985409862118 0.136229744946762 0.080280593755866 0.651119407715388 0.334117639211073 0.438330190221403 0.136229744946762 0.485043900000000 0.145775074620313
0.616600790513834 0.308333333333333 0.000000000000000 0.000000000000000 0.000000000000000 0.041825099467970 0.001251631209021 0.004968946200687 0.000124164344153 0.131939069928399 0.106158829871627 0.178203246110433 0.107560399608405 0.613805979515900 0.384705897737024 0.394686919205412 0.178203246110433 0.459024460000000 0.148281632201157
0.802371541501976 0.500000000000000 0.000000000000000 0.000000000000000 0.000000000000000 0.003802281489829 0.000173570047707 0.002484471870530 0.000124164322513 0.001549186709502 0.000000000000000 0.004418262338599 0.000000000000000 0.822761195903180 0.145882358671280 0.567362442942221 0.004418262338599 0.666666700000000 0.159448519391460
0.624505928853755 0.300000000000000 0.000000000000000 0.000000000000000 0.000000000000000 0.013307978883604 0.000253019274423 0.006211169949617 0.000180998795883 0.127033302928995 0.097244730933912 0.178203246110433 0.101325020223694 0.587686569701632 0.407058827017301 0.385199262730935 0.178203246110433 0.503810000000000 0.145359102939561
0.861660079051383 0.287500000000000 0.000000000000000 0.000000000000000 0.000000000000000 0.070342209786176 0.002925698262733 0.065838504233633 0.000781594743794 0.100955338526889 0.082658020929157 0.134756999007680 0.082618861025133 0.675373131007741 0.317647056955017 0.440227721516298 0.134756999007680 0.432860370000000 0.151976944108989
0.798418972332016 0.508333333333333 0.000000000000000 0.000000000000000 0.000000000000000 0.001901140779135 0.000137219164230 0.001242235957625 0.000098160513317 0.002065582325812 0.000000000000000 0.005891016230552 0.000000000000000 0.819029853083231 0.150588240525952 0.563567376936870 0.005891016230552 0.888888900000000 0.159448519391460
0.640316205533597 0.500000000000000 0.000000000000000 0.000000000000000 0.000000000000000 0.005703423090257 0.000184098842978 0.006211179340921 0.000180999033921 0.010844307384797 0.006482982305373 0.024300441868185 0.000779423194718 0.800373137304383 0.198823535889273 0.504743845315037 0.024300441868185 0.972222200000000 0.196943922642496
0.794466403162055 0.537500000000000 0.000000000000000 0.000000000000000 0.000000000000000 0.024714827459556 0.000494750818377 0.009937887705721 0.000248328676837 0.007229537791775 0.005672609608368 0.012518408744342 0.003117692849020 0.820895524493206 0.158823534830450 0.548387111207688 0.012518408744342 0.814814800000000 0.202344755374891
0.873517786561265 0.500000000000000 0.000000000000000 0.000000000000000 0.000000000000000 0.000000000000000 0.000000000000000 0.000000000000000 0.000000000011469 0.000000000000000 0.000000000000000 0.000000000000000 0.000000000000000 0.833955226042131 0.131764710989619 0.578747642666052 0.000000000000000 0.000000000000000 0.511054416358307
0.853754940711462 0.287500000000000 0.000000000000000 0.000000000000000 0.000000000000000 0.019011405738120 0.000588604890259 0.062111795645230 0.000519416352113 0.110508647111035 0.086709888060858 0.153902788999243 0.087295402578475 0.634328363346514 0.365882344906574 0.404174592757688 0.153902788999243 0.489981560000000 0.151411492573307
0.992094861660079 0.525000000000000 0.000000000000000 0.000000000000000 0.000000000000000 0.030418250549813 0.000548876576254 0.013664595176112 0.000513821209199 0.005163955465963 0.002431118382748 0.011782032461104 0.000779423194718 0.813432838853308 0.164705888207612 0.546489579912793 0.011782032461104 0.750000000000000 0.174018591473017
0.905138339920949 0.425000000000000 0.000000000000000 0.000000000000000 0.000000000000000 0.038022811476239 0.000506039516863 0.012422369414760 0.000392642141487 0.150529305980769 0.132090754717105 0.184830639286961 0.131722529798206 0.658582086638867 0.331764721577855 0.434535110553813 0.184830639286961 0.350082100000000 0.147824865816061
0.806324110671937 0.295833333333333 0.000000000000000 0.000000000000000 0.000000000000000 0.041825089201810 0.001157856403592 0.055900617645924 0.001563804770090 0.106119289112914 0.086709888060858 0.143593514406528 0.084957128294400 0.666044782353391 0.336470599197232 0.419354860194650 0.143593514406528 0.458151580000000 0.158050553704172
0.833992094861660 0.537500000000000 0.000000000000000 0.000000000000000 0.000000000000000 0.131178711570212 0.004239605718720 0.014906829210756 0.000480886297347 0.020139426805249 0.019448946916118 0.022091310367516 0.018706157094118 0.822761195903180 0.145882358671280 0.567362442942221 0.022091310367516 0.068883280000000 0.159448519391460
0.960474308300395 0.295833333333333 0.000000000000000 0.000000000000000 0.000000000000000 0.020912544600905 0.001028686268199 0.060869556467729 0.001827473385016 0.108184869347324 0.085089144125520 0.148748161643975 0.087295402578475 0.639925389330168 0.351764722636678 0.421252391489545 0.148748161643975 0.481601300000000 0.146649860815352
0.830039525691700 0.495833333333333 0.000000000000000 0.000000000000000 0.000000000000000 0.000000000000000 0.000000000000000 0.000000000000000 0.000000000011469 0.000000000000000 0.000000000000000 0.000000000000000 0.000000000000000 0.833955226042131 0.131764710989619 0.578747642666052 0.000000000000000 0.000000000000000 0.511054416358307
0.798418972332016 0.300000000000000 0.000000000000000 0.000000000000000 0.000000000000000 0.013307999415924 0.000137219597821 0.004968946200687 0.000291191115282 0.119029179520656 0.094003243063235 0.164948459757375 0.094310211401085 0.623134344961294 0.380000009529412 0.392789387910517 0.164948459757375 0.481851850000000 0.151160982870337
0.664031620553360 0.387500000000000 0.000000000000000 0.000000000000000 0.000000000000000 0.053231939488788 0.001787013228755 0.125465828231936 0.001626622605853 0.129098890134745 0.116693680038036 0.154639178537267 0.113795793022734 0.707089561768350 0.284705892442907 0.461100582837946 0.154639178537267 0.314712580000000 0.156170992262353
0.557312252964427 0.416666666666667 0.000000000000000 0.000000000000000 0.000000000000000 0.038022821742399 0.000459222970956 0.012422354656997 0.000248328417158 0.200361477935290 0.179092379895400 0.237849784699192 0.180826191556471 0.623134344961294 0.358823539065744 0.426944985374232 0.237849784699192 0.315483720000000 0.141271876474978
0.652173913043478 0.516666666666667 0.000000000000000 0.000000000000000 0.000000000000000 0.015209125274906 0.000274438288127 0.004968943517457 0.000291191093642 0.009811515873323 0.005672609608368 0.022091310367516 0.000779423194718 0.802238810393462 0.192941180394464 0.512333982449078 0.022091310367516 0.972222200000000 0.195319487588295
0.889328063241107 0.500000000000000 0.000000000000000 0.000000000000000 0.000000000000000 0.000000000000000 0.000000000000000 0.000000000000000 0.000000000011469 0.000000000000000 0.000000000000000 0.000000000000000 0.000000000000000 0.833955226042131 0.131764710989619 0.578747642666052 0.000000000000000 0.000000000000000 0.511054416358307
0.901185770750988 0.387500000000000 0.000000000000000 0.000000000000000 0.000000000000000 0.017110261742254 0.000552296236512 0.063354032586706 0.001472407935919 0.137877627045008 0.119124803234399 0.173048592245592 0.118472334576077 0.660447773160782 0.332941180394464 0.430740047964022 0.173048592245592 0.375532330000000 0.150006576677130
0.897233201581028 0.329166666666667 0.000000000000000 0.000000000000000 0.000000000000000 0.062737647490928 0.002227012526943 0.049689439646619 0.001777762032187 0.117479994344849 0.094003243063235 0.162002947997033 0.092751359540098 0.634328363346514 0.372941193100346 0.392789387910517 0.162002947997033 0.475548620000000 0.154691638621706
0.632411067193676 0.516666666666667 0.000000000000000 0.000000000000000 0.000000000000000 0.001901141018679 0.000137219174314 0.002484472317735 0.000124164322513 0.008778724361850 0.005672609608368 0.019882179529586 0.000000000000000 0.809701496033359 0.187058829134948 0.514231515451753 0.019882179529586 1.000000000000000 0.205142113724724
0.984189723320158 0.500000000000000 0.000000000000000 0.000000000000000 0.000000000000000 0.000000000000000 0.000000000000000 0.000000000000000 0.000000000011469 0.000000000000000 0.000000000000000 0.000000000000000 0.000000000000000 0.833955226042131 0.131764710989619 0.578747642666052 0.000000000000000 0.000000000000000 0.511054416358307
0.845849802371542 0.304166666666667 0.000000000000000 0.000000000000000 0.000000000000000 0.011406844811693 0.000300632235925 0.008695660826356 0.000236401726153 0.119287370078617 0.094813615030905 0.164212083474138 0.095089626809365 0.626865684423034 0.375294121321799 0.396584450500308 0.164212083474138 0.475000000000000 0.151138251993925
0.972332015810277 0.404166666666667 0.000000000000000 0.333333323333334 0.000000000000000 0.024714827459556 0.000616723456981 0.047204972471741 0.001407499976108 0.101213529084850 0.082658020929157 0.136229744946762 0.081839438602044 0.673507478067916 0.323529403979239 0.432637596336717 0.136229744946762 0.456030100000000 0.153947899118893
0.557312252964427 0.366666666666667 0.000000000000000 0.000000000000000 0.000000000000000 0.026615977272912 0.000459224866656 0.038509309409360 0.000966768438467 0.361735108032072 0.378444095449304 0.371134017885611 0.335151992668683 0.833955226042131 0.262352941986159 0.368121463999078 0.371134017885611 0.146610720000000 0.247909519024560
0.743083003952569 0.237500000000000 0.000000000000000 0.000000000000000 0.000000000000000 0.057034220636412 0.001632849607308 0.024844723177346 0.000969754525754 0.269042104385503 0.279578627873409 0.280559662146100 0.246297724199603 0.820895524493206 0.250588237349481 0.400379513090099 0.280559662146100 0.170448540000000 0.238276126594865
0.683794466403162 0.266666666666667 0.000000000000000 0.000000000000000 0.000000000000000 0.051330800626003 0.000728682960808 0.053416139290923 0.000781594383129 0.286599536377987 0.294165337878163 0.302650963898005 0.261886214750235 0.794776123074460 0.276470596020761 0.385199262730935 0.302650963898005 0.181732150000000 0.221919380766606
0.940711462450593 0.525000000000000 0.000000000000000 0.000000000000000 0.000000000000000 0.060836488095823 0.001372191944810 0.077018634470892 0.000785284560036 0.284792160644219 0.290923835420777 0.300441815166113 0.261886214750235 0.785447766024588 0.274117657211073 0.398481998873002 0.300441815166113 0.176065900000000 0.215924070143053
0.794466403162055 0.250000000000000 0.000000000000000 0.000000000000000 0.000000000000000 0.032319377777617 0.000578928554719 0.017391294820416 0.000328507641543 0.267492905267015 0.276337125416022 0.279086883070052 0.246297724199603 0.809701496033359 0.250588237349481 0.411764717937270 0.279086883070052 0.166046930000000 0.229702120594350
0.782608695652174 0.454166666666667 0.000000000000000 0.000000000000000 0.000000000000000 0.197718612832337 0.004992966047620 0.021118001172795 0.000319586513719 0.356054748444764 0.351701769462737 0.392488936726886 0.321122375023465 0.690298522436790 0.390588244761246 0.307400394251230 0.392488936726886 0.224617100000000 0.192683696413197
0.549407114624506 0.258333333333333 0.000000000000000 0.000000000000000 0.000000000000000 0.058935335544824 0.000834672221469 0.017391294820416 0.000723995221257 0.322747225336862 0.333063221499702 0.338733421658811 0.295401385957868 0.802238810393462 0.284705892442907 0.364326401409287 0.338733421658811 0.176155600000000 0.228750210583775
0.719367588932806 0.229166666666667 0.000000000000000 0.000000000000000 0.000000000000000 0.043726245174862 0.000834672281970 0.057142863531499 0.001365807353606 0.293570876640461 0.303079429522524 0.304123716464479 0.272798128673480 0.805970153213410 0.251764706754325 0.413662249232165 0.304123716464479 0.152009060000000 0.228370534438327
0.632411067193676 0.258333333333333 0.000000000000000 0.000000000000000 0.000000000000000 0.028517110318206 0.000509745306732 0.013664571250648 0.000281088875496 0.305706181431640 0.313614265102223 0.323269526338221 0.279033522087809 0.791044778575407 0.288235300657439 0.370018995293973 0.323269526338221 0.184376270000000 0.222227691361369
0.869565217391304 0.241666666666667 0.000000000000000 0.000000000000000 0.000000000000000 0.053231932644682 0.000814114369563 0.016149075767138 0.000616148059126 0.257681392182228 0.267423026478307 0.266568466372839 0.238503499968714 0.819029853083231 0.235294124498270 0.426944985374232 0.266568466372839 0.154094060000000 0.235709703205096
0.557312252964427 0.537500000000000 0.000000000000000 0.000000000000000 0.000000000000000 0.144486700719976 0.001304664207097 0.033540370587555 0.000521268264343 0.184353224147273 0.170988660218709 0.214285730380812 0.165237715035457 0.682835826722265 0.318823526359862 0.430740047964022 0.214285730380812 0.285099700000000 0.158425747468525
0.735177865612648 0.454166666666667 0.000000000000000 0.000000000000000 0.000000000000000 0.076045602420158 0.002100843344240 0.028571445181898 0.000466648842059 0.418538613277726 0.414910870461190 0.459499277912376 0.378020261012618 0.675373131007741 0.427058838664360 0.263757123235240 0.459499277912376 0.222808170000000 0.193262477576553
0.932806324110672 0.525000000000000 0.000000000000000 0.000000000000000 0.000000000000000 0.306083716224034 0.008727180014004 0.058385073640679 0.001121781836437 0.257423194652926 0.254457060408890 0.280559662146100 0.235385817291167 0.731343290098017 0.303529402920415 0.406072124052584 0.280559662146100 0.214456200000000 0.185204700859400
0.703557312252964 0.241666666666667 0.000000000000000 0.000000000000000 0.000000000000000 0.024714823353091 0.000494751030131 0.021118001172795 0.000535851597075 0.283501179969053 0.298217190423154 0.295287194438239 0.256430243758995 0.845149256181081 0.255294125557093 0.368121463999078 0.295287194438239 0.178690090000000 0.256085734687863
0.774703557312253 0.458333333333333 0.000000000000000 0.000000000000000 0.000000000000000 0.741444875117466 0.017507792534655 0.021118009222484 0.000652601716742 0.286083148290725 0.273095615665281 0.327687764155466 0.254091948430493 0.652985077446258 0.398823520006920 0.332068318162669 0.327687764155466 0.280577750000000 0.176044929910753
0.782608695652174 0.358333333333333 0.000000000000000 0.333333323333334 0.000000000000000 0.093155889827813 0.001265097834224 0.011180123529185 0.000131696133860 0.333333351923574 0.335494330109354 0.358615601188398 0.303975039626655 0.742537313520550 0.331764721577855 0.349146116894527 0.358615601188398 0.199351500000000 0.202697369354330
0.833992094861660 0.237500000000000 0.000000000000000 0.333333323333334 0.000000000000000 0.098859309838222 0.002100842335889 0.040993787764361 0.000675811384402 0.264652732444701 0.273906009513015 0.276141391191890 0.243180048536865 0.813432838853308 0.249411767944637 0.409867186642374 0.276141391191890 0.167907610000000 0.232434744631446
0.636363636363636 0.229166666666667 0.000000000000000 0.000000000000000 0.000000000000000 0.070342223474390 0.000960534764707 0.206211139986886 0.005102081104415 0.296927465435398 0.299027555097468 0.316642133161693 0.273577544081760 0.753731348696814 0.296470586491349 0.394686919205412 0.316642133161693 0.184998970000000 0.202478656017626
0.501976284584980 0.537500000000000 0.000000000000000 0.000000000000000 0.000000000000000 0.268060853416994 0.007091190402437 0.014906832117588 0.000215059017654 0.192873742614214 0.181523510385118 0.222385869496422 0.172252523858066 0.694029861898530 0.318823526359862 0.419354860194650 0.222385869496422 0.266206230000000 0.166248476179292
0.956521739130435 0.454166666666667 0.000000000000000 0.000000000000000 0.000000000000000 0.152091269859331 0.004396156207246 0.034782587404808 0.001322801767343 0.333591542481535 0.326580245758349 0.373343140107930 0.297739653227135 0.679104487260526 0.401176479993080 0.301707817444343 0.373343140107930 0.245321300000000 0.190281308025955
0.652173913043478 0.229166666666667 0.000000000000000 0.000000000000000 0.000000000000000 0.026615933812834 0.000660934495115 0.118012390930907 0.003577408609617 0.290214315730885 0.295786074520146 0.307069208342642 0.266562735259151 0.779850748436456 0.281176473640138 0.392789387910517 0.307069208342642 0.178874760000000 0.217509506802937
0.517786561264822 0.304166666666667 0.000000000000000 0.000000000000000 0.000000000000000 0.102661601252006 0.001239538058384 0.019875780554299 0.000328507749743 0.061967469774360 0.053484604566326 0.078055965551871 0.053000775978152 0.755597021785893 0.223529419861592 0.510436447738623 0.078055965551871 0.380483420000000 0.152306088542471
0.608695652173913 0.483333333333333 0.000000000000000 0.000000000000000 0.000000000000000 0.074144490933800 0.001723725908484 0.344099337633581 0.002989309477037 0.254583028801953 0.261750415411268 0.271723120237680 0.229150430891647 0.802238810393462 0.274117657211073 0.381404200141145 0.271723120237680 0.204535900000000 0.229559271977370
0.818181818181818 0.225000000000000 0.000000000000000 0.000000000000000 0.000000000000000 0.047528468147579 0.001247107949192 0.591304323521471 0.018420932788264 0.395300821697934 0.384116706516343 0.427098641921218 0.371784867598289 0.630597023884774 0.377647049543253 0.388994325320726 0.427098641921218 0.197130380000000 0.180195665168147
0.928853754940711 0.275000000000000 0.000000000000000 0.000000000000000 0.000000000000000 0.758555141992801 0.015602124554712 0.172670814119825 0.006039702558241 0.228505057428507 0.220421386713301 0.249631818485775 0.213561961385442 0.705223888679271 0.287058831252595 0.459203051543051 0.249631818485775 0.225243330000000 0.154585891361352
0.498023715415020 0.445833333333333 0.000000000000000 0.000000000000000 0.000000000000000 0.395437225664675 0.010315377833062 0.018633547414065 0.000498593996211 0.239349339716478 0.224473268431712 0.276141391191890 0.214341376793722 0.654850747177127 0.364705886089965 0.385199262730935 0.276141391191890 0.293948830000000 0.162256756329118
0.573122529644269 0.358333333333333 0.000000000000000 0.000000000000000 0.000000000000000 0.346007615232258 0.004636300990281 0.013664586232013 0.000414138803318 0.334366135069439 0.335494330109354 0.360088353754872 0.305533905517259 0.735074629559757 0.334117639211073 0.352941196562116 0.360088353754872 0.197115150000000 0.202032818584187
0.790513833992095 0.475000000000000 0.000000000000000 0.333333323333334 0.000000000000000 0.058935356077144 0.001351452589767 0.191304301161224 0.004130212373680 0.302349606579384 0.303889801490193 0.324742265649910 0.276695226759307 0.748134334466891 0.310588251114187 0.377609120473555 0.324742265649910 0.192484210000000 0.202059074928876
0.683794466403162 0.354166666666667 0.000000000000000 0.666666646666667 0.000000000000000 0.076045643484799 0.000694279545484 0.021118001172795 0.000634637008216 0.384456504553261 0.394651534802687 0.404270983768255 0.353078701384920 0.781716419846430 0.317647056955017 0.332068318162669 0.404270983768255 0.174578520000000 0.222223242556163
0.826086956521739 0.258333333333333 0.000000000000000 0.000000000000000 0.000000000000000 0.045627356661220 0.000974158329623 0.022360247058370 0.000588962113682 0.294603680700346 0.295786074520146 0.313696601519171 0.272798128673480 0.748134334466891 0.292941178276817 0.406072124052584 0.313696601519171 0.178225580000000 0.193175583177506
0.695652173913043 0.270833333333333 0.000000000000000 0.000000000000000 0.000000000000000 0.047528533166593 0.001368068697727 0.335403705875546 0.008281862645444 0.207849227199047 0.209076171872578 0.221649499840578 0.191738112494525 0.776119407295611 0.247058829134948 0.451612914409010 0.221649499840578 0.200661530000000 0.191475014796474
0.158102766798419 0.266666666666667 0.000000000000000 0.000000000000000 0.500000000000000 0.526615995409795 0.019296059244237 0.595031061178195 0.022875944628113 0.383423714436056 0.346029165689053 0.433726035097746 0.365549474183960 0.453358231541685 0.463529421979239 0.430740047964022 0.433726035097746 0.297801850000000 0.115403820147061
0.964426877470356 0.258333333333333 0.000000000000000 0.000000000000000 0.000000000000000 0.281368825456491 0.006326383174901 0.239751532934687 0.005540462118097 0.325329221543895 0.234197724750387 0.464653925149824 0.265003904442591 0.100746266213244 0.876470617197232 0.123339687868390 0.464653925149824 0.549032400000000 0.133115218766638
1.000000000000000 0.258333333333333 0.000000000000000 0.000000000000000 0.000000000000000 0.228136885967702 0.007931221201502 0.211180123529185 0.008894013063967 0.241931335923512 0.149918959885891 0.379970533284459 0.183943867219209 0.121268700416991 0.850588194996540 0.144212532112239 0.379970533284459 0.651132800000000 0.132392027707495
0.316205533596838 0.233333333333333 0.000000000000000 0.000000000000000 0.000000000000000 0.028517067884744 0.000463308788059 0.019875784355541 0.000421061329368 0.856700231811007 0.819286898049327 0.917525736984346 0.826967990585565 0.302238832221819 0.625882369259515 0.322580661688192 0.917525736984346 0.188550070000000 0.122046104563207
0.920948616600791 0.066666666666667 0.000000000000000 0.333333323333334 0.000000000000000 0.028517154804900 0.000628816305112 0.045962769070635 0.000978655658327 0.855151053606539 0.813614301568998 0.918998542569967 0.826188610251329 0.274253769467726 0.640000002117647 0.328273255572879 0.918998542569967 0.195416120000000 0.119137878630047
0.561264822134387 0.037500000000000 0.000000000000000 0.000000000000000 0.000000000000000 0.038022975734801 0.000756575858631 0.028571474250219 0.000670085111018 0.887684012011898 0.851701805929512 0.945508115276082 0.859703823547815 0.302238832221819 0.618823531653979 0.333965866535363 0.945508115276082 0.181475280000000 0.120412620807096
0.399209486166008 0.079166666666667 0.000000000000000 0.000000000000000 0.000000000000000 0.032319465382183 0.000887162928509 0.013664586232013 0.000557012299742 0.874257726545553 0.839546226414475 0.934462437890556 0.842556509195432 0.315298503546865 0.627058849252595 0.307400394251230 0.934462437890556 0.183565380000000 0.125605098364342
0.422924901185771 0.266666666666667 0.000000000000000 0.333333323333334 0.000000000000000 0.022813690307797 0.000475339390698 0.248447187052970 0.007223971777977 0.813581237446359 0.772285229110901 0.881443292478326 0.780202610126185 0.289179144105730 0.649411778532872 0.297912720698955 0.881443292478326 0.202989760000000 0.125689189176712
0.454545454545455 0.100000000000000 0.000000000000000 0.000000000000000 0.000000000000000 0.028517110318206 0.000788263180354 0.019875756628835 0.000392643692345 0.872708555312426 0.829821740922380 0.936671613132020 0.844894720346228 0.259328411620766 0.644705869148789 0.335863397830259 0.936671613132020 0.194852930000000 0.117102508278345
0.814229249011858 0.195833333333333 0.000000000000000 0.000000000000000 0.000000000000000 0.028517024766872 0.000463305994928 0.022360276126691 0.000304139677571 0.850503512021798 0.803079451402589 0.919734978499743 0.821512082727604 0.235074621164235 0.664705870207613 0.328273255572879 0.919734978499743 0.206502650000000 0.116660380980569
0.284584980237154 0.083333333333333 0.000000000000000 0.000000000000000 0.000000000000000 0.019011422848387 0.000459223303712 0.019875784355541 0.000248328720116 0.884327409274281 0.842787721578507 0.948453593899458 0.855027225876002 0.264925370440243 0.648235319716263 0.324478192983088 0.948453593899458 0.192455630000000 0.119084257936354
0.146245059288538 0.250000000000000 0.000000000000000 0.000000000000000 0.000000000000000 0.024714801794155 0.000494752169567 0.019875756628835 0.000519415926529 0.851794534525005 0.812803863961133 0.916789433602434 0.819173801428720 0.292910500358514 0.644705869148789 0.301707817444343 0.916789433602434 0.194315580000000 0.124729774955090
0.881422924901186 0.095833333333333 0.000000000000000 0.000000000000000 0.000000000000000 0.045627336128900 0.000974158894299 0.022360276126691 0.000456208212229 0.859024023517398 0.812803863961133 0.927835044714028 0.829306271884450 0.240671680729978 0.664705870207613 0.322580661688192 0.927835044714028 0.203920330000000 0.117648855133556
0.525691699604743 0.179166666666667 0.000000000000000 0.000000000000000 0.000000000000000 0.020912576768207 0.000652333837912 0.027329172464027 0.000723996303251 0.867028167839757 0.821717977485559 0.936671613132020 0.835541700372823 0.244403020191718 0.670588248996540 0.309297925546126 0.936671613132020 0.202707800000000 0.120120040516024
0.189723320158103 0.120833333333333 0.000000000000000 0.000000000000000 0.000000000000000 0.034220490975002 0.000425156304451 0.018633538469967 0.000521268949606 0.872192153282484 0.831442470271009 0.938144352443709 0.840218227896548 0.274253769467726 0.654117634975779 0.305502862956335 0.938144352443709 0.194536950000000 0.122634320551188
0.142292490118577 0.058333333333333 0.000000000000000 0.000000000000000 0.000000000000000 0.045627336128900 0.000736395260993 0.022360162089431 0.000548294572380 0.878647091515015 0.833873608054081 0.942562636652705 0.852689014725206 0.244403020191718 0.645882370318339 0.349146116894527 0.942562636652705 0.196093080000000 0.113989318334760
0.897233201581028 0.037500000000000 0.000000000000000 0.000000000000000 0.000000000000000 0.036121645237027 0.000494752522490 0.018633538469967 0.000542997518837 0.871417532809219 0.831442470271009 0.931516959267180 0.844894720346228 0.279850761869291 0.625882369259515 0.345351054304736 0.931516959267180 0.188891660000000 0.116872479867268
0.059288537549407 0.166666666666667 0.000000000000000 0.000000000000000 0.000000000000000 0.024714842858796 0.000446753886991 0.018633567538288 0.000521268192210 0.857216633840949 0.807131267480804 0.932989764852800 0.823850293878401 0.214552237333621 0.697647045307959 0.296015206481858 0.932989764852800 0.213813230000000 0.119817286730784
0.743083003952569 0.116666666666667 0.000000000000000 0.000000000000000 0.000000000000000 0.036121645237027 0.000578930127746 0.017391264857685 0.000421060485412 0.865737215049953 0.830632069129920 0.930044219955492 0.830085729381583 0.315298503546865 0.644705869148789 0.278937407750001 0.930044219955492 0.188390760000000 0.130284872106503
0.470355731225296 0.166666666666667 0.000000000000000 0.000000000000000 0.000000000000000 0.036121645237027 0.000718272243411 0.045962681865672 0.000535851813474 0.867286386283079 0.825769844617260 0.935198807546401 0.833982799408175 0.270522379632853 0.662352931397924 0.296015206481858 0.935198807546401 0.197568770000000 0.124040294087848
0.541501976284585 0.041666666666667 0.000000000000000 0.000000000000000 0.000000000000000 0.022813645821103 0.000766464905764 0.022360247058370 0.000372491480302 0.887425786597236 0.847649909624391 0.948453593899458 0.859703823547815 0.276119455989640 0.634117633916955 0.335863397830259 0.948453593899458 0.187852860000000 0.118321077994186
0.169960474308300 0.091666666666667 0.000000000000000 0.000000000000000 0.000000000000000 0.039923868209744 0.000944721102281 0.023602434807302 0.000616147027625 0.877614252598428 0.836304687490314 0.939617158029329 0.850350698352277 0.268656709901983 0.636470604491349 0.339658460420050 0.939617158029329 0.191214770000000 0.116873084233258
0.272727272727273 0.137500000000000 0.000000000000000 0.000000000000000 0.500000000000000 0.083650178403620 0.002111569977929 0.052173909057521 0.001543339068293 0.854634658547937 0.816855760266254 0.907216495528597 0.833982799408175 0.300373128908861 0.585882367141868 0.388994325320726 0.907216495528597 0.181820600000000 0.110719580811749
0.379446640316206 0.041666666666667 0.000000000000000 0.000000000000000 0.000000000000000 0.032319377777617 0.000616722246960 0.029813635166855 0.000626998634877 0.884069190830959 0.838735825273386 0.946980854587770 0.859703823547815 0.238806010999108 0.642352919750865 0.360531321741698 0.946980854587770 0.195127470000000 0.111868396619546
0.000000000000000 0.141666666666667 0.000000000000000 0.000000000000000 0.000000000000000 0.030418309409131 0.000459223959140 0.024844765661816 0.000328506956280 0.856442048224386 0.806320946566620 0.927835044714028 0.827747441067890 0.214552237333621 0.676470574844291 0.330170803945573 0.927835044714028 0.210174250000000 0.114966427049541
0.972332015810277 0.162500000000000 0.000000000000000 0.000000000000000 0.000000000000000 0.015209068126615 0.000274439165392 0.017391321652713 0.000248327731895 0.844823194262531 0.796596424607751 0.920471281881655 0.809820676233182 0.231343281702495 0.694117637093426 0.284630018712486 0.920471281881655 0.213538290000000 0.122865910241074
0.027667984189723 0.041666666666667 0.000000000000000 0.333333323333334 0.000000000000000 0.020912576768207 0.000446753765988 0.045962740002314 0.000879073106075 0.875548679335358 0.827390573965888 0.944035309690462 0.848012417053393 0.222014966630234 0.667058840782007 0.337760929125154 0.944035309690462 0.203582020000000 0.114434870373148
0.794466403162055 0.125000000000000 0.000000000000000 0.000000000000000 0.000000000000000 0.032319507815645 0.000778650270077 0.024844738829519 0.000739793056287 0.857733070727593 0.816045359125165 0.926362371676271 0.823850293878401 0.272388099736856 0.663529390214533 0.292220109736470 0.926362371676271 0.199346830000000 0.124945516825675
0.324110671936759 0.175000000000000 0.000000000000000 0.000000000000000 0.000000000000000 0.019011378361693 0.000459221791186 0.016149075767138 0.000353921432149 0.860573194750525 0.819286898049327 0.916053063946590 0.840218227896548 0.274253769467726 0.601176458816609 0.390891856615622 0.916053063946590 0.187216640000000 0.109273500876457
0.624505928853755 0.120833333333333 0.000000000000000 0.000000000000000 0.000000000000000 0.030418266291258 0.000625813234886 0.012422369414760 0.000124163139533 0.872450336869104 0.833063199619637 0.938880722099553 0.838659397079987 0.283582067748942 0.656470605550173 0.292220109736470 0.938880722099553 0.193664610000000 0.125787969440234
0.494071146245059 0.037500000000000 0.000000000000000 0.000000000000000 0.000000000000000 0.034220446146102 0.001202527249671 0.026086926578452 0.000829440161750 0.882261870867912 0.843598042492691 0.943299006308549 0.853468388044633 0.285447754270857 0.632941164512111 0.328273255572879 0.943299006308549 0.187293470000000 0.120225334501886
0.683794466403162 0.200000000000000 0.000000000000000 0.000000000000000 0.000000000000000 0.028517154804900 0.000352522086915 0.029813664235176 0.000588965677049 0.850761730465120 0.806320946566620 0.919734978499743 0.819173801428720 0.255597055367982 0.663529390214533 0.309297925546126 0.919734978499743 0.203326120000000 0.121041430044091
0.774703557312253 0.195833333333333 0.000000000000000 0.000000000000000 0.000000000000000 0.028517154804900 0.000628817152127 0.032298126938005 0.000723996086852 0.852310901698246 0.805510508958756 0.919734978499743 0.824629779434769 0.238806010999108 0.656470605550173 0.337760929125154 0.919734978499743 0.204146670000000 0.115317076839512
0.501976284584980 0.016666666666667 0.000000000000000 0.000000000000000 0.000000000000000 0.026616043318542 0.000274440486332 0.012422369414760 0.000447679970885 0.901110283535563 0.863047028063590 0.954344617420143 0.879968764459275 0.283582067748942 0.599999978823530 0.383301714358241 0.954344617420143 0.178180230000000 0.111091786322039
0.490118577075099 0.145833333333333 0.000000000000000 0.333333323333334 0.000000000000000 0.020912491216872 0.000616723295645 0.048447231773464 0.000563888588577 0.868319190342965 0.822528385920003 0.934462437890556 0.840997608230784 0.240671680729978 0.654117634975779 0.339658460420050 0.934462437890556 0.200123760000000 0.115247071112305
0.561264822134387 0.095833333333333 0.000000000000000 0.000000000000000 0.000000000000000 0.036121645237027 0.000936713889749 0.031055878816405 0.000634635421291 0.874774093718795 0.829011332487936 0.941089831067085 0.847233036719157 0.238806010999108 0.656470605550173 0.337760929125154 0.941089831067085 0.199516040000000 0.115316959323902
0.260869565217391 0.087500000000000 0.000000000000000 0.000000000000000 0.000000000000000 0.032319377777617 0.001071717636781 0.039751568711083 0.000945606221008 0.879938044304819 0.839546226414475 0.942562636652705 0.851130155849411 0.274253769467726 0.640000002117647 0.328273255572879 0.942562636652705 0.190625040000000 0.119266440706534
0.154150197628458 0.191666666666667 0.000000000000000 0.000000000000000 0.000000000000000 0.039923912696437 0.000728686046362 0.031055936953047 0.000577398150375 0.861347850080491 0.818476489614882 0.921207651537499 0.837879911523619 0.263059717500417 0.622352929280277 0.368121463999078 0.921207651537499 0.192488300000000 0.112163797285238
0.869565217391304 0.162500000000000 0.000000000000000 0.000000000000000 0.000000000000000 0.015209154704565 0.000548877685440 0.032298126938005 0.000496658813716 0.851019879195039 0.801458649120410 0.926362371676271 0.817614970612160 0.220149246526231 0.694117637093426 0.296015206481858 0.926362371676271 0.213808610000000 0.120620757738969
0.359683794466403 0.137500000000000 0.000000000000000 0.333333323333334 0.000000000000000 0.024714842858796 0.000578929663905 0.026086926578452 0.000756536770551 0.863155170043537 0.827390573965888 0.915316628016814 0.840997608230784 0.311567197667214 0.585882367141868 0.377609120473555 0.915316628016814 0.178427850000000 0.113636368596438
0.853754940711462 0.050000000000000 0.000000000000000 0.000000000000000 0.000000000000000 0.036121645237027 0.000616723295645 0.026086926578452 0.000395088667175 0.867544535012999 0.816045359125165 0.938880722099553 0.840218227896548 0.201492532426487 0.678823545418685 0.339658460420050 0.938880722099553 0.210161600000000 0.113087738580819
0.411067193675889 0.225000000000000 0.000000000000000 0.000000000000000 0.000000000000000 0.032319335001949 0.000616725514017 0.033540399655876 0.000883444578594 0.857474852284271 0.814424622483182 0.927835044714028 0.823070920558974 0.263059717500417 0.671764707813149 0.288425064224478 0.927835044714028 0.202365060000000 0.124261643131788
0.193675889328063 0.162500000000000 0.000000000000000 0.000000000000000 0.000000000000000 0.026615957767207 0.000660935906806 0.017391350721034 0.000361999347553 0.865220813020010 0.824959516409721 0.933726068234712 0.830085729381583 0.279850761869291 0.664705870207613 0.282732453261993 0.933726068234712 0.197162020000000 0.126899280980745
0.355731225296443 0.033333333333333 0.000000000000000 0.000000000000000 0.000000000000000 0.034220578237363 0.000766465561192 0.032298182838622 0.000562178460853 0.883036414656434 0.841977283970643 0.944035309690462 0.856586126840651 0.268656709901983 0.632941164512111 0.345351054304736 0.944035309690462 0.189526680000000 0.116062008286361
0.569169960474308 0.091666666666667 0.000000000000000 0.000000000000000 0.000000000000000 0.030418266291258 0.000274435444578 0.019875756628835 0.000447681269278 0.868319190342965 0.825769844617260 0.933726068234712 0.838659397079987 0.263059717500417 0.650588237349481 0.322580661688192 0.933726068234712 0.196297210000000 0.119301477146026
0.498023715415020 0.191666666666667 0.000000000000000 0.333333323333334 0.000000000000000 0.032319377777617 0.000718274865123 0.036024862358704 0.000796251075060 0.866253582223194 0.824149115268631 0.930044219955492 0.837879911523619 0.266791023380068 0.642352919750865 0.332068318162669 0.930044219955492 0.194754450000000 0.118021211735344
0.541501976284585 0.158333333333333 0.000000000000000 0.000000000000000 0.000000000000000 0.036121734210415 0.000936717015637 0.039751597779404 0.000770419403911 0.864704410990067 0.824959516409721 0.930780523337404 0.831644588257378 0.283582067748942 0.652941154982699 0.297912720698955 0.930780523337404 0.194622350000000 0.124358895692390
0.964426877470356 0.050000000000000 0.000000000000000 0.000000000000000 0.000000000000000 0.022813690307797 0.000368197635538 0.026086926578452 0.000883443135935 0.857474852284271 0.809562405263877 0.926362371676271 0.829306271884450 0.229477628762669 0.664705870207613 0.333965866535363 0.926362371676271 0.205900830000000 0.115486400044454
0.849802371541502 0.025000000000000 0.000000000000000 0.000000000000000 0.000000000000000 0.022813645821103 0.000520712069071 0.028571445181898 0.000735876309818 0.879421677131578 0.838735825273386 0.940353461411241 0.852689014725206 0.272388099736856 0.631764684519031 0.343453523009841 0.940353461411241 0.189463690000000 0.116803800387650
0.905138339920949 0.125000000000000 0.000000000000000 0.000000000000000 0.000000000000000 0.030418309409131 0.000694279242979 0.042236031413911 0.000895361877890 0.846888732668900 0.803889779610128 0.920471281881655 0.809041302913755 0.266791023380068 0.684705860678201 0.263757123235240 0.920471281881655 0.206391800000000 0.128154448414887
0.225296442687747 0.195833333333333 0.000000000000000 0.000000000000000 0.000000000000000 0.019011422848387 0.000407057134364 0.019875812529453 0.000620821747021 0.857474852284271 0.820907656571375 0.910898343807818 0.834762249890499 0.307835824623385 0.590588223584775 0.373814057883764 0.910898343807818 0.180972300000000 0.113954936625091
0.936758893280632 0.200000000000000 0.000000000000000 0.000000000000000 0.000000000000000 0.028517154804900 0.000463303050543 0.023602490707920 0.000490801352155 0.848437938758728 0.796596424607751 0.921207651537499 0.819953181762956 0.205223922261360 0.681176484228374 0.332068318162669 0.921207651537499 0.214203760000000 0.114151170904545
0.063241106719368 0.029166666666667 0.000000000000000 0.000000000000000 0.000000000000000 0.041825068669490 0.001304664509603 0.028571416113577 0.000904994510601 0.875806897778680 0.831442470271009 0.941089831067085 0.848012417053393 0.248134326071369 0.651764696166090 0.335863397830259 0.941089831067085 0.197105500000000 0.116171113135551
0.359683794466403 0.212500000000000 0.000000000000000 0.000000000000000 0.000000000000000 0.064638714490593 0.001321871107766 0.042235975513293 0.000519416568512 0.860831413193847 0.819286898049327 0.923416826778963 0.833203419073939 0.272388099736856 0.635294135086505 0.337760929125154 0.923416826778963 0.193691360000000 0.117645094634061
0.320158102766798 0.166666666666667 0.000000000000000 0.000000000000000 0.000000000000000 0.020912534334745 0.000446751275362 0.013664586232013 0.000535851849540 0.858765874787479 0.815235030917626 0.920471281881655 0.833982799408175 0.259328411620766 0.630588225702422 0.358633790446802 0.920471281881655 0.195200370000000 0.113432294347054
0.810276679841897 0.079166666666667 0.000000000000000 0.000000000000000 0.000000000000000 0.026615957767207 0.000506037651414 0.018633510743260 0.000395088746521 0.859798650962003 0.822528385920003 0.925625935746495 0.824629779434769 0.302238832221819 0.650588237349481 0.282732453261993 0.925625935746495 0.192509890000000 0.128371583684838
0.418972332015810 0.041666666666667 0.000000000000000 0.000000000000000 0.000000000000000 0.022813514414253 0.000520710143121 0.026086953410748 0.000294481509800 0.883811042101039 0.844408450927135 0.940353461411241 0.860483196867242 0.279850761869291 0.611764694048443 0.368121463999078 0.940353461411241 0.184021890000000 0.113117721849115
0.462450592885375 0.112500000000000 0.000000000000000 0.000000000000000 0.000000000000000 0.026615957767207 0.000588604446585 0.019875756628835 0.000770419620309 0.870384728749333 0.826580253051704 0.938880722099553 0.838659397079987 0.253731335263979 0.665882339612457 0.307400394251230 0.938880722099553 0.199972170000000 0.121083399904527
0.731225296442688 0.070833333333333 0.000000000000000 0.000000000000000 0.000000000000000 0.032319335001949 0.000392937430625 0.032298066565337 0.000933299259574 0.854118291374695 0.809562405263877 0.918998542569967 0.826967990585565 0.253731335263979 0.644705869148789 0.341555991714945 0.918998542569967 0.199513210000000 0.115869568082290
0.284584980237154 0.033333333333333 0.000000000000000 0.000000000000000 0.000000000000000 0.032319422264310 0.000392935292922 0.021117973222486 0.000490803977794 0.888974992687064 0.850081076580884 0.948453593899458 0.862042034698612 0.281716414809117 0.627058849252595 0.341555991714945 0.948453593899458 0.185538600000000 0.117513443575846
0.533596837944664 0.854166666666667 0.000000000000000 0.333333323333334 0.000000000000000 0.095057025268545 0.001338855162917 0.060869569883878 0.002152827781357 0.105086498995709 0.083468400190182 0.087628863861349 0.144193288567629 0.651119407715388 0.072941184629758 0.859582564633149 0.136229744946762 0.441674530000000 0.894586954038218
0.169960474308300 0.629166666666667 0.000000000000000 0.000000000000000 0.000000000000000 0.030418234123957 0.000459223606217 0.043478263883338 0.000978655658327 0.170926931709587 0.142625604883514 0.159793805892535 0.209664849269997 0.583955230239892 0.118823534830450 0.853889936592866 0.198085425640019 0.347032250000000 0.940387420424095
0.387351778656126 0.620833333333333 0.000000000000000 0.000000000000000 0.000000000000000 0.068441067501337 0.000850316218798 0.068322964700437 0.001703020910093 0.195455724878566 0.153970819724237 0.196612659818758 0.233826979459798 0.485074616966474 0.183529417743945 0.850094891080874 0.220913123557341 0.367513750000000 0.985667309449069
0.264822134387352 0.670833333333333 0.000000000000000 0.000000000000000 0.000000000000000 0.036121665769347 0.001071715115904 0.052173918001620 0.001226023527370 0.209914793490776 0.179092379895400 0.199558164951707 0.250194857359474 0.554104497754928 0.131764710989619 0.863377610145141 0.236377032132717 0.312294630000000 0.950529453986385
0.438735177865613 0.791666666666667 0.000000000000000 0.000000000000000 0.000000000000000 0.096958167553383 0.001306107358702 0.069565210586012 0.001287362998543 0.148463732717699 0.121555926430761 0.134756999007680 0.188620422802169 0.600746274608766 0.101176476816609 0.865275175595634 0.178203246110433 0.381911900000000 0.925370419692728
0.833992094861660 0.620833333333333 0.000000000000000 0.000000000000000 0.000000000000000 0.049429648075004 0.001304664912943 0.032298131410054 0.001278349699249 0.162148215713345 0.129659653400808 0.155375554820504 0.200311759148503 0.557835820425624 0.137647064366782 0.850094891080874 0.189248890358992 0.378215640000000 0.954692075108255
0.450592885375494 0.604166666666667 0.000000000000000 0.000000000000000 0.000000000000000 0.013307978883604 0.000392935807181 0.023602477291772 0.000466649779787 0.169119555975819 0.125607786269107 0.172312222589748 0.207326567971112 0.479477641355953 0.187058829134948 0.850094891080874 0.195876283535521 0.417327580000000 0.988406111449621
0.786561264822134 0.850000000000000 0.000000000000000 0.000000000000000 0.000000000000000 0.053231953177002 0.000966397366430 0.105590050584469 0.001907953403758 0.160599023566198 0.124797399714728 0.149484531299819 0.206547152562832 0.535447750073096 0.116470593903114 0.907020864083333 0.195139913879677 0.420766950000000 0.941001842392933
0.992094861660079 0.762500000000000 0.000000000000000 0.000000000000000 0.000000000000000 0.074144490933800 0.000788264289540 0.045962740002314 0.001461899392927 0.129357087664046 0.109400325035659 0.101620026497643 0.177708494849306 0.654850747177127 0.029411766885813 0.925996228265683 0.167893964890324 0.422490630000000 0.868052668145740
0.466403162055336 0.708333333333333 0.000000000000000 0.333333323333334 0.000000000000000 0.026615957767207 0.000756574043599 0.073291903522242 0.001162279937465 0.149238325305603 0.120745539876382 0.130338741308257 0.196414647033059 0.589552256223546 0.076470592844291 0.916508571791206 0.185567008942806 0.409551470000000 0.910413704468892
0.924901185770751 0.991666666666667 0.000000000000000 0.000000000000000 0.500000000000000 0.055133088617734 0.002446198941151 0.059627332942402 0.001085993799945 0.159308035919691 0.144246363405562 0.140648002646186 0.193296950325894 0.679104487260526 0.080000004235294 0.819734356206950 0.182621497182463 0.286609620000000 0.894260982526184
0.869565217391304 0.791666666666667 0.000000000000000 0.333333323333334 0.000000000000000 0.049429654919111 0.001138174405154 0.054658387412523 0.000601908706742 0.133488255104206 0.106969209132652 0.117083954955199 0.176149635973511 0.608208953532245 0.084705885031142 0.884250505622387 0.166421199069063 0.416761730000000 0.912243808627173
0.806324110671937 0.804166666666667 0.000000000000000 0.000000000000000 0.000000000000000 0.053231922378521 0.000966397215177 0.042236017997763 0.001278349699249 0.132455464987001 0.104538085936289 0.113402053656833 0.179267332680675 0.598880604877896 0.071764713107266 0.914611006340713 0.169366710829406 0.439342080000000 0.905357628958062
0.486166007905138 0.791666666666667 0.000000000000000 0.000000000000000 0.000000000000000 0.066539945748819 0.001976146151972 0.045962731058215 0.000942545259730 0.124709539107964 0.102106970033282 0.098674521364694 0.173811382733862 0.638059702808253 0.036470593903114 0.931688805072571 0.164212083474138 0.439717560000000 0.876526735514585
0.367588932806324 0.979166666666667 0.000000000000000 0.000000000000000 0.000000000000000 0.079847910944209 0.001632850111483 0.060869563175804 0.000557012104983 0.159049845361730 0.137763380370854 0.130338741308257 0.209664849269997 0.636194033077384 0.031764705695502 0.941176461547048 0.198085425640019 0.374799760000000 0.873491794178797
0.569169960474308 0.587500000000000 0.000000000000000 0.000000000000000 0.000000000000000 0.024714823353091 0.001152967717449 0.062111788937156 0.000799872148612 0.174541704091145 0.143435991437893 0.170839476650667 0.208105990394201 0.563432863200322 0.155294123439446 0.815939293617159 0.196612659818758 0.337989000000000 0.969555701181645
0.276679841897233 0.733333333333333 0.000000000000000 0.000000000000000 0.000000000000000 0.068441067501337 0.001646630232937 0.079503088229622 0.001348770491077 0.130131680251950 0.106969209132652 0.107511050018328 0.176149635973511 0.632462693615644 0.054117650858131 0.908918429533826 0.166421199069063 0.431214870000000 0.889505629459350
0.011857707509881 0.987500000000000 0.000000000000000 0.000000000000000 0.000000000000000 0.114068468649252 0.001828673643647 0.072049693413063 0.000908183147181 0.136328427926520 0.113452184874005 0.110456561778670 0.185502726095005 0.632462693615644 0.040000002117647 0.931688805072571 0.175257734350090 0.422150640000000 0.881245205468068
0.106719367588933 0.629166666666667 0.000000000000000 0.333333323333334 0.000000000000000 0.039923953761078 0.000628817414298 0.032298131410054 0.000957756798230 0.175058092178407 0.143435991437893 0.173048592245592 0.207326567971112 0.559701490156494 0.163529416685121 0.806451620064883 0.195876283535521 0.335126730000000 0.975918969965612
0.245059288537549 0.612500000000000 0.000000000000000 0.333333323333334 0.000000000000000 0.034220511165116 0.001062895374332 0.042236024705837 0.000933299259574 0.154660466449588 0.119935175202068 0.147275395822714 0.195635231624778 0.544776149100578 0.132941181559170 0.870967735324723 0.184830639286961 0.411810730000000 0.951688711895459
0.031620553359684 0.704166666666667 0.000000000000000 0.000000000000000 0.000000000000000 0.039923967449291 0.000728683969159 0.026086969062921 0.000709205444052 0.157242448713941 0.127228530204445 0.145802649883633 0.197973484864428 0.576492551316412 0.114117652975778 0.869070221107626 0.187039754881887 0.381429020000000 0.937747012564349
0.920948616600791 0.625000000000000 0.000000000000000 0.000000000000000 0.000000000000000 0.030418256025098 0.000506039819368 0.036024846706531 0.001013480720080 0.132713662516303 0.110210697003328 0.112665684000989 0.175370220565231 0.636194033077384 0.067058830193772 0.884250505622387 0.165684829413219 0.395598620000000 0.895957656104168
0.201581027667984 0.662500000000000 0.000000000000000 0.000000000000000 0.000000000000000 0.019011410528994 0.000459223202877 0.021118009222484 0.000281089539119 0.177381883884799 0.146677464721860 0.167893964890324 0.216679658092606 0.565298516140148 0.128235299175086 0.857685033338254 0.204712818816548 0.349111680000000 0.948214698667734
0.660079051383399 0.825000000000000 0.000000000000000 0.000000000000000 0.000000000000000 0.045627380615594 0.000672233670364 0.016149055642916 0.000513821476091 0.156984251184640 0.128849281433138 0.138438887051260 0.203429455855668 0.589552256223546 0.080000004235294 0.910815960828721 0.192194402119334 0.390337880000000 0.912184077121801
0.600790513833992 0.804166666666667 0.000000000000000 0.333333323333334 0.000000000000000 0.081749056651101 0.001706159228265 0.074534156115891 0.000997186754693 0.135295644780655 0.111831440938666 0.111929314345145 0.182385029387840 0.628731354153904 0.051764714166090 0.916508571791206 0.172312222589748 0.420366100000000 0.887844764566291
0.181818181818182 0.683333333333333 0.000000000000000 0.000000000000000 0.000000000000000 0.045627356661220 0.000795397897226 0.026086939994600 0.000640680421281 0.165504776622921 0.136142636435516 0.157584690297609 0.201870618024299 0.578358221047282 0.132941181559170 0.836812154938807 0.190721656180253 0.351487250000000 0.952603705216795
0.936758893280632 0.833333333333333 0.000000000000000 0.333333323333334 0.000000000000000 0.036121686301667 0.000494751080549 0.036024846706531 0.000904995376196 0.143041570659692 0.117504044712350 0.127393216293128 0.183943867219209 0.611940309785030 0.090588241584775 0.870967735324723 0.173784968528829 0.385282430000000 0.916710610509538
0.841897233201581 0.979166666666667 0.000000000000000 0.000000000000000 0.000000000000000 0.096958160709277 0.001933768396351 0.067080725522936 0.001434621023547 0.122127549872271 0.103727713968620 0.102356409408274 0.160561187511732 0.667910452084261 0.065882357612457 0.853889936592866 0.151693673404318 0.391547650000000 0.885903876764402
0.292490118577075 0.954166666666667 0.000000000000000 0.000000000000000 0.000000000000000 0.083650192091833 0.001967552280970 0.047204972471741 0.000981604669284 0.147430935629154 0.123987035040414 0.118556707521674 0.200311759148503 0.624999997901119 0.028235297480969 0.958254260278905 0.189248890358992 0.417217550000000 0.876279818431669
0.628458498023715 0.654166666666667 0.000000000000000 0.000000000000000 0.000000000000000 0.051330800626003 0.001159481260003 0.014906823173489 0.000340037586956 0.175058092178407 0.152350090375609 0.152430043060162 0.220576770208051 0.621268658439380 0.064705886089965 0.903225818571341 0.208394700232734 0.335386130000000 0.897533708303258
0.833992094861660 0.933333333333333 0.000000000000000 0.000000000000000 0.000000000000000 0.049429668607325 0.001467667837967 0.043478270591412 0.001633716375500 0.180480261207754 0.153970819724237 0.159057436236690 0.228371008468558 0.593283595685286 0.071764713107266 0.920303617303198 0.215758476319893 0.351880850000000 0.906582376637360
0.845849802371542 0.745833333333333 0.000000000000000 0.333333323333334 0.000000000000000 0.047528522900433 0.001050421470450 0.058385096000926 0.001329341411750 0.138652219632912 0.116693680038036 0.113402053656833 0.186282141503285 0.638059702808253 0.043529420920415 0.920303617303198 0.175994104005934 0.403521980000000 0.881129234349712
0.027667984189723 0.895833333333333 0.000000000000000 0.000000000000000 0.000000000000000 0.098859309838222 0.002001707440338 0.024844716469272 0.000328508059914 0.125484124724527 0.102106970033282 0.104565538257986 0.169914249573991 0.632462693615644 0.061176477875432 0.897533207608856 0.160530182175772 0.424404000000000 0.892649507764886
0.802371541501976 0.604166666666667 0.000000000000000 0.000000000000000 0.000000000000000 0.017110277141494 0.000281215171565 0.044720485172641 0.000402338236758 0.165246579093620 0.126418158236776 0.168630341173562 0.198752921317134 0.513059730093701 0.187058829134948 0.815939293617159 0.187776144419911 0.389034060000000 0.992017366120972
0.458498023715415 0.887500000000000 0.000000000000000 0.000000000000000 0.000000000000000 0.104562743536845 0.002581033587760 0.068322978116585 0.002179516463958 0.141234194925924 0.112641820199691 0.117820331238436 0.193296950325894 0.591417909163372 0.052941179335640 0.952561700549816 0.182621497182463 0.441516220000000 0.897874369266445
0.569169960474308 0.987500000000000 0.000000000000000 0.000000000000000 0.000000000000000 0.070342199520016 0.001732442092433 0.047204963527642 0.000993314369981 0.187451601470228 0.169367901696660 0.166421199069063 0.226812170637189 0.649253737984518 0.075294121321799 0.857685033338254 0.214285730380812 0.291675100000000 0.894675443291961
0.466403162055336 0.658333333333333 0.000000000000000 0.000000000000000 0.000000000000000 0.039923967449291 0.000991402670355 0.022360240350296 0.000662855738658 0.180996649295016 0.152350090375609 0.165684829413219 0.224473882323495 0.578358221047282 0.101176476816609 0.888045534056580 0.212076581648921 0.347783150000000 0.927238380665123
0.434782608695652 0.979166666666667 0.000000000000000 0.000000000000000 0.000000000000000 0.108365034950629 0.002112462368350 0.130434789413988 0.002967306045240 0.180480261207754 0.153970819724237 0.148748161643975 0.239282915376994 0.593283595685286 0.022352950456747 1.000000000000000 0.226067737657822 0.388972940000000 0.882741380628777
0.944664031620553 0.745833333333333 0.000000000000000 0.000000000000000 0.000000000000000 0.053231932644682 0.000756574820030 0.029813664235176 0.000790176904510 0.140201390866038 0.115883308070367 0.116347565417176 0.188620422802169 0.621268658439380 0.050588242643599 0.925996228265683 0.178203246110433 0.409308800000000 0.889157699316336
0.814229249011858 0.850000000000000 0.000000000000000 0.000000000000000 0.000000000000000 0.110266156703147 0.002057371830552 0.055900613173875 0.001165591560707 0.166021185624204 0.132090754717105 0.150220907583057 0.215120799216811 0.546641818831448 0.095294123439446 0.929791273777675 0.203240052995287 0.409836680000000 0.926011551280748
0.189723320158103 0.954166666666667 0.000000000000000 0.000000000000000 0.500000000000000 0.104562733270685 0.001652338002401 0.045962731058215 0.001257833937192 0.142525182572430 0.111021068970997 0.124447724414965 0.191738112494525 0.570895525332758 0.078823534830450 0.931688805072571 0.181148751243382 0.445808380000000 0.917455474804611
0.450592885375494 0.716666666666667 0.000000000000000 0.000000000000000 0.000000000000000 0.036121655503187 0.000778650370912 0.105590050584469 0.000735877247546 0.138394015132270 0.106158829871627 0.125920470354047 0.182385029387840 0.567164185871018 0.104705887148789 0.893738162096864 0.172312222589748 0.449941840000000 0.931895708925923
0.873517786561265 0.762500000000000 0.000000000000000 0.000000000000000 0.000000000000000 0.077946758393210 0.001152967717449 0.050931672116045 0.001024826293700 0.140717785924641 0.120745539876382 0.118556707521674 0.183164444796120 0.651119407715388 0.058823533771626 0.882352974327492 0.173048592245592 0.372129600000000 0.884482424743214
0.090909090909091 0.850000000000000 0.000000000000000 0.666666646666667 0.000000000000000 0.028517110318206 0.000816425559917 0.057142854587400 0.000908184229176 0.126000519783130 0.103727713968620 0.102356409408274 0.172252523858066 0.639925389330168 0.048235298539792 0.910815960828721 0.162739317652877 0.425212680000000 0.884420527593043
0.446640316205534 0.962500000000000 0.000000000000000 0.000000000000000 0.000000000000000 0.093155900093973 0.002473754243140 0.104347838239265 0.001385419578465 0.167828561357972 0.140194481687151 0.148748161643975 0.214341376793722 0.589552256223546 0.080000004235294 0.910815960828721 0.202503676712049 0.371694900000000 0.913256289540330
0.810276679841897 0.925000000000000 0.000000000000000 0.000000000000000 0.000000000000000 0.047528522900433 0.001553670074086 0.038509325061533 0.000597086800084 0.186935206411625 0.159643445377986 0.166421199069063 0.234606401882887 0.585820899970762 0.077647065425605 0.918406103086102 0.221649499840578 0.345755160000000 0.912177110124969
0.351778656126482 0.941666666666667 0.000000000000000 0.000000000000000 0.000000000000000 0.083650192091833 0.001338853852061 0.060869547523631 0.001932041838165 0.154918663978890 0.128038894878759 0.130338741308257 0.206547152562832 0.598880604877896 0.050588242643599 0.948766603804428 0.195139913879677 0.413745760000000 0.893868094268671
0.928853754940711 0.954166666666667 0.000000000000000 0.000000000000000 0.000000000000000 0.087452466395350 0.001682823874197 0.075776386349293 0.001769613318303 0.156726060626679 0.142625604883514 0.131075117591494 0.197194062441339 0.686567166184005 0.045882359730104 0.867172706890530 0.186303378598650 0.329382000000000 0.870620518510765
0.454545454545455 0.800000000000000 0.000000000000000 0.000000000000000 0.000000000000000 0.104562733270685 0.001964679086321 0.065838488581460 0.001266993089289 0.136070230397219 0.112641820199691 0.117083954955199 0.178487917272395 0.628731354153904 0.072941184629758 0.882352974327492 0.168630341173562 0.393867940000000 0.900598851150616
0.952569169960474 0.637500000000000 0.000000000000000 0.333333323333334 0.000000000000000 0.013307988465353 0.000538486530047 0.072049702357161 0.000755262253647 0.138135824574309 0.110210697003328 0.124447724414965 0.179267332680675 0.597014935147026 0.098823533771626 0.872865266619619 0.169366710829406 0.409529330000000 0.924005341588077
0.565217391304348 0.733333333333333 0.000000000000000 0.000000000000000 0.000000000000000 0.066539914950339 0.002065593115949 0.139130421172024 0.002533985445780 0.391427844815735 0.363857385444549 0.461708413389481 0.342946216899572 0.518656705704222 0.561176488463668 0.206831116077183 0.461708413389481 0.299951370000000 0.167929066906757
0.604743083003953 0.741666666666667 0.000000000000000 0.000000000000000 0.000000000000000 0.053231932644682 0.001055784484789 0.032298126938005 0.000620821386356 0.417764020689822 0.389789295703317 0.496318085446848 0.360872932630618 0.507462687319002 0.607058837605536 0.144212532112239 0.496318085446848 0.312891700000000 0.174295575763950
0.549407114624506 0.737500000000000 0.000000000000000 0.000000000000000 0.000000000000000 0.068441067501337 0.002125789740313 0.068322955756338 0.001801987014247 0.429899325481002 0.397082650705694 0.507363795969339 0.378799676420899 0.470149275910559 0.604705898795848 0.185958271833334 0.507363795969339 0.295624170000000 0.162867753557344
0.276679841897233 0.775000000000000 0.000000000000000 0.000000000000000 0.000000000000000 0.093155934314507 0.001870413718249 0.101863357648239 0.001548324031460 0.386522077816331 0.358184759790800 0.460972043733637 0.334372563230785 0.514925383033526 0.579999988352941 0.180265660870849 0.460972043733637 0.314738750000000 0.171212486604270
0.304347826086957 0.791666666666667 0.000000000000000 0.000000000000000 0.000000000000000 0.096958177819544 0.002678412238797 0.111801224111725 0.002936952504393 0.393493418078805 0.375202585698562 0.455081020212953 0.345284463124413 0.582089560509022 0.520000016941176 0.208728681527676 0.455081020212953 0.280429780000000 0.180423276115263
0.146245059288538 0.795833333333333 0.000000000000000 0.000000000000000 0.000000000000000 0.074144466979426 0.001078719826112 0.186335407059913 0.001812116715042 0.399690165753375 0.366288479467492 0.474226830086695 0.352299271947022 0.475746268312124 0.583529428332180 0.214421258334564 0.474226830086695 0.302513540000000 0.159557557088873
0.679841897233202 0.729166666666667 0.000000000000000 0.000000000000000 0.500000000000000 0.110266177235467 0.002132864530899 0.122981358821034 0.002529799138516 0.372579397291383 0.351701769462737 0.436671579995055 0.324240036656585 0.570895525332758 0.527058812193772 0.208728681527676 0.436671579995055 0.298302100000000 0.177268233826851
0.245059288537549 0.791666666666667 0.000000000000000 0.000000000000000 0.000000000000000 0.072243376025388 0.001748669985351 0.055900633298097 0.001194980972687 0.429641120980360 0.400324160456436 0.506627360039563 0.375681993743352 0.494403015993957 0.602352928221453 0.165085427589484 0.506627360039563 0.299213050000000 0.169567704561729
0.541501976284585 0.725000000000000 0.000000000000000 0.000000000000000 0.000000000000000 0.104562709316311 0.003001934823434 0.043478250467189 0.001553914983451 0.397882790019606 0.365478114793178 0.471281318326353 0.350740441130462 0.483208947235604 0.577647049543253 0.216318823785056 0.471281318326353 0.298024680000000 0.160378672226386
0.233201581027668 0.770833333333333 0.000000000000000 0.000000000000000 0.000000000000000 0.049429668607325 0.001055786400656 0.099378865877089 0.001439983819050 0.356571143503366 0.330632083716629 0.419734892343631 0.314107566200855 0.541044776056750 0.518823547536332 0.252371952543666 0.419734892343631 0.297688700000000 0.165346661394133
0.411067193675889 0.741666666666667 0.000000000000000 0.000000000000000 0.000000000000000 0.070342199520016 0.001524306395848 0.099378881529262 0.002492580273041 0.428091921861872 0.401134525130750 0.499999966863034 0.377240845604338 0.511194060362831 0.577647049543253 0.187855786050431 0.499999966863034 0.285515130000000 0.169269718552634
0.569169960474308 0.725000000000000 0.000000000000000 0.333333323333334 0.000000000000000 0.095057001314171 0.002276348810307 0.049689419522396 0.001407499399044 0.392202444374979 0.363857385444549 0.463181152701170 0.343725632307852 0.513059730093701 0.564705896678201 0.206831116077183 0.463181152701170 0.302282630000000 0.166724330456915
0.237154150197628 0.775000000000000 0.000000000000000 0.000000000000000 0.000000000000000 0.049429648075004 0.001528007648139 0.058385080348753 0.001388893356555 0.345726847272714 0.322528349453228 0.407952878439228 0.301636779372197 0.563432863200322 0.511764720519031 0.240986713540898 0.407952878439228 0.302924570000000 0.171556135821519
0.335968379446640 0.775000000000000 0.000000000000000 0.333333323333334 0.500000000000000 0.055133112572107 0.001463813417196 0.028571445181898 0.000796250065199 0.440743607768973 0.410048609481755 0.515463928457556 0.390491033811659 0.481343294295778 0.594117663564014 0.191650882795819 0.515463928457556 0.285332620000000 0.163876373243341
0.984189723320158 0.687500000000000 0.000000000000000 0.000000000000000 0.500000000000000 0.055133112572107 0.001071715418409 0.077018618818719 0.001222876367230 0.374128603381212 0.343598049786046 0.448453627036424 0.324240036656585 0.503731364648306 0.576470590726644 0.197343459602706 0.448453627036424 0.318137200000000 0.166522438640274
0.656126482213439 0.741666666666667 0.000000000000000 0.000000000000000 0.000000000000000 0.129277559019214 0.002256409077416 0.084472035995526 0.001114024732280 0.407177901074451 0.374392213730893 0.480117787333448 0.360872932630618 0.477611971625083 0.577647049543253 0.222011383514145 0.480117787333448 0.295523080000000 0.158285014132511
0.533596837944664 0.758333333333333 0.000000000000000 0.000000000000000 0.000000000000000 0.081749042962888 0.001463814627217 0.057142863531499 0.001016329321985 0.423186182747829 0.397082650705694 0.496318085446848 0.370226036781729 0.518656705704222 0.582352958927336 0.172675518613469 0.496318085446848 0.295304480000000 0.172238213205380
0.090909090909091 0.808333333333333 0.000000000000000 0.000000000000000 0.000000000000000 0.076045643484799 0.001600237627940 0.053416154943096 0.001795560185756 0.390911449757132 0.363047020770235 0.462444783045326 0.341387372053394 0.516791035973352 0.567058814311419 0.199241025053199 0.462444783045326 0.303911660000000 0.168871995367199
0.083003952569170 0.787500000000000 0.000000000000000 0.000000000000000 0.000000000000000 0.098859268773582 0.002429980930070 0.108074508815248 0.001891723853086 0.381358141172987 0.349270675439795 0.457290129180485 0.331254845479194 0.490671642950128 0.585882367141868 0.195445928307811 0.457290129180485 0.317362200000000 0.164272132239308
0.324110671936759 0.779166666666667 0.000000000000000 0.000000000000000 0.000000000000000 0.081749042962888 0.001509409223425 0.108074542355618 0.002170657168489 0.416731244515298 0.387358179800309 0.490427095063129 0.366328889592240 0.498134338664652 0.583529428332180 0.191650882795819 0.490427095063129 0.296313900000000 0.166805114044282
0.221343873517787 0.783333333333333 0.000000000000000 0.000000000000000 0.000000000000000 0.131178735524586 0.002669962561953 0.142857143176575 0.002500686356358 0.383165516906755 0.349270675439795 0.458762868492173 0.335151992668683 0.477611971625083 0.584705908325259 0.210626212822572 0.458762868492173 0.317005870000000 0.161067112241089
0.193675889328063 0.783333333333333 0.000000000000000 0.000000000000000 0.000000000000000 0.110266177235467 0.003003815901772 0.125465828231936 0.003329652521095 0.388071283906159 0.358184759790800 0.462444783045326 0.337490238893523 0.503731364648306 0.579999988352941 0.191650882795819 0.462444783045326 0.312414470000000 0.167668585164947
0.577075098814229 0.758333333333333 0.000000000000000 0.000000000000000 0.000000000000000 0.226235801857771 0.003635142496096 0.157763975294163 0.003902049683320 0.360702303972186 0.339546204534410 0.417525770121312 0.320342945585567 0.572761211854672 0.489411791238754 0.267552219980628 0.417525770121312 0.275266470000000 0.161835932932499
0.675889328063241 0.716666666666667 0.000000000000000 0.000000000000000 0.000000000000000 0.098859333792596 0.001696197831965 0.090683218466881 0.002216343214775 0.392718825490901 0.367909230696185 0.463917522357014 0.340607949630305 0.537313453386054 0.565882355494810 0.180265660870849 0.463917522357014 0.305471540000000 0.175702371909875
0.664031620553360 0.720833333333333 0.000000000000000 0.333333323333334 0.000000000000000 0.041825113156183 0.000548877009845 0.055900601993751 0.001391664920481 0.392202444374979 0.373581834469869 0.457290129180485 0.340607949630305 0.580223890778152 0.536470567432526 0.184060757616237 0.457290129180485 0.295600100000000 0.182344119111807
0.652173913043478 0.725000000000000 0.000000000000000 0.000000000000000 0.000000000000000 0.066539935482659 0.000253019405509 0.044720494116739 0.000152069310736 0.378001545406709 0.354132914539165 0.445508082139116 0.328916599254354 0.548507471771274 0.544705885031142 0.203036070565191 0.445508082139116 0.302539350000000 0.173951238240989
0.106719367588933 0.804166666666667 0.000000000000000 0.000000000000000 0.000000000000000 0.068441091455711 0.001778563148571 0.072049679996914 0.001502849839617 0.389620469081967 0.363047020770235 0.458762868492173 0.341387372053394 0.526119401418746 0.555294120262976 0.208728681527676 0.458762868492173 0.296850170000000 0.169021844556899
0.466403162055336 0.770833333333333 0.000000000000000 0.000000000000000 0.000000000000000 0.091254733854761 0.002167889291960 0.031055907884726 0.000978656451790 0.371804804703480 0.345218793721384 0.435198840683366 0.329696014662634 0.531716427402400 0.523529414567474 0.254269466760763 0.435198840683366 0.293585700000000 0.162002032852160
0.094861660079051 0.779166666666667 0.000000000000000 0.000000000000000 0.000000000000000 0.096958160709277 0.001357012434175 0.091925450936307 0.002412431849421 0.339530099598144 0.311993535753594 0.404270983768255 0.296960258863281 0.535447750073096 0.522352955750865 0.252371952543666 0.404270983768255 0.309644760000000 0.163423602388958
0.743083003952569 0.720833333333333 0.000000000000000 0.000000000000000 0.500000000000000 0.057034200104092 0.000850315916292 0.062111788937156 0.001447992162235 0.352698187535188 0.334683965435040 0.413107499167102 0.305533905517259 0.597014935147026 0.504705861737024 0.218216355079952 0.413107499167102 0.300945250000000 0.181258661005324
0.525691699604743 0.750000000000000 0.000000000000000 0.000000000000000 0.000000000000000 0.047528533166593 0.001317590557965 0.032298140354153 0.000785284199372 0.429899325481002 0.399513795782122 0.508100165625183 0.375681993743352 0.486940320279433 0.608235296422145 0.163187862138992 0.508100165625183 0.302993660000000 0.168366023517727
0.774703557312253 0.712500000000000 0.000000000000000 0.000000000000000 0.000000000000000 0.076045622952479 0.001269556357934 0.077018618818719 0.002038338235873 0.389362264581325 0.365478114793178 0.458026531973295 0.339049083739701 0.544776149100578 0.552941202629758 0.193548414090714 0.458026531973295 0.300643470000000 0.175034043852293
0.284584980237154 0.762500000000000 0.000000000000000 0.000000000000000 0.000000000000000 0.110266156703147 0.002354418552686 0.103105603533813 0.002420806844335 0.423702584777772 0.389789295703317 0.504418284208996 0.370226036781729 0.464552249926904 0.618823531653979 0.168880473101477 0.504418284208996 0.309252950000000 0.165130634128497
0.201581027667984 0.770833333333333 0.000000000000000 0.000000000000000 0.000000000000000 0.049429668607325 0.001338854053731 0.151552768226536 0.003021047681786 0.321198047132395 0.294975680672412 0.378497780717984 0.285268901472521 0.550373124711100 0.482352932456747 0.301707817444343 0.378497780717984 0.294045180000000 0.157554469953819
0.739130434782609 0.712500000000000 0.000000000000000 0.000000000000000 0.000000000000000 0.055133112572107 0.000749071712293 0.093167681169709 0.001533944402149 0.404337735223477 0.378444095449304 0.480117787333448 0.348402180876004 0.526119401418746 0.590588223584775 0.151802674369619 0.480117787333448 0.314280840000000 0.176707398975818
0.466403162055336 0.754166666666667 0.000000000000000 0.333333323333334 0.000000000000000 0.085551310422298 0.002101739163053 0.137888208826819 0.001677942523228 0.415182052368150 0.383306334548674 0.495581748927969 0.360093510207529 0.481343294295778 0.615294134027682 0.157495285332104 0.495581748927969 0.312795640000000 0.168886483363021
0.296442687747036 0.787500000000000 0.000000000000000 0.000000000000000 0.000000000000000 0.095057066333185 0.000785871906783 0.096894385286063 0.002079520373564 0.392977029991542 0.367909230696185 0.461708413389481 0.343725632307852 0.535447750073096 0.554117661446367 0.201138556348094 0.461708413389481 0.296835780000000 0.171741256481930
0.446640316205534 0.758333333333333 0.000000000000000 0.000000000000000 0.000000000000000 0.108365000730095 0.002485902550563 0.100621111762664 0.001804123880440 0.403046754548312 0.372771469795555 0.480854223263224 0.349181610313901 0.496268685724827 0.599999978823530 0.166982958884380 0.480854223263224 0.314092300000000 0.169620536222046
0.683794466403162 0.708333333333333 0.000000000000000 0.000000000000000 0.000000000000000 0.112167333208520 0.003177446944617 0.093167714710080 0.002010254862891 0.411825470544554 0.381685568733270 0.491899834374817 0.355416989698613 0.494403015993957 0.612941163453287 0.148007628857627 0.491899834374817 0.317345320000000 0.171792778682601
0.537549407114625 0.745833333333333 0.000000000000000 0.000000000000000 0.000000000000000 0.070342223474390 0.000749071208117 0.050931678824119 0.001013480864346 0.421378779128700 0.389789295703317 0.500736402792810 0.367108319030138 0.481343294295778 0.611764694048443 0.163187862138992 0.500736402792810 0.308798940000000 0.167973168836103
0.652173913043478 0.712500000000000 0.000000000000000 0.000000000000000 0.000000000000000 0.104562733270685 0.004248479205387 0.089440972581306 0.001706976608350 0.407177901074451 0.383306334548674 0.480854223263224 0.351519856538742 0.539179123116924 0.581176457757786 0.153700188586716 0.480854223263224 0.311200500000000 0.178905847417229
0.794466403162055 0.712500000000000 0.000000000000000 0.000000000000000 0.000000000000000 0.087452442440977 0.001873431712067 0.067080741175109 0.001482191110074 0.383940109494659 0.361426269541542 0.451399138796766 0.333593140807696 0.555970167485798 0.545882343847751 0.193548414090714 0.451399138796766 0.301600800000000 0.177105055009476
0.695652173913043 0.708333333333333 0.000000000000000 0.000000000000000 0.000000000000000 0.146387846426868 0.001745437817832 0.057142863531499 0.001071703254813 0.422669780717886 0.391410061518720 0.501472772448654 0.368667184920742 0.483208947235604 0.609411755238754 0.165085427589484 0.501472772448654 0.306992700000000 0.167814270944492
0.699604743083004 0.716666666666667 0.000000000000000 0.333333323333334 0.000000000000000 0.093155869295493 0.002418329638736 0.104347815879018 0.002668810998035 0.388587665022081 0.362236641509211 0.461708413389481 0.335931408076963 0.527985104731705 0.574117673093425 0.176470615358857 0.461708413389481 0.312365860000000 0.174423298443229
0.920948616600791 0.683333333333333 0.000000000000000 0.000000000000000 0.000000000000000 0.066539914950339 0.001334628862387 0.077018650123065 0.001628398663084 0.402788563990351 0.369529996511588 0.481590592919068 0.350740441130462 0.475746268312124 0.604705898795848 0.180265660870849 0.481590592919068 0.312037080000000 0.164588803230269
0.612648221343874 0.737500000000000 0.000000000000000 0.000000000000000 0.000000000000000 0.146387846426868 0.002332727314528 0.111801235291849 0.002703248561638 0.427059145687348 0.401944889805064 0.501472772448654 0.371784867598289 0.524253731687876 0.589411743591696 0.155597719881611 0.501472772448654 0.300241800000000 0.175673949920387
0.466403162055336 0.750000000000000 0.000000000000000 0.000000000000000 0.000000000000000 0.106463844757043 0.002973574555035 0.116770203181975 0.002473956269449 0.415440249897452 0.381685568733270 0.498527227551346 0.359314080769631 0.468283572597600 0.628235308069204 0.149905160152523 0.498527227551346 0.319010470000000 0.167396301498383
0.035573122529644 0.816666666666667 0.000000000000000 0.000000000000000 0.000000000000000 0.089353577881709 0.001317590557965 0.069565230710234 0.002170212757450 0.363284279265198 0.335494330109354 0.430044186818526 0.318784079694962 0.526119401418746 0.537647047425606 0.237191668028906 0.430044186818526 0.299284850000000 0.164659782658238
0.482213438735178 0.762500000000000 0.000000000000000 0.000000000000000 0.000000000000000 0.087452490349724 0.001799611462286 0.203726648215736 0.005563891041040 0.423960775335733 0.396272278738025 0.496318085446848 0.373343698414850 0.507462687319002 0.578823508359862 0.189753317345326 0.496318085446848 0.292382480000000 0.169653944230953
0.509881422924901 0.741666666666667 0.000000000000000 0.333333323333334 0.000000000000000 0.085551310422298 0.000991403003111 0.047204972471741 0.002026961356558 0.408727100192939 0.377633730774990 0.486008850618492 0.356196419136511 0.488805990010303 0.598823520006920 0.176470615358857 0.486008850618492 0.307985130000000 0.167227649811207
0.249011857707510 0.770833333333333 0.000000000000000 0.000000000000000 0.000000000000000 0.091254757809134 0.002395644166731 0.077018634470892 0.001642538522505 0.347792427507124 0.323338728714252 0.407216482273811 0.307872172786526 0.554104497754928 0.498823546477509 0.271347265492620 0.407216482273811 0.289997100000000 0.164574113779116
0.561264822134387 0.729166666666667 0.000000000000000 0.000000000000000 0.000000000000000 0.079847910944209 0.002338369037017 0.062111788937156 0.001822721988306 0.383165516906755 0.358184759790800 0.449926366348112 0.335931408076963 0.539179123116924 0.542352967397924 0.216318823785056 0.449926366348112 0.296251400000000 0.170491226158706
0.691699604743083 0.733333333333333 0.000000000000000 0.000000000000000 0.000000000000000 0.060836488095823 0.001614294138336 0.052173924709694 0.001458600176550 0.381874543202929 0.357374395116486 0.450662736003956 0.332034274917092 0.542910445787620 0.551764722636678 0.197343459602706 0.450662736003956 0.304126140000000 0.173681422402219
0.272727272727273 0.775000000000000 0.000000000000000 0.000000000000000 0.500000000000000 0.093155910360133 0.002032512253478 0.118012419999229 0.002362794793518 0.382390924318851 0.356564030442172 0.450662736003956 0.334372563230785 0.533582080342226 0.549411752062284 0.210626212822572 0.450662736003956 0.298704030000000 0.169670698599239
0.185770750988142 0.795833333333333 0.000000000000000 0.000000000000000 0.500000000000000 0.115969576713556 0.001638606483453 0.108074508815248 0.002951677722617 0.404337735223477 0.379254460123618 0.470544915533543 0.357755249953071 0.531716427402400 0.544705885031142 0.220113869297048 0.470544915533543 0.284515500000000 0.167582597314886
0.015810276679842 0.829166666666667 0.000000000000000 0.000000000000000 0.500000000000000 0.074144508044067 0.001683943950218 0.099378865877089 0.001885090507990 0.357603926649231 0.331442455684299 0.426362312029733 0.309431003603086 0.539179123116924 0.545882343847751 0.210626212822572 0.426362312029733 0.317566400000000 0.171787607995796
0.205533596837945 0.779166666666667 0.000000000000000 0.000000000000000 0.000000000000000 0.058935400563838 0.001870414424095 0.114285704702751 0.001154794918755 0.360185922856264 0.332252849532033 0.425625902609529 0.317225227833976 0.526119401418746 0.530588252173010 0.248576855798278 0.425625902609529 0.299707140000000 0.163104816117031
0.877470355731225 0.683333333333333 0.000000000000000 0.000000000000000 0.000000000000000 0.129277600083854 0.003150666761855 0.160248467065313 0.003382479439837 0.403304945106273 0.370340375772612 0.482326962574912 0.350740441130462 0.477611971625083 0.605882378788927 0.176470615358857 0.482326962574912 0.312833960000000 0.165331888003260
0.581027667984190 0.754166666666667 0.000000000000000 0.333333323333334 0.000000000000000 0.136882152112942 0.002198933890911 0.110559011766521 0.002789209818170 0.405112320840041 0.377633730774990 0.477172308710071 0.354637567275524 0.514925383033526 0.572941193100346 0.191650882795819 0.477172308710071 0.299307700000000 0.169579640790037
0.980237154150198 0.695833333333333 0.000000000000000 0.000000000000000 0.000000000000000 0.077946778925531 0.001783848721573 0.116770160697506 0.003558773786084 0.334366135069439 0.311183156492570 0.390279827759353 0.296960258863281 0.567164185871018 0.478823556006920 0.290322578441574 0.390279827759353 0.289863200000000 0.158081846432113
0.790513833992095 0.716666666666667 0.000000000000000 0.000000000000000 0.000000000000000 0.064638755555233 0.001932794934530 0.052173924709694 0.001290354207269 0.366899058618096 0.346029165689053 0.431516959267180 0.318004657271873 0.572761211854672 0.528235281598616 0.204933584782288 0.431516959267180 0.303719700000000 0.178332337668344
0.525691699604743 0.762500000000000 0.000000000000000 0.000000000000000 0.000000000000000 0.089353601836082 0.001228858918015 0.116770174113654 0.003199489714167 0.411050877956650 0.385737450451681 0.474226830086695 0.367887741453227 0.527985104731705 0.531764732166090 0.244781810286286 0.474226830086695 0.273443580000000 0.161547667143080
0.992094861660079 0.687500000000000 0.000000000000000 0.000000000000000 0.500000000000000 0.064638779509607 0.001157857613613 0.113043465525251 0.002059500020534 0.368964638852506 0.337925438719007 0.444035342827428 0.318784079694962 0.501865661335348 0.578823508359862 0.195445928307811 0.444035342827428 0.320420440000000 0.166626993956592
0.363636363636364 0.745833333333333 0.000000000000000 0.000000000000000 0.000000000000000 0.188212983537425 0.001837918102558 0.058385096000926 0.002333248853060 0.373612208322609 0.345218793721384 0.443298973171583 0.326578331985087 0.518656705704222 0.554117661446367 0.218216355079952 0.443298973171583 0.303601500000000 0.166474139724884
0.778656126482213 0.725000000000000 0.000000000000000 0.000000000000000 0.000000000000000 0.045627421680234 0.001239537050034 0.055900617645924 0.001194980972687 0.350116184356814 0.331442455684299 0.406480105990574 0.307872172786526 0.593283595685286 0.484705871266436 0.254269466760763 0.406480105990574 0.285554440000000 0.174090964300353
0.241106719367589 0.787500000000000 0.000000000000000 0.000000000000000 0.000000000000000 0.077946758393210 0.002151323198198 0.084472078479995 0.001287362710011 0.425509953540200 0.394651534802687 0.506627360039563 0.368667184920742 0.485074616966474 0.621176449287197 0.144212532112239 0.506627360039563 0.312540680000000 0.170832239668720
0.375494071146245 0.770833333333333 0.000000000000000 0.000000000000000 0.000000000000000 0.119771827062700 0.001271037826867 0.165217390234945 0.002653240021099 0.442809215888744 0.408427880133127 0.524300463738583 0.388932167921055 0.455223901272555 0.627058849252595 0.165085427589484 0.524300463738583 0.301586150000000 0.163469970690768
0.438735177865613 0.775000000000000 0.000000000000000 0.000000000000000 0.000000000000000 0.144486734940510 0.003018821774407 0.110559005058447 0.002252563543972 0.350890783916058 0.325769866497325 0.412371116256472 0.309431003603086 0.548507471771274 0.509411781709343 0.259962077723248 0.412371116256472 0.296328490000000 0.163339007938263
0.363636363636364 0.745833333333333 0.000000000000000 0.000000000000000 0.000000000000000 0.188212983537425 0.001837918102558 0.058385096000926 0.002333248853060 0.373612208322609 0.345218793721384 0.443298973171583 0.326578331985087 0.518656705704222 0.554117661446367 0.218216355079952 0.443298973171583 0.303601500000000 0.166474139724884
0.762845849802372 0.716666666666667 0.000000000000000 0.000000000000000 0.000000000000000 0.026615977272912 0.000588605192764 0.065838495289534 0.001172186963877 0.381616324759607 0.358995124465114 0.449189996692268 0.331254845479194 0.555970167485798 0.545882343847751 0.193548414090714 0.449189996692268 0.303121240000000 0.176688797933673
0.474308300395257 0.741666666666667 0.000000000000000 0.000000000000000 0.000000000000000 0.077946778925531 0.002213444058313 0.110559011766521 0.002890989395487 0.432739491331975 0.399513795782122 0.513991189145867 0.378020261012618 0.466417902866730 0.623529398685121 0.159392816627000 0.513991189145867 0.305404450000000 0.166215941143482
0.474308300395257 0.754166666666667 0.000000000000000 0.333333323333334 0.000000000000000 0.115969576713556 0.002076503773652 0.132919252116817 0.001795559825092 0.423960775335733 0.389789295703317 0.506627360039563 0.368667184920742 0.462686596987079 0.628235308069204 0.155597719881611 0.506627360039563 0.312609600000000 0.165985442669968
0.980237154150198 0.675000000000000 0.000000000000000 0.333333323333334 0.000000000000000 0.057034179571772 0.001660293587373 0.080745327407123 0.001523860072972 0.384714695111222 0.354132914539165 0.460972043733637 0.332813697340181 0.499999991604478 0.588235284775087 0.182163226321342 0.460972043733637 0.321084740000000 0.168291568985314
0.241106719367589 0.795833333333333 0.000000000000000 0.000000000000000 0.000000000000000 0.087452490349724 0.001722633057933 0.033540357171406 0.000815382028949 0.421636976658001 0.391410061518720 0.496318085446848 0.371005452190009 0.490671642950128 0.589411743591696 0.189753317345326 0.496318085446848 0.297879500000000 0.165119755540672
0.387351778656126 0.779166666666667 0.000000000000000 0.000000000000000 0.000000000000000 0.173003756285328 0.006487723934536 0.126708062937387 0.004178455316265 0.406661506015848 0.378444095449304 0.479381457441963 0.356196419136511 0.509328357049872 0.576470590726644 0.191650882795819 0.479381457441963 0.299654250000000 0.169273008989692
0.264822134387352 0.779166666666667 0.000000000000000 0.000000000000000 0.500000000000000 0.098859309838222 0.002904382534397 0.068322971408511 0.002070697505230 0.404854130282080 0.375202585698562 0.476435905917261 0.356975834544791 0.499999991604478 0.570588222525952 0.210626212822572 0.476435905917261 0.291300920000000 0.164402138078994
0.454545454545455 0.754166666666667 0.000000000000000 0.333333323333334 0.000000000000000 0.207224358477064 0.002847421304273 0.096894407646310 0.002208938552160 0.397882790019606 0.367098858728516 0.477908711502881 0.342166801491292 0.494403015993957 0.609411755238754 0.153700188586716 0.477908711502881 0.324017170000000 0.171140852446478
0.237154150197628 0.795833333333333 0.000000000000000 0.000000000000000 0.000000000000000 0.077946758393210 0.001894419323066 0.042236017997763 0.000723995942586 0.429641120980360 0.401134525130750 0.503681881416186 0.378020261012618 0.499999991604478 0.588235284775087 0.182163226321342 0.503681881416186 0.293527040000000 0.167986414524056
0.023715415019763 0.800000000000000 0.000000000000000 0.333333323333334 0.500000000000000 0.133079826478624 0.002880948664460 0.121739128587632 0.001980800314866 0.376452374173583 0.347649931504456 0.448453627036424 0.327357754408176 0.514925383033526 0.565882355494810 0.203036070565191 0.448453627036424 0.314896350000000 0.168578206344147
0.300395256916996 0.783333333333333 0.000000000000000 0.000000000000000 0.000000000000000 0.091254802295828 0.001877445855598 0.104347804698894 0.002182609307995 0.397366394961004 0.368719624543919 0.470544915533543 0.346843314985399 0.509328357049872 0.576470590726644 0.191650882795819 0.470544915533543 0.303497020000000 0.168434904452675
0.162055335968379 0.791666666666667 0.000000000000000 0.000000000000000 0.000000000000000 0.072243334960748 0.002035289049795 0.096894374105939 0.003407173069604 0.413632846278322 0.383306334548674 0.490427095063129 0.360872932630618 0.492537312680998 0.597647061190311 0.174573084063961 0.490427095063129 0.306608600000000 0.168158306284458
0.067193675889328 0.825000000000000 0.000000000000000 0.000000000000000 0.500000000000000 0.089353642900723 0.000718274764288 0.101863357648239 0.001927548965909 0.340046501628087 0.313614265102223 0.402798244456567 0.298519096694650 0.542910445787620 0.512941179335640 0.259962077723248 0.402798244456567 0.302982240000000 0.164050900710978
0.415019762845850 0.750000000000000 0.000000000000000 0.000000000000000 0.000000000000000 0.108365069171163 0.003056630591910 0.063353987866212 0.002089228168798 0.439194436535846 0.401944889805064 0.527245975498925 0.381137936675357 0.436567187172811 0.657647074955017 0.134724875637762 0.527245975498925 0.317522940000000 0.164839044326132
0.284584980237154 0.791666666666667 0.000000000000000 0.000000000000000 0.500000000000000 0.024714842858796 0.000652332355636 0.099378865877089 0.001771246408048 0.409243502222882 0.385737450451681 0.478645048021760 0.357755249953071 0.541044776056750 0.561176488463668 0.184060757616237 0.478645048021760 0.294187430000000 0.175675578350972
0.347826086956522 0.766666666666667 0.000000000000000 0.333333323333334 0.000000000000000 0.093155910360133 0.001882455039656 0.070807449763512 0.001314764859515 0.430415706596924 0.401944889805064 0.507363795969339 0.375681993743352 0.499999991604478 0.602352928221453 0.159392816627000 0.507363795969339 0.300234560000000 0.171780473119521
0.972332015810277 0.679166666666667 0.000000000000000 0.333333323333334 0.000000000000000 0.106463868711417 0.002702904372854 0.070807449763512 0.001114889606222 0.391686035373696 0.360615875693808 0.469808545877698 0.338269654301803 0.494403015993957 0.598823520006920 0.170777987318573 0.469808545877698 0.323020700000000 0.169025118206013
0.719367588932806 0.712500000000000 0.000000000000000 0.000000000000000 0.000000000000000 0.096958160709277 0.002112461662504 0.079503094937696 0.001847922568370 0.411050877956650 0.385737450451681 0.486008850618492 0.355416989698613 0.527985104731705 0.588235284775087 0.153700188586716 0.486008850618492 0.308825370000000 0.176629838673732
0.660079051383399 0.733333333333333 0.000000000000000 0.000000000000000 0.000000000000000 0.119771868127340 0.002186052209982 0.063354032586706 0.001155628847666 0.404337735223477 0.383306334548674 0.473490394156919 0.350740441130462 0.559701490156494 0.558823517889273 0.168880473101477 0.473490394156919 0.299649660000000 0.180890769996687
0.411067193675889 0.758333333333333 0.000000000000000 0.000000000000000 0.000000000000000 0.110266156703147 0.001921069226910 0.064596278472281 0.001570568892205 0.419055001364988 0.387358179800309 0.497790891032468 0.365549474183960 0.481343294295778 0.608235296422145 0.168880473101477 0.497790891032468 0.308465360000000 0.167276603456419
0.505928853754941 0.737500000000000 0.000000000000000 0.000000000000000 0.000000000000000 0.125475291559803 0.002027875755860 0.103105574465492 0.001736637889379 0.425768151069501 0.392220440779744 0.503681881416186 0.374902550275836 0.466417902866730 0.605882378788927 0.187855786050431 0.503681881416186 0.300130130000000 0.162017041274252
0.363636363636364 0.766666666666667 0.000000000000000 0.000000000000000 0.000000000000000 0.062737668023248 0.001216538485118 0.090683218466881 0.001531429342955 0.429382930422399 0.398703416521097 0.508100165625183 0.374902550275836 0.485074616966474 0.610588214055363 0.161290330844096 0.508100165625183 0.305592860000000 0.169064586662767
0.632411067193676 0.745833333333333 0.000000000000000 0.000000000000000 0.000000000000000 0.129277559019214 0.002111571893796 0.101863341996066 0.002688953039334 0.405112320840041 0.376823351513966 0.471281318326353 0.361652376098133 0.509328357049872 0.544705885031142 0.242884278991391 0.471281318326353 0.285916060000000 0.158021074074201
0.988142292490119 0.675000000000000 0.000000000000000 0.333333323333334 0.000000000000000 0.074144508044067 0.001850169866769 0.053416128110799 0.000892126138500 0.395817223727877 0.363857385444549 0.474226830086695 0.342946216899572 0.486940320279433 0.601176458816609 0.174573084063961 0.474226830086695 0.318366500000000 0.167203911658144
0.940711462450593 0.679166666666667 0.000000000000000 0.000000000000000 0.000000000000000 0.068441091455711 0.001457368139988 0.031055894468578 0.000616147633542 0.403304945106273 0.367909230696185 0.485272441198288 0.349961025722182 0.460820927256209 0.619999990470588 0.170777987318573 0.485272441198288 0.320260850000000 0.163704296815554
0.217391304347826 0.770833333333333 0.000000000000000 0.000000000000000 0.000000000000000 0.081749090871635 0.001432610103836 0.099378888237336 0.003166798633290 0.349083408182290 0.323338728714252 0.412371116256472 0.306313327940348 0.544776149100578 0.517647046366782 0.250474421248771 0.412371116256472 0.297962800000000 0.166103579433123
0.339920948616601 0.770833333333333 0.000000000000000 0.333333323333334 0.000000000000000 0.045627336128900 0.000876486510687 0.049689432938545 0.001203817185616 0.429382930422399 0.401134525130750 0.501472772448654 0.379579091829179 0.501865661335348 0.578823508359862 0.195445928307811 0.501472772448654 0.287526220000000 0.167113710034095
0.122529644268775 0.812500000000000 0.000000000000000 0.000000000000000 0.500000000000000 0.096958160709277 0.001788064837760 0.125465828231936 0.002025533629291 0.401755759930465 0.367909230696185 0.477908711502881 0.353078701384920 0.472014945641429 0.591764692989619 0.204933584782288 0.477908711502881 0.305680130000000 0.160868947348055
0.162055335968379 0.800000000000000 0.000000000000000 0.000000000000000 0.000000000000000 0.032319400363169 0.000652331952296 0.135403728235793 0.001776135578672 0.380067153526480 0.354943286506834 0.444771745620237 0.335151992668683 0.539179123116924 0.531764732166090 0.233396622516914 0.444771745620237 0.289793040000000 0.167483212685374
0.545454545454545 0.725000000000000 0.000000000000000 0.000000000000000 0.000000000000000 0.068441046969017 0.000637736226332 0.027329185880175 0.001374247051767 0.412341865603156 0.380875189472246 0.486745180509977 0.363211227959120 0.485074616966474 0.585882367141868 0.201138556348094 0.486745180509977 0.296439560000000 0.162894362448861
0.407114624505929 0.750000000000000 0.000000000000000 0.000000000000000 0.000000000000000 0.110266156703147 0.001990388904754 0.084472049411674 0.002094296373377 0.439710831594449 0.403565633740402 0.525036800257461 0.383476224989050 0.444029882887335 0.644705869148789 0.148007628857627 0.525036800257461 0.311586920000000 0.164224253022522
0.063241106719368 0.804166666666667 0.000000000000000 0.000000000000000 0.000000000000000 0.068441091455711 0.001293066963364 0.048447202705143 0.000542997518837 0.399173784637453 0.371150740446927 0.472017654845231 0.348402180876004 0.513059730093701 0.575294131910035 0.189753317345326 0.472017654845231 0.302671100000000 0.169021475222128
0.636363636363636 0.745833333333333 0.000000000000000 0.000000000000000 0.000000000000000 0.104562733270685 0.001071717334276 0.136645945053047 0.003764042202848 0.399690165753375 0.371961105121241 0.463917522357014 0.357755249953071 0.514925383033526 0.534117649799308 0.254269466760763 0.463917522357014 0.279561370000000 0.156478513823739
0.375494071146245 0.758333333333333 0.000000000000000 0.000000000000000 0.000000000000000 0.045627356661220 0.001124862662627 0.040993772112188 0.001332237188598 0.437128863272777 0.399513795782122 0.522091321634085 0.382696802565961 0.434701483859852 0.642352919750865 0.161290330844096 0.522091321634085 0.310288000000000 0.161036625334468
0.861660079051383 0.687500000000000 0.000000000000000 0.000000000000000 0.500000000000000 0.072243376025388 0.001873432014572 0.114285704702751 0.002049652503797 0.420345989011495 0.388978923735648 0.501472772448654 0.363990643367400 0.483208947235604 0.619999990470588 0.148007628857627 0.501472772448654 0.314462420000000 0.170150330164301
0.138339920948617 0.816666666666667 0.000000000000000 0.000000000000000 0.000000000000000 0.093155889827813 0.003205763349757 0.144099359993829 0.002021247706438 0.396075414285838 0.367909230696185 0.464653925149824 0.349961025722182 0.513059730093701 0.554117661446367 0.223908914809041 0.464653925149824 0.290668200000000 0.164765395615039
0.750988142292490 0.704166666666667 0.000000000000000 0.333333323333334 0.000000000000000 0.121673024100393 0.001196249862864 0.049689432938545 0.000799873014207 0.418796810807028 0.388168544474624 0.499999966863034 0.361652376098133 0.488805990010303 0.619999990470588 0.142315017895142 0.499999966863034 0.318010030000000 0.171577271843235
0.747035573122530 0.729166666666667 0.000000000000000 0.000000000000000 0.500000000000000 0.093155889827813 0.002263907879495 0.135403712583620 0.002031234151216 0.349083408182290 0.333063221499702 0.399116329903414 0.310989848449264 0.611940309785030 0.454117656152249 0.284630018712486 0.399116329903414 0.266195450000000 0.170458674334952
0.332015810276680 0.787500000000000 0.000000000000000 0.000000000000000 0.000000000000000 0.153992384767742 0.004360460993766 0.135403712583620 0.003121751324181 0.408468909634978 0.380875189472246 0.481590592919068 0.356975834544791 0.513059730093701 0.578823508359862 0.184060757616237 0.481590592919068 0.300180970000000 0.170452210976445
0.525691699604743 0.733333333333333 0.000000000000000 0.000000000000000 0.000000000000000 0.064638779509607 0.001528008051479 0.047204972471741 0.001287362565745 0.413891050778964 0.384116706516343 0.491163497855939 0.360093510207529 0.496268685724827 0.599999978823530 0.166982958884380 0.491163497855939 0.307457770000000 0.169674929161171
0.545454545454545 0.733333333333333 0.000000000000000 0.000000000000000 0.000000000000000 0.070342223474390 0.001133201017547 0.040993787764361 0.000771669179216 0.421378779128700 0.391410061518720 0.495581748927969 0.371005452190009 0.492537312680998 0.587058825958477 0.191650882795819 0.495581748927969 0.292692240000000 0.165523169839182
0.430830039525692 0.770833333333333 0.000000000000000 0.000000000000000 0.500000000000000 0.125475267605429 0.001877446057268 0.154037237637439 0.003506404262310 0.365866254558211 0.341977320437418 0.430780556474370 0.319563523162478 0.552238794441970 0.529411782768166 0.223908914809041 0.430780556474370 0.297629680000000 0.171501675730618
0.857707509881423 0.695833333333333 0.000000000000000 0.333333323333334 0.000000000000000 0.028517089785886 0.000552296236512 0.024844680692877 0.000392641744756 0.415698440455413 0.382495940700940 0.498527227551346 0.359314080769631 0.472014945641429 0.627058849252595 0.148007628857627 0.498527227551346 0.318996370000000 0.168487266050555
0.371541501976285 0.750000000000000 0.000000000000000 0.000000000000000 0.500000000000000 0.108365024684469 0.002810146509332 0.134161513654564 0.003740418593102 0.420087805424874 0.382495940700940 0.505154620727875 0.365549474183960 0.440298509843506 0.638823543301038 0.161290330844096 0.505154620727875 0.320864900000000 0.162259559915795
0.391304347826087 0.762500000000000 0.000000000000000 0.000000000000000 0.000000000000000 0.058935356077144 0.002615816546310 0.072049709065235 0.001082438655900 0.429124732893098 0.399513795782122 0.505154620727875 0.376461416166441 0.492537312680998 0.597647061190311 0.174573084063961 0.505154620727875 0.295907680000000 0.168124109242175
0.328063241106719 0.787500000000000 0.000000000000000 0.000000000000000 0.000000000000000 0.161596923108617 0.002725794540063 0.055900617645924 0.001104469065416 0.395042624168633 0.369529996511588 0.465390261668702 0.344505047716132 0.531716427402400 0.562352957868512 0.191650882795819 0.465390261668702 0.300817340000000 0.172714604697216
0.146245059288538 0.787500000000000 0.000000000000000 0.000000000000000 0.000000000000000 0.117870736108662 0.002143432046839 0.077018650123065 0.000869150643214 0.390136857169229 0.357374395116486 0.465390261668702 0.341387372053394 0.483208947235604 0.584705908325259 0.204933584782288 0.465390261668702 0.309826400000000 0.161830594366251
0.845849802371542 0.712500000000000 0.000000000000000 0.000000000000000 0.000000000000000 0.087452466395350 0.001482982770109 0.060869569883878 0.001429912618069 0.377743354848748 0.354132914539165 0.445508082139116 0.328137183846074 0.550373124711100 0.545882343847751 0.199241025053199 0.445508082139116 0.304050030000000 0.174610299353387
0.094861660079051 0.820833333333333 0.000000000000000 0.000000000000000 0.000000000000000 0.195817535566513 0.004881994727536 0.141614921887272 0.002562723064521 0.387813079405518 0.351701769462737 0.466126671088905 0.339049083739701 0.460820927256209 0.598823520006920 0.204933584782288 0.466126671088905 0.320595260000000 0.159416706237250
0.778656126482213 0.716666666666667 0.000000000000000 0.000000000000000 0.000000000000000 0.036121645237027 0.001191517370253 0.075776375169169 0.001152288082716 0.376710571702884 0.356564030442172 0.441089864204051 0.327357754408176 0.574626864794498 0.529411782768166 0.201138556348094 0.441089864204051 0.298621700000000 0.179499418759403
0.450592885375494 0.766666666666667 0.000000000000000 0.000000000000000 0.000000000000000 0.131178735524586 0.002981794630411 0.088198758000077 0.001229947126469 0.398140980577567 0.374392213730893 0.464653925149824 0.349961025722182 0.542910445787620 0.544705885031142 0.208728681527676 0.464653925149824 0.288359760000000 0.172677452976759
0.039525691699605 0.787500000000000 0.000000000000000 0.000000000000000 0.000000000000000 0.108365024684469 0.003056632003601 0.088198758000077 0.001789108255003 0.373354010793308 0.338735810686676 0.446244491559319 0.328916599254354 0.475746268312124 0.569411753121107 0.237191668028906 0.446244491559319 0.313031970000000 0.155698529149453
0.486166007905138 0.750000000000000 0.000000000000000 0.000000000000000 0.000000000000000 0.119771892081714 0.002761483098428 0.073291925882489 0.002019818103714 0.416473026071976 0.385737450451681 0.495581748927969 0.361652376098133 0.488805990010303 0.609411755238754 0.159392816627000 0.495581748927969 0.313610940000000 0.169339170277683
0.245059288537549 0.800000000000000 0.000000000000000 0.000000000000000 0.000000000000000 0.146387846426868 0.003822974747670 0.077018634470892 0.002911909895466 0.407694296133053 0.382495940700940 0.474963199742539 0.360093510207529 0.529850774462575 0.550588253231834 0.212523727039668 0.474963199742539 0.287107230000000 0.169479937189586
0.885375494071146 0.708333333333333 0.000000000000000 0.000000000000000 0.000000000000000 0.039923953761078 0.000870017174230 0.040993772112188 0.000958762331404 0.385747485228427 0.357374395116486 0.455817389868797 0.338269654301803 0.514925383033526 0.558823517889273 0.214421258334564 0.455817389868797 0.300006420000000 0.166366260395620
0.418972332015810 0.750000000000000 0.000000000000000 0.000000000000000 0.000000000000000 0.127376423578482 0.003024429112135 0.064596235987811 0.002009774673914 0.432481293802674 0.397082650705694 0.517673070562054 0.375681993743352 0.451492528228726 0.642352919750865 0.144212532112239 0.517673070562054 0.314682700000000 0.165875750242733
0.541501976284585 0.737500000000000 0.000000000000000 0.000000000000000 0.000000000000000 0.070342240584656 0.001368068697727 0.024844723177346 0.000541219896321 0.420604186540796 0.390599689551051 0.496318085446848 0.368667184920742 0.492537312680998 0.594117663564014 0.180265660870849 0.496318085446848 0.299511250000000 0.167369776546587
0.482213438735178 0.733333333333333 0.000000000000000 0.000000000000000 0.000000000000000 0.091254757809134 0.001865372569471 0.077018618818719 0.001194174021496 0.408985304693580 0.383306334548674 0.480854223263224 0.356975834544791 0.526119401418746 0.572941193100346 0.180265660870849 0.480854223263224 0.298553350000000 0.173025047360889
0.067193675889328 0.804166666666667 0.000000000000000 0.000000000000000 0.000000000000000 0.087452466395350 0.001214989759190 0.062111788937156 0.000828279398491 0.403563149606914 0.375202585698562 0.477172308710071 0.352299271947022 0.509328357049872 0.579999988352941 0.185958271833334 0.477172308710071 0.302525220000000 0.168824871607901
0.260869565217391 0.762500000000000 0.000000000000000 0.000000000000000 0.000000000000000 0.127376379091788 0.001509409727600 0.144099375646002 0.002859823998409 0.410018094810785 0.377633730774990 0.480854223263224 0.365549474183960 0.479477641355953 0.568235273128028 0.235294153811809 0.480854223263224 0.286790820000000 0.156335060840769
0.335968379446640 0.758333333333333 0.000000000000000 0.000000000000000 0.000000000000000 0.112167357162893 0.001665956081888 0.049689432938545 0.001305202051489 0.428091921861872 0.391410061518720 0.507363795969339 0.378799676420899 0.444029882887335 0.612941163453287 0.199241025053199 0.507363795969339 0.299578960000000 0.156933752505915
0.735177865612648 0.704166666666667 0.000000000000000 0.000000000000000 0.000000000000000 0.138783290975727 0.003009450666641 0.074534156115891 0.002306248772559 0.432739491331975 0.400324160456436 0.513991189145867 0.377240845604338 0.472014945641429 0.623529398685121 0.153700188586716 0.513991189145867 0.306905570000000 0.167878837377787
0.011857707509881 0.791666666666667 0.000000000000000 0.000000000000000 1.000000000000000 0.093155889827813 0.001692865434381 0.116770160697506 0.002253847221760 0.374386800910513 0.343598049786046 0.445508082139116 0.328137183846074 0.501865661335348 0.561176488463668 0.223908914809041 0.445508082139116 0.308859380000000 0.162666550046414
0.687747035573123 0.737500000000000 0.000000000000000 0.000000000000000 0.000000000000000 0.102661577297633 0.002594858076648 0.052173897877398 0.000937419853730 0.388845883465403 0.362236641509211 0.458026531973295 0.340607949630305 0.526119401418746 0.555294120262976 0.208728681527676 0.458026531973295 0.296293850000000 0.168636309418935
0.889328063241107 0.687500000000000 0.000000000000000 0.000000000000000 0.000000000000000 0.104562709316311 0.003302965741081 0.053416154943096 0.002070697216698 0.396849999902401 0.367909230696185 0.473490394156919 0.342946216899572 0.507462687319002 0.592941194159169 0.166982958884380 0.473490394156919 0.315861600000000 0.171638396747974
0.011857707509881 0.829166666666667 0.000000000000000 0.000000000000000 0.000000000000000 0.161597001815844 0.004052498168835 0.127950297642839 0.001576080209430 0.346759623447239 0.322528349453228 0.412371116256472 0.300077948555637 0.555970167485798 0.528235281598616 0.222011383514145 0.412371116256472 0.314277800000000 0.172872310644791
0.482213438735178 0.729166666666667 0.000000000000000 0.000000000000000 0.000000000000000 0.123574159541125 0.003054167594349 0.211180101168938 0.005721670160168 0.360960522415508 0.339546204534410 0.421944041075523 0.316445812425696 0.570895525332758 0.509411781709343 0.237191668028906 0.421944041075523 0.290147500000000 0.172928180923003
0.600790513833992 0.754166666666667 0.000000000000000 0.000000000000000 0.000000000000000 0.115969600667930 0.001796470248006 0.166459607052198 0.002982527970884 0.372579397291383 0.345218793721384 0.430780556474370 0.336710823485243 0.526119401418746 0.498823546477509 0.299810251993850 0.430780556474370 0.272720840000000 0.147730483993912
0.798418972332016 0.712500000000000 0.000000000000000 0.000000000000000 0.000000000000000 0.127376423578482 0.002598483601797 0.080745343059295 0.001229947415001 0.382907319377454 0.360615875693808 0.451399138796766 0.331254845479194 0.557835820425624 0.550588253231834 0.184060757616237 0.451399138796766 0.306721600000000 0.178594733235790
0.173913043478261 0.808333333333333 0.000000000000000 0.000000000000000 0.000000000000000 0.066539956014979 0.002213442646622 0.074534171768064 0.001824835555560 0.350374402800136 0.327390610432663 0.409425637633095 0.309431003603086 0.563432863200322 0.497647077072664 0.263757123235240 0.409425637633095 0.287572530000000 0.167799296098289
0.126482213438735 0.329166666666667 0.000000000000000 0.333333323333334 0.000000000000000 0.017110261742254 0.000411657280938 0.040993790000386 0.000395088566189 0.116188999727002 0.086709888060858 0.170839476650667 0.086515973140578 0.593283595685286 0.421176481051903 0.356736259151907 0.170839476650667 0.539115550000000 0.154146819469415
0.474308300395257 0.420833333333333 0.000000000000000 0.000000000000000 0.000000000000000 0.081749042962888 0.001783848721573 0.011180130237259 0.000201169185426 0.165246579093620 0.141815240209200 0.214285730380812 0.135619641913651 0.619402988708510 0.405882368200692 0.354838727857012 0.214285730380812 0.409544320000000 0.160984112645091
0.130434782608696 0.341666666666667 0.000000000000000 0.000000000000000 0.000000000000000 0.019011410528994 0.000274438086457 0.008695647410208 0.000281088853856 0.103279116290600 0.076175045187804 0.155375554820504 0.074045200341537 0.613805979515900 0.405882368200692 0.360531321741698 0.155375554820504 0.559178770000000 0.158053139047575
0.766798418972332 0.450000000000000 0.000000000000000 0.000000000000000 0.500000000000000 0.123574145852911 0.001416750057274 0.027329192588249 0.000657015783762 0.060160087069251 0.042949758046594 0.090574375621691 0.044427123712327 0.695895531629399 0.291764708871972 0.461100582837946 0.090574375621691 0.589564740000000 0.151337827074270
0.083003952569170 0.429166666666667 0.000000000000000 0.333333323333334 0.000000000000000 0.032319390097009 0.001172400955755 0.026086948938699 0.000294481387174 0.212496782726469 0.178282015221086 0.270250380925991 0.183943867219209 0.529850774462575 0.458823544359862 0.360531321741698 0.270250380925991 0.400536200000000 0.140517980265940
0.237154150197628 0.337500000000000 0.000000000000000 0.000000000000000 0.000000000000000 0.043726234908702 0.001071716225090 0.012422354656997 0.000447680475815 0.120320174138503 0.094003243063235 0.170839476650667 0.091971937117009 0.613805979515900 0.402352938809689 0.366223915626384 0.170839476650667 0.499694730000000 0.156519896106129
0.173913043478261 0.416666666666667 0.000000000000000 0.000000000000000 0.000000000000000 0.017110255582558 0.000352522268418 0.022360242586320 0.000568992138297 0.112316029816143 0.089141003963866 0.157584690297609 0.086515973140578 0.638059702808253 0.375294121321799 0.385199262730935 0.157584690297609 0.489896600000000 0.158395008742742
0.154150197628458 0.545833333333333 0.000000000000000 0.000000000000000 0.000000000000000 0.009505705264497 0.000137219194481 0.004968944411867 0.000124164322513 0.008520526832549 0.000810372769938 0.023564064922209 0.000000000000000 0.777985078705586 0.205882357612457 0.516129046746649 0.023564064922209 1.000000000000000 0.165868229243743
0.486166007905138 0.362500000000000 0.000000000000000 0.000000000000000 0.000000000000000 0.034220523484509 0.001019493537682 0.027329179172101 0.000933299475972 0.150012910922166 0.123176670366099 0.201767307056205 0.120810601845344 0.600746274608766 0.415294134027682 0.358633790446802 0.201767307056205 0.448675700000000 0.155446172772624
0.221343873517787 0.325000000000000 0.000000000000000 0.000000000000000 0.000000000000000 0.058935362921251 0.001317590053789 0.137888186466572 0.003392719720429 0.118512784462054 0.094813615030905 0.162739317652877 0.094310211401085 0.632462693615644 0.371764702519031 0.396584450500308 0.162739317652877 0.477488520000000 0.153513779670488
0.735177865612648 0.325000000000000 0.000000000000000 0.000000000000000 0.000000000000000 0.060836501784036 0.001761543296968 0.021118010116894 0.000577397385766 0.035114898841670 0.021069691580792 0.063328420004945 0.018706157094118 0.725746269151676 0.275294116027682 0.457305520248155 0.063328420004945 0.740903560000000 0.164325920812442
0.229249011857708 0.437500000000000 0.000000000000000 0.000000000000000 0.000000000000000 0.102661625206380 0.002836157219630 0.017391301528491 0.000328508110408 0.153111288245121 0.130470025368477 0.195876283535521 0.129384255514131 0.628731354153904 0.372941193100346 0.398481998873002 0.195876283535521 0.395663230000000 0.150990283053972
0.225296442687747 0.425000000000000 0.000000000000000 0.000000000000000 0.000000000000000 0.117870736108662 0.001233446712293 0.016149069059064 0.000281088962056 0.145365355394744 0.123176670366099 0.188512520703148 0.120810601845344 0.634328363346514 0.372941193100346 0.392789387910517 0.188512520703148 0.414807200000000 0.154194329351429
0.822134387351779 0.345833333333333 0.000000000000000 0.000000000000000 0.000000000000000 0.034220540594775 0.000766464351171 0.013664595176112 0.000353922687262 0.063516654950167 0.042949758046594 0.100883650214406 0.043647699886276 0.671641791546001 0.325882363965398 0.430740047964022 0.100883650214406 0.619712900000000 0.153581972299724
0.126482213438735 0.366666666666667 0.000000000000000 0.000000000000000 0.000000000000000 0.053231946332895 0.001269555047078 0.054658380704448 0.000814199842207 0.107926678789363 0.081847648961488 0.157584690297609 0.080280593755866 0.619402988708510 0.395294132968858 0.371916526588869 0.157584690297609 0.541479770000000 0.156408592036253
0.146245059288538 0.512500000000000 0.000000000000000 0.000000000000000 0.000000000000000 0.005703422405847 0.000184098842978 0.007453415835192 0.000152069664188 0.007229537791775 0.000000000000000 0.020618557138302 0.000000000000000 0.781716419846430 0.197647064366782 0.525616711760025 0.020618557138302 1.000000000000000 0.159448519391460
0.166007905138340 0.541666666666667 0.000000000000000 0.000000000000000 0.000000000000000 0.015209125274906 0.000173570108208 0.003726707917596 0.000131696133860 0.005422153692398 0.000000000000000 0.015463918516466 0.000000000000000 0.794776123074460 0.181176473640138 0.538899446194312 0.015463918516466 1.000000000000000 0.159448519391460
0.233201581027668 0.437500000000000 0.000000000000000 0.000000000000000 0.000000000000000 0.024714842858796 0.000392935776930 0.017391294820416 0.000248329066355 0.163181005830550 0.141004868241531 0.208394700232734 0.136399064336740 0.628731354153904 0.387058815370242 0.375711589178660 0.208394700232734 0.392149330000000 0.157671834471542
0.209486166007905 0.545833333333333 0.000000000000000 0.000000000000000 0.000000000000000 0.024714832592636 0.000834671566041 0.044720494116739 0.001520695673059 0.012651691484173 0.006482982305373 0.024300441868185 0.006235385698039 0.787313437434562 0.190588237349481 0.531309314183610 0.024300441868185 0.769444470000000 0.159448519391460
0.027667984189723 0.341666666666667 0.000000000000000 0.000000000000000 0.000000000000000 0.028517110318206 0.000463304885742 0.023602490707920 0.000670085082165 0.138652219632912 0.110210697003328 0.191458032463490 0.109898673892481 0.593283595685286 0.417647062249135 0.362428853036593 0.191458032463490 0.480245680000000 0.152427885077457
0.229249011857708 0.516666666666667 0.000000000000000 0.000000000000000 0.000000000000000 0.005703422405847 0.000184098842978 0.001242235957625 0.000098160513317 0.003356571366586 0.000000000000000 0.009572900960435 0.000000000000000 0.809701496033359 0.162352945162630 0.554079711923494 0.009572900960435 1.000000000000000 0.159448519391460
0.296442687747036 0.325000000000000 0.000000000000000 0.000000000000000 0.000000000000000 0.036121682879614 0.000960533756357 0.073291934826588 0.001769613174037 0.117221803786888 0.094003243063235 0.162002947997033 0.091971937117009 0.636194033077384 0.374117662505190 0.388994325320726 0.162002947997033 0.473045320000000 0.156519896106129
0.371541501976285 0.358333333333333 0.000000000000000 0.000000000000000 0.000000000000000 0.020912544600905 0.000538486530047 0.017391294820416 0.000328507684823 0.136586625455821 0.111831440938666 0.184094263003724 0.109898673892481 0.619402988708510 0.391764703577855 0.377609120473555 0.184094263003724 0.447494200000000 0.154924034132912
0.221343873517787 0.341666666666667 0.000000000000000 0.000000000000000 0.000000000000000 0.013307988465353 0.000392935716429 0.004968939269010 0.000124164192674 0.124967729665925 0.096434358966243 0.179675985422121 0.094310211401085 0.597014935147026 0.423529409273356 0.349146116894527 0.179675985422121 0.511904800000000 0.156752039798172
0.181818181818182 0.325000000000000 0.000000000000000 0.000000000000000 0.000000000000000 0.019011410528994 0.000173569987206 0.080745334115197 0.002768404514495 0.099147948850440 0.074554293959111 0.146539019539477 0.072486362510168 0.632462693615644 0.382352937750865 0.379506651768450 0.146539019539477 0.548824800000000 0.157280188521898
0.324110671936759 0.354166666666667 0.000000000000000 0.000000000000000 0.000000000000000 0.017110255582558 0.000463304946243 0.014906823173489 0.000372493283626 0.136586625455821 0.111021068970997 0.188512520703148 0.106001554762227 0.613805979515900 0.412941174041522 0.349146116894527 0.188512520703148 0.472764500000000 0.160843899735346
0.537549407114625 0.337500000000000 0.000000000000000 0.000000000000000 0.000000000000000 0.252851735670605 0.007441529167957 0.017391306000540 0.000248328460438 0.069455205095436 0.051863856984310 0.103092779064118 0.050662508708885 0.690298522436790 0.309411781709342 0.438330190221403 0.103092779064118 0.608436600000000 0.159060801820753
0.162055335968379 0.508333333333333 0.000000000000000 0.000000000000000 0.000000000000000 0.039923957183131 0.001922047932155 0.060869563175804 0.002278084827084 0.018848437764475 0.008914100396387 0.033136965882644 0.013250193819168 0.759328357889424 0.204705888207612 0.537001913191636 0.033136965882644 0.860606100000000 0.140306267501956
0.324110671936759 0.441666666666667 0.000000000000000 0.000000000000000 0.000000000000000 0.062737647490928 0.001389915625242 0.016149069059064 0.000353922427584 0.119287370078617 0.106158829871627 0.152430043060162 0.096648478670351 0.705223888679271 0.318823526359862 0.407969655347479 0.152430043060162 0.402203020000000 0.174432800419631
0.525691699604743 0.341666666666667 0.000000000000000 0.000000000000000 0.000000000000000 0.013307988465353 0.000253019758431 0.019875770044983 0.000392641744756 0.145881750453346 0.121555926430761 0.195876283535521 0.116134053277192 0.619402988708510 0.405882368200692 0.354838727857012 0.195876283535521 0.443379760000000 0.160843899735346
0.438735177865613 0.454166666666667 0.000000000000000 0.333333323333334 0.000000000000000 0.045627380615594 0.001041419318226 0.049689432938545 0.001232295414307 0.150271108451467 0.128038894878759 0.189985266642229 0.129384255514131 0.632462693615644 0.357647069660900 0.419354860194650 0.189985266642229 0.386750250000000 0.145510782015176
0.217391304347826 0.541666666666667 0.000000000000000 0.000000000000000 0.000000000000000 0.005703423090257 0.000184098812727 0.007453416505999 0.000000000000000 0.001290988901347 0.000000000000000 0.003681885392622 0.000000000000000 0.824626867313154 0.143529417743945 0.569259975944896 0.003681885392622 0.555555600000000 0.159448519391460
0.209486166007905 0.512500000000000 0.000000000000000 0.000000000000000 0.000000000000000 0.007604562979659 0.000029877066917 0.001242235957625 0.000013357964255 0.003614768895887 0.000000000000000 0.010309278569151 0.000000000000000 0.807835822944280 0.164705888207612 0.552182177213039 0.010309278569151 1.000000000000000 0.159448519391460
0.221343873517787 0.445833333333333 0.000000000000000 0.000000000000000 0.000000000000000 0.096958201773917 0.005545929166989 0.027329192588249 0.000630494752538 0.135295644780655 0.113452184874005 0.175994104005934 0.113016356570028 0.639925389330168 0.358823539065744 0.409867186642374 0.175994104005934 0.418712300000000 0.150587036634904
0.442687747035573 0.429166666666667 0.000000000000000 0.000000000000000 0.000000000000000 0.032319400363169 0.000511645140395 0.007453422543266 0.000064118418554 0.179963866149152 0.153160455049923 0.229749638956188 0.152766956266034 0.591417909163372 0.412941174041522 0.371916526588869 0.229749638956188 0.393927130000000 0.149653660514697
0.197628458498024 0.541666666666667 0.000000000000000 0.000000000000000 0.000000000000000 0.019011409160173 0.000119508168851 0.004968944411867 0.000053431819007 0.004905757936662 0.002431118382748 0.011782032461104 0.000000000000000 0.815298508584178 0.165882358671280 0.542694510491882 0.011782032461104 0.888888900000000 0.188521562141709
0.379446640316206 0.329166666666667 0.000000000000000 0.000000000000000 0.000000000000000 0.064638796619874 0.002584365884509 0.080745343059295 0.006136644179321 0.140459595366680 0.114262564135029 0.192194402119334 0.110678096315570 0.608208953532245 0.412941174041522 0.354838727857012 0.192194402119334 0.465278000000000 0.158253251342133
0.225296442687747 0.537500000000000 0.000000000000000 0.000000000000000 0.000000000000000 0.001901140779135 0.000018673163672 0.004968944411867 0.000021372732320 0.001807384447944 0.000000000000000 0.005154639284576 0.000000000000000 0.820895524493206 0.148235299598616 0.565464909939545 0.005154639284576 0.777777800000000 0.159448519391460
0.367588932806324 0.516666666666667 0.000000000000000 0.000000000000000 0.000000000000000 0.077946778925531 0.001273508992069 0.012422358234636 0.000277845360175 0.015233669565722 0.005672609608368 0.032400589599407 0.006235385698039 0.763059704067582 0.217647062249135 0.512333982449078 0.032400589599407 0.888007040000000 0.156665229338846
0.533596837944664 0.337500000000000 0.000000000000000 0.000000000000000 0.000000000000000 0.275665357537334 0.045147979507086 0.022360247058370 0.000128236133162 0.107410283730760 0.085089144125520 0.150220907583057 0.083398283448222 0.645522398522778 0.362352957868512 0.398481998873002 0.150220907583057 0.533549670000000 0.156279257714333
0.063241106719368 0.345833333333333 0.000000000000000 0.000000000000000 0.000000000000000 0.058935366343304 0.003200578914337 0.023602486235870 0.000686599990745 0.139685002778776 0.115072936102698 0.189985266642229 0.109898673892481 0.619402988708510 0.405882368200692 0.354838727857012 0.189985266642229 0.457771840000000 0.161150900870463
0.375494071146245 0.541666666666667 0.000000000000000 0.000000000000000 0.000000000000000 0.053231939488788 0.000746926446056 0.009937887705721 0.000085490874677 0.034598503783068 0.022690438433472 0.058173786022284 0.021044426467828 0.740671650506098 0.252941186747405 0.478178381569804 0.058173786022284 0.665239700000000 0.162692722451382
0.051383399209486 0.516666666666667 0.000000000000000 0.000000000000000 0.000000000000000 0.009505703211265 0.000063488752452 0.006211179340921 0.000045417023532 0.020139426805249 0.012155591184405 0.039764359059173 0.007014808822609 0.772388062796558 0.230588236290657 0.481973452698494 0.039764359059173 0.832275150000000 0.182254807248799
0.300395256916996 0.516666666666667 0.000000000000000 0.000000000000000 0.000000000000000 0.007604562637453 0.000029877053809 0.004968943517457 0.000021372730156 0.005422153692398 0.000000000000000 0.015463918516466 0.000000000000000 0.794776123074460 0.181176473640138 0.538899446194312 0.015463918516466 1.000000000000000 0.159448519391460
0.956521739130435 0.345833333333333 0.000000000000000 0.000000000000000 0.000000000000000 0.022813686885744 0.000313709133560 0.004968943517457 0.000021372735206 0.008262329303248 0.001620745539876 0.021354934084279 0.000779423194718 0.785447766024588 0.196470591785467 0.523719178757350 0.021354934084279 0.977777800000000 0.163335532833819
0.150197628458498 0.525000000000000 0.000000000000000 0.000000000000000 0.000000000000000 0.007604562295248 0.000029877056834 0.006211179340921 0.000077476126088 0.009553318344022 0.000000000000000 0.027245948989352 0.000000000000000 0.764925378835765 0.218823531653979 0.508538916443727 0.027245948989352 1.000000000000000 0.159448519391460
0.814229249011858 0.433333333333333 0.000000000000000 0.000000000000000 0.000000000000000 0.036121672613454 0.000332382156064 0.003726708364801 0.000024044331534 0.008520526832549 0.003241491152686 0.019145801920870 0.002338269654302 0.794776123074460 0.184705887148789 0.533206845478506 0.019145801920870 0.933333340000000 0.164293335412800
0.296442687747036 0.437500000000000 0.000000000000000 0.000000000000000 0.000000000000000 0.028517100052046 0.000436952384871 0.003726707917596 0.000056103345366 0.117479994344849 0.098865474869250 0.153902788999243 0.096648478670351 0.667910452084261 0.334117639211073 0.421252391489545 0.153902788999243 0.420838830000000 0.154952691153618
0.482213438735178 0.345833333333333 0.000000000000000 0.000000000000000 0.000000000000000 0.017110289460887 0.000078427464893 0.018633538469967 0.000024044325763 0.149496522834904 0.123176670366099 0.201767307056205 0.119251749984357 0.604477614070506 0.417647062249135 0.351043665267221 0.201767307056205 0.452182200000000 0.158345467519483
0.375494071146245 0.345833333333333 0.000000000000000 0.000000000000000 0.000000000000000 0.024714842858796 0.000287566883906 0.009937892401373 0.000309904873889 0.140975983453942 0.116693680038036 0.190721656180253 0.111457518738659 0.621268658439380 0.403529408214533 0.356736259151907 0.190721656180253 0.451545750000000 0.161043743422798
0.075098814229249 0.512500000000000 0.000000000000000 0.000000000000000 0.000000000000000 0.022813690307797 0.000089631285454 0.013664596517727 0.000173653368837 0.020655822560986 0.008103728428717 0.042709868831297 0.009353078897800 0.740671650506098 0.242352951515571 0.495256180301661 0.042709868831297 0.829232800000000 0.152951618571865
0.158102766798419 0.533333333333333 0.000000000000000 0.000000000000000 0.000000000000000 0.001901141018679 0.000018673167706 0.002484472317735 0.000021372739534 0.009036921891152 0.000000000000000 0.025773195097399 0.000000000000000 0.768656721655714 0.214117650858131 0.512333982449078 0.025773195097399 1.000000000000000 0.159448519391460
0.134387351778656 0.420833333333333 0.000000000000000 0.333333323333334 0.000000000000000 0.030418260473768 0.000298771001930 0.012422361365071 0.000117549970020 0.112832424874746 0.088330631996196 0.158321066580846 0.088074817986755 0.628731354153904 0.376470580138408 0.392789387910517 0.158321066580846 0.492526000000000 0.152915104793285
0.818181818181818 0.329166666666667 0.000000000000000 0.000000000000000 0.000000000000000 0.098859309838222 0.002584368607056 0.016149065705027 0.000045417059598 0.035889491429574 0.020259318883787 0.066273931765288 0.018706157094118 0.714552245729143 0.285882351259516 0.451612914409010 0.066273931765288 0.797212060000000 0.162968313342949
0.019762845849802 0.350000000000000 0.000000000000000 0.000000000000000 0.000000000000000 0.026615968033367 0.000612479913653 0.008695660826356 0.000045417081238 0.140717785924641 0.113452184874005 0.190721656180253 0.113795793022734 0.600746274608766 0.404705898795848 0.375711589178660 0.190721656180253 0.459469080000000 0.150754009527662
0.739130434782609 0.412500000000000 0.000000000000000 0.000000000000000 0.000000000000000 0.026615969059983 0.000522848421487 0.017391304882528 0.000694613743899 0.029434548317105 0.020259318883787 0.049337262007826 0.017147310143498 0.761194030978503 0.234117655093426 0.487666046583180 0.049337262007826 0.675264540000000 0.171731788081416
0.126482213438735 0.429166666666667 0.000000000000000 0.000000000000000 0.000000000000000 0.019011394103138 0.000074692684940 0.011180120175148 0.000152280566476 0.112316029816143 0.085899516093189 0.159793805892535 0.087295402578475 0.615671649246770 0.385882356553633 0.390891856615622 0.159793805892535 0.510924040000000 0.150269173699906
0.873517786561265 0.341666666666667 0.000000000000000 0.000000000000000 0.000000000000000 0.058935366343304 0.000063488385413 0.003726708364801 0.000024044331534 0.017041053665098 0.007293355002377 0.036082475654768 0.006235385698039 0.761194030978503 0.227058828076125 0.499051251430351 0.036082475654768 0.878395100000000 0.162692722451382
0.351778656126482 0.512500000000000 0.000000000000000 0.000000000000000 0.000000000000000 0.019011409160173 0.000343586213586 0.023602481763821 0.000269830698146 0.018590240932308 0.007293355002377 0.040500735342410 0.006235385698039 0.750000004197761 0.241176471522491 0.487666046583180 0.040500735342410 0.876102270000000 0.163335532833819
0.952569169960474 0.325000000000000 0.000000000000000 0.000000000000000 0.000000000000000 0.017110266875334 0.000481767677195 0.021118012352918 0.000398067007384 0.012651691484173 0.005672609608368 0.027245948989352 0.003897116324330 0.781716419846430 0.204705888207612 0.514231515451753 0.027245948989352 0.896296300000000 0.168201081966214
0.225296442687747 0.416666666666667 0.000000000000000 0.000000000000000 0.000000000000000 0.110266166969307 0.003480676974431 0.045962731058215 0.000686598043155 0.134779249722053 0.113452184874005 0.173784968528829 0.113795793022734 0.643656728791908 0.350588232055363 0.419354860194650 0.173784968528829 0.409226240000000 0.149489356905062
0.782608695652174 0.437500000000000 0.000000000000000 0.000000000000000 0.000000000000000 0.019011405738120 0.000298770598589 0.009937887034914 0.000021372744583 0.013684482995646 0.004862236911363 0.032400589599407 0.002338269654302 0.768656721655714 0.224705889266436 0.495256180301661 0.032400589599407 0.940740760000000 0.172118414435752
0.308300395256917 0.387500000000000 0.000000000000000 0.333333323333334 0.000000000000000 0.032319422264310 0.000377197599641 0.033540370587555 0.000729345898426 0.455202690323863 0.435980570794008 0.516936667769244 0.407638327119616 0.555970167485798 0.535294108615917 0.210626212822572 0.516936667769244 0.254697320000000 0.173980650719183
0.849802371541502 0.279166666666667 0.000000000000000 0.000000000000000 0.000000000000000 0.045627366927380 0.000358523851125 0.096894407646310 0.004584443590907 0.251742835065618 0.228525128270058 0.304860086120323 0.217459073500886 0.593283595685286 0.445882349141869 0.316888067803506 0.304860086120323 0.339709880000000 0.166257911003918
0.521739130434783 0.475000000000000 0.000000000000000 0.000000000000000 0.000000000000000 0.049429620698577 0.002853258243469 0.047204972471741 0.000951088035861 0.461915846999716 0.445705019819328 0.524300463738583 0.410756037856398 0.574626864794498 0.540000018000000 0.184060757616237 0.524300463738583 0.259841800000000 0.181473445963091
0.747035573122530 0.391666666666667 0.000000000000000 0.000000000000000 0.000000000000000 0.064638800041927 0.002315474130560 0.048447187052970 0.001210231823640 0.318874262397344 0.300648284446096 0.373343140107930 0.278254092649911 0.606343300592420 0.468235310186851 0.267552219980628 0.373343140107930 0.295991840000000 0.175953318099393
0.237154150197628 0.387500000000000 0.000000000000000 0.666666646666667 0.000000000000000 0.047528533166593 0.000735720190328 0.032298126938005 0.000534317906520 0.399690165753375 0.384927085777367 0.452135475315644 0.357755249953071 0.604477614070506 0.477647076013841 0.254269466760763 0.452135475315644 0.252202540000000 0.177776555988507
0.407114624505929 0.491666666666667 0.000000000000000 0.000000000000000 0.000000000000000 0.659695818466365 0.029148819866607 0.024844709761198 0.000790791044355 0.264136344357439 0.241491079752764 0.314432977802408 0.232268106554385 0.593283595685286 0.435294113910035 0.333965866535363 0.314432977802408 0.320612500000000 0.158877091347653
0.474308300395257 0.400000000000000 0.000000000000000 0.000000000000000 0.000000000000000 0.053231932644682 0.000881373986809 0.294409927055284 0.004031437566082 0.376452374173583 0.360615875693808 0.427098641921218 0.337490238893523 0.604477614070506 0.463529421979239 0.277039876455105 0.427098641921218 0.252669270000000 0.174690058876160
0.470355731225296 0.470833333333333 0.000000000000000 0.000000000000000 0.000000000000000 0.307984769535485 0.113517889755802 0.249689455298792 0.133101286486488 0.374903202940456 0.357374395116486 0.427098641921218 0.335931408076963 0.593283595685286 0.470588238408304 0.277039876455105 0.427098641921218 0.261245970000000 0.172377989628576
0.881422924901186 0.470833333333333 0.000000000000000 0.000000000000000 0.000000000000000 0.108365024684469 0.009624145321898 0.165217383526871 0.050634654463813 0.300800421403576 0.286061574441342 0.349042716133706 0.263445052581604 0.636194033077384 0.434117644505190 0.292220109736470 0.349042716133706 0.290981800000000 0.178489120278989
0.727272727272727 0.308333333333333 0.000000000000000 0.000000000000000 0.000000000000000 0.317490549400745 0.082165638955574 0.063354021406583 0.006628222225857 0.342628462978419 0.328200975106977 0.394698092086170 0.300857363963917 0.624999997901119 0.462352931397924 0.258064512272755 0.394698092086170 0.278725740000000 0.182981003349950
0.608695652173913 0.529166666666667 0.000000000000000 0.000000000000000 0.000000000000000 0.068441108565978 0.000672227670677 0.023602434807302 0.000301890962042 0.484379039020265 0.465964355477831 0.547128155028511 0.434918147001772 0.552238794441970 0.547058802664360 0.195445928307811 0.547128155028511 0.248997730000000 0.175455840949674
0.719367588932806 0.391666666666667 0.000000000000000 0.000000000000000 0.000000000000000 0.072243293896107 0.001150265942429 0.017391264857685 0.000470199766327 0.457010114857014 0.437601300142636 0.522091321634085 0.406079496303055 0.554104497754928 0.551764722636678 0.185958271833334 0.522091321634085 0.264985620000000 0.177062447207162
0.478260869565217 0.491666666666667 0.000000000000000 0.000000000000000 0.000000000000000 0.077946799457851 0.000870169233524 0.443478248231165 0.008615918221850 0.355538353386161 0.341977320437418 0.402061861545936 0.318784079694962 0.626865684423034 0.438823532712803 0.294117675186963 0.402061861545936 0.248091880000000 0.175758628310803
0.201581027667984 0.295833333333333 0.000000000000000 0.000000000000000 0.000000000000000 0.112167333208520 0.000466829979155 0.029813664235176 0.000352650067455 0.312935726194755 0.303079429522524 0.351988208011869 0.280592352904369 0.666044782353391 0.392941172982699 0.328273255572879 0.351988208011869 0.246605050000000 0.180032939625265
0.644268774703557 0.300000000000000 0.000000000000000 0.333333323333334 0.000000000000000 0.085551334376672 0.006128521967526 0.034782614237105 0.000566376287747 0.461915846999716 0.439222029491264 0.527982345154769 0.413094305125665 0.529850774462575 0.557647037896194 0.201138556348094 0.527982345154769 0.260329280000000 0.170633386469975
0.316205533596838 0.283333333333333 0.000000000000000 0.000000000000000 0.000000000000000 0.015209133487834 0.000074692574021 0.019875770044983 0.000470200956521 0.319390671398627 0.312803900427908 0.357142861876709 0.285268901472521 0.686567166184005 0.388235284775087 0.314990519430812 0.357142861876709 0.245206000000000 0.188912519785641
0.379446640316206 0.466666666666667 0.000000000000000 0.000000000000000 0.000000000000000 0.053231932644682 0.001105448582985 0.295652128220365 0.078437891962928 0.368190053235943 0.350081040114109 0.424889566090651 0.325019466094483 0.591417909163372 0.490588250055363 0.246679324503383 0.424889566090651 0.280593500000000 0.176285131816000
0.980237154150198 0.316666666666667 0.000000000000000 0.000000000000000 0.000000000000000 0.492395461659126 0.329995863745192 0.299378865877089 0.044735770562424 0.221017301193410 0.205834676708547 0.261413832390178 0.192517534917614 0.658582086638867 0.377647049543253 0.360531321741698 0.261413832390178 0.312482180000000 0.173048903029561
0.778656126482213 0.483333333333333 0.000000000000000 0.000000000000000 0.000000000000000 0.083650192091833 0.004421806633819 0.191304323521471 0.042948493052889 0.284017561084975 0.277147490090336 0.319587611785069 0.252533117613932 0.695895531629399 0.369411774297578 0.335863397830259 0.319587611785069 0.248999390000000 0.190682053041342
0.952569169960474 0.291666666666667 0.000000000000000 0.000000000000000 0.000000000000000 0.051330800626003 0.001154003596182 0.027329201532348 0.000534318627849 0.266718319650451 0.252025944505883 0.312960218608540 0.231488691146105 0.647388068253648 0.416470603432526 0.309297925546126 0.312960218608540 0.300796450000000 0.177886634538459
0.660079051383399 0.275000000000000 0.000000000000000 0.000000000000000 0.000000000000000 0.030418244390117 0.001284714693203 0.034782600820956 0.001143440328518 0.415182052368150 0.395461899477001 0.472754064265434 0.372564283006569 0.565298516140148 0.505882341730104 0.248576855798278 0.472754064265434 0.255328740000000 0.170112255106914
0.158102766798419 0.383333333333333 0.000000000000000 0.000000000000000 0.000000000000000 0.083650226312367 0.003122154635832 0.039751555294934 0.001079320925999 0.427059145687348 0.408427880133127 0.486745180509977 0.381137936675357 0.569029855601888 0.518823547536332 0.223908914809041 0.486745180509977 0.259606750000000 0.174805291324972
0.284584980237154 0.391666666666667 0.000000000000000 0.000000000000000 0.000000000000000 0.072243358915121 0.001105448582985 0.026086953410748 0.000376694205023 0.408727100192939 0.388978923735648 0.466126671088905 0.366328889592240 0.567164185871018 0.503529402920415 0.250474421248771 0.466126671088905 0.259047870000000 0.169882596030608
0.822134387351779 0.462500000000000 0.000000000000000 0.000000000000000 0.000000000000000 0.028517089785886 0.000078427747231 0.255900595285677 0.065518063829903 0.273431441469603 0.260940050736953 0.315169373967825 0.240841788282407 0.660447773160782 0.396470591785467 0.328273255572879 0.315169373967825 0.282410620000000 0.177809258903759
0.778656126482213 0.462500000000000 0.000000000000000 0.000000000000000 0.000000000000000 0.051330800626003 0.000885108212170 0.255900640006171 0.074847269331635 0.252259230124221 0.238249606468797 0.291605299767266 0.223694466915215 0.656716433699042 0.380000009529412 0.358633790446802 0.291605299767266 0.291849640000000 0.169356461860183
0.648221343873518 0.354166666666667 0.000000000000000 0.000000000000000 0.000000000000000 0.081749090871635 0.001587222542206 0.038509309409360 0.000878956394979 0.467338016029063 0.444894655145013 0.531664193433990 0.420109113948274 0.529850774462575 0.550588253231834 0.212523727039668 0.531664193433990 0.254595130000000 0.169195431899662
0.387351778656126 0.383333333333333 0.000000000000000 0.000000000000000 0.000000000000000 0.034220533750669 0.000403341331572 0.018633596606609 0.000312576360575 0.449264119264574 0.425445698747534 0.517673070562054 0.399064687480446 0.526119401418746 0.565882355494810 0.191650882795819 0.517673070562054 0.271568000000000 0.171504647196736
0.608695652173913 0.516666666666667 0.000000000000000 0.000000000000000 0.000000000000000 0.081748977943874 0.003290206473935 0.018633510743260 0.000088163900680 0.487477451199921 0.464343611542493 0.555964624035607 0.436476977818333 0.518656705704222 0.575294131910035 0.184060757616237 0.555964624035607 0.258303370000000 0.171107813772343
0.727272727272727 0.445833333333333 0.000000000000000 0.000000000000000 0.000000000000000 0.494296651852712 0.183818622302460 0.026086953410748 0.000761402642235 0.383940109494659 0.365478114793178 0.439617098382790 0.342166801491292 0.583955230239892 0.489411791238754 0.256166980977860 0.439617098382790 0.265557530000000 0.174100768459751
0.660079051383399 0.245833333333333 0.000000000000000 0.000000000000000 0.000000000000000 0.028517110318206 0.000616214945694 0.008695660826356 0.000077476479539 0.383681911965358 0.376012979546296 0.430044186818526 0.341387372053394 0.658582086638867 0.444705879737024 0.252371952543666 0.430044186818526 0.249829140000000 0.190747928934282
0.628458498023715 0.258333333333333 0.000000000000000 0.333333323333334 0.000000000000000 0.032319377777617 0.000332382680406 0.017391294820416 0.000470199802394 0.410018094810785 0.393841170128373 0.464653925149824 0.367108319030138 0.591417909163372 0.490588250055363 0.246679324503383 0.464653925149824 0.253364180000000 0.175814716832290
0.217391304347826 0.400000000000000 0.000000000000000 0.000000000000000 0.000000000000000 0.038022801210079 0.000209139136674 0.105590072944716 0.014568184104950 0.347276032448522 0.337115059457983 0.386597926460987 0.314886981609135 0.652985077446258 0.402352938809689 0.326375724277983 0.386597926460987 0.230454620000000 0.176731791858703
0.810276679841897 0.391666666666667 0.000000000000000 0.000000000000000 0.000000000000000 0.009505688838641 0.000063488869421 0.013664600542571 0.000109535351270 0.349857993798853 0.333063221499702 0.403534614112411 0.308651588194806 0.606343300592420 0.471764697224914 0.261859609018143 0.403534614112411 0.277105750000000 0.176644578488717
0.565217391304348 0.533333333333333 0.000000000000000 0.000000000000000 0.000000000000000 0.188212952738945 0.003977384910878 0.031055907884726 0.000430124688922 0.450813318383062 0.422204225463568 0.522091321634085 0.402182363143184 0.492537312680998 0.579999988352941 0.203036070565191 0.522091321634085 0.275689870000000 0.164304297940346
0.324110671936759 0.300000000000000 0.000000000000000 0.333333323333334 0.000000000000000 0.026615998831848 0.000791741183788 0.037267063523785 0.002244136469076 0.347534223006483 0.335494330109354 0.394698092086170 0.308651588194806 0.639925389330168 0.439999991529412 0.278937407750001 0.394698092086170 0.260605340000000 0.182258500596518
0.146245059288538 0.383333333333333 0.000000000000000 0.000000000000000 0.000000000000000 0.030418266291258 0.001060635761119 0.043478263883338 0.001007189429382 0.405628715898643 0.388978923735648 0.460972043733637 0.362431798521222 0.589552256223546 0.492941167688581 0.244781810286286 0.460972043733637 0.257014100000000 0.175700256628909
0.529644268774704 0.387500000000000 0.000000000000000 0.000000000000000 0.000000000000000 0.032319400363169 0.000108305462518 0.044720480700591 0.000512945565809 0.443583801505308 0.424635319486510 0.507363795969339 0.393608709474397 0.561567193469452 0.542352967397924 0.193548414090714 0.507363795969339 0.267218770000000 0.177550657411697
0.521739130434783 0.404166666666667 0.000000000000000 0.000000000000000 0.000000000000000 0.026615944078994 0.000746925800711 0.501863290567497 0.075680884464308 0.317841486222819 0.300648284446096 0.367452123214638 0.281371768312649 0.613805979515900 0.444705879737024 0.297912720698955 0.367452123214638 0.275985660000000 0.172684302457982
0.312252964426877 0.300000000000000 0.000000000000000 0.333333323333334 0.000000000000000 0.057034220636412 0.001792626011577 0.033540399655876 0.000408752997407 0.344694036241488 0.333063221499702 0.388807075192879 0.308651588194806 0.643656728791908 0.424705878678201 0.299810251993850 0.388807075192879 0.249679040000000 0.179724948001441
0.861660079051383 0.287500000000000 0.000000000000000 0.000000000000000 0.000000000000000 0.043726200688168 0.000332382156064 0.014906832117588 0.000673239671998 0.276788037235880 0.264991917868654 0.319587611785069 0.242400626113776 0.664179112622521 0.402352938809689 0.314990519430812 0.319587611785069 0.282963960000000 0.181566434385873
0.011857707509881 0.479166666666667 0.000000000000000 0.000000000000000 0.000000000000000 0.039923977715452 0.000750662244444 0.021118015930558 0.000430126326339 0.403046754548312 0.381685568733270 0.466863000980390 0.355416989698613 0.557835820425624 0.532941190982699 0.212523727039668 0.466863000980390 0.280738320000000 0.174283438080312
0.640316205533597 0.237500000000000 0.000000000000000 0.000000000000000 0.000000000000000 0.062737668023248 0.002229574443713 0.034782614237105 0.000694613433728 0.395817223727877 0.379254460123618 0.452135475315644 0.351519856538742 0.593283595685286 0.495294106498270 0.237191668028906 0.452135475315644 0.265052770000000 0.177929930646484
0.964426877470356 0.279166666666667 0.000000000000000 0.333333323333334 0.000000000000000 0.064638789775767 0.001015820317542 0.090683218466881 0.004084860952099 0.210431188549378 0.183144239733746 0.267304875793042 0.176149635973511 0.578358221047282 0.454117656152249 0.318785599098402 0.267304875793042 0.392033870000000 0.164098729563931
0.126482213438735 0.404166666666667 0.000000000000000 0.000000000000000 0.000000000000000 0.100760445278954 0.004634679864768 0.152794991751864 0.012142375718341 0.278853610498950 0.262560780085582 0.319587611785069 0.250974286797372 0.632462693615644 0.392941172982699 0.362428853036593 0.319587611785069 0.266757640000000 0.161785602675864
0.992094861660079 0.295833333333333 0.000000000000000 0.000000000000000 0.000000000000000 0.036121645237027 0.000422014807833 0.017391307565757 0.000341963182983 0.271107684619913 0.252025944505883 0.321060370978937 0.236165239714256 0.615671649246770 0.435294113910035 0.311195456841021 0.321060370978937 0.303876200000000 0.170587689685932
0.664031620553360 0.229166666666667 0.000000000000000 0.000000000000000 0.000000000000000 0.068441091455711 0.002106333814115 0.021118015930558 0.000301889952181 0.359669527797662 0.348460310765481 0.405743723079943 0.321122375023465 0.641791042269993 0.437647073896194 0.280834921967097 0.405743723079943 0.252103270000000 0.181800122568780
0.928853754940711 0.379166666666667 0.000000000000000 0.000000000000000 0.000000000000000 0.036121686301667 0.000063488637500 0.039751582127231 0.000886966830018 0.360444120385565 0.337115059457983 0.426362312029733 0.312548714339869 0.557835820425624 0.532941190982699 0.212523727039668 0.426362312029733 0.307006840000000 0.173641198487977
0.142292490118577 0.279166666666667 0.000000000000000 0.000000000000000 0.000000000000000 0.034220554282989 0.000179261925563 0.057142874711623 0.002073153199014 0.305447990873679 0.299837919771782 0.343888075523652 0.269680417936698 0.697761201360269 0.388235284775087 0.303605348739238 0.343888075523652 0.258916440000000 0.194421651545905
0.142292490118577 0.470833333333333 0.000000000000000 0.000000000000000 0.500000000000000 0.051330780093683 0.001019552627036 0.054658387412523 0.001303733352713 0.378776144965953 0.360615875693808 0.432253295786058 0.339049083739701 0.587686569701632 0.477647076013841 0.271347265492620 0.432253295786058 0.258542800000000 0.170245954294318
0.573122529644269 0.475000000000000 0.000000000000000 0.333333323333334 0.000000000000000 0.034220446146102 0.000448158539763 0.048447202705143 0.001402587434411 0.483346276788421 0.461102094498396 0.550810036444698 0.432579886747315 0.526119401418746 0.569411753121107 0.185958271833334 0.550810036444698 0.257599400000000 0.172014362757759
0.743083003952569 0.470833333333333 0.000000000000000 0.000000000000000 0.000000000000000 0.043726221220488 0.000959801391201 0.028571458598046 0.000975130088787 0.269042104385503 0.261750415411268 0.306332825432012 0.236165239714256 0.697761201360269 0.374117662505190 0.326375724277983 0.306332825432012 0.271473770000000 0.190824062261113
0.735177865612648 0.395833333333333 0.000000000000000 0.000000000000000 0.000000000000000 0.138783290975727 0.012432598810307 0.156521729408588 0.038406775256043 0.262845356710933 0.248784434755141 0.303387346808635 0.233047521962665 0.652985077446258 0.388235284775087 0.349146116894527 0.303387346808635 0.270906960000000 0.173586923064461
0.264822134387352 0.487500000000000 0.000000000000000 0.000000000000000 0.000000000000000 0.730038076161288 0.006005267221018 0.029813679887349 0.000609122505600 0.248128083598082 0.234197724750387 0.290132560455578 0.216679658092606 0.658582086638867 0.391764703577855 0.337760929125154 0.290132560455578 0.316177040000000 0.178343199468225
0.727272727272727 0.379166666666667 0.000000000000000 0.000000000000000 0.000000000000000 0.378327061450942 0.074322872299233 0.009937906264726 0.000149608913884 0.395817223727877 0.372771469795555 0.458026531973295 0.351519856538742 0.548507471771274 0.523529414567474 0.237191668028906 0.458026531973295 0.274353030000000 0.169578566361610
0.470355731225296 0.379166666666667 0.000000000000000 0.000000000000000 0.000000000000000 0.026615977272912 0.000164324741782 0.014906832117588 0.000128237229583 0.442550997445422 0.414100505786876 0.511045677385525 0.396726420211179 0.496268685724827 0.564705896678201 0.223908914809041 0.511045677385525 0.269379620000000 0.161354270026192
0.774703557312253 0.466666666666667 0.000000000000000 0.000000000000000 0.000000000000000 0.032319400363169 0.000959802298717 0.067080725522936 0.001122068420605 0.312419331136153 0.299837919771782 0.356406492220865 0.277474670226822 0.647388068253648 0.416470603432526 0.309297925546126 0.356406492220865 0.263274550000000 0.178933900071945
0.727272727272727 0.412500000000000 0.000000000000000 0.000000000000000 0.000000000000000 0.631178752634853 0.378228587873332 0.028571416113577 0.000430126542738 0.353214582593790 0.336304694783668 0.400589089097282 0.318784079694962 0.604477614070506 0.442352951515571 0.311195456841021 0.400589089097282 0.249252830000000 0.169836479547961
0.557312252964427 0.370833333333333 0.000000000000000 0.000000000000000 0.000000000000000 0.022813690307797 0.000268893004304 0.031055901176652 0.000654539063225 0.154918663978890 0.158833073410317 0.188512520703148 0.115354637868912 0.811567165764229 0.329411761591696 0.282732453261993 0.188512520703148 0.421994420000000 0.238535617847969
0.102766798418972 0.162500000000000 0.000000000000000 0.000000000000000 0.000000000000000 0.036121679457561 0.000466829313644 0.022360256002469 0.000352650067455 0.160599023566198 0.158022686855937 0.198821795295863 0.122369446691522 0.764925378835765 0.352941192041522 0.292220109736470 0.198821795295863 0.418746440000000 0.218733683692132
0.071146245059289 0.183333333333333 0.000000000000000 0.000000000000000 0.000000000000000 0.049429678873485 0.002853259251820 0.028571431765750 0.000622481309555 0.146656343041250 0.149918959885891 0.176730480289172 0.111457518738659 0.809701496033359 0.310588251114187 0.314990519430812 0.176730480289172 0.404790850000000 0.236669570701210
0.130434782608696 0.300000000000000 0.000000000000000 0.000000000000000 0.000000000000000 0.049429668607325 0.000343586425340 0.054658394120597 0.000309905155208 0.135553842309956 0.142625604883514 0.162002947997033 0.100545590785796 0.839552240943696 0.290588239467128 0.316888067803506 0.162002947997033 0.410073250000000 0.258058989646119
0.320158102766798 0.408333333333333 0.000000000000000 0.333333323333334 0.000000000000000 0.024714856547009 0.000242751208408 0.029813668707226 0.000577064102733 0.123934946520060 0.140194481687151 0.139175256707104 0.091971937117009 0.906716421105758 0.234117655093426 0.339658460420050 0.139175256707104 0.376023620000000 0.296745950810820
0.387351778656126 0.400000000000000 0.000000000000000 0.333333323333334 0.000000000000000 0.053231946332895 0.002046578141537 0.074534156115891 0.001635011883090 0.129873489693989 0.141815240209200 0.152430043060162 0.094310211401085 0.875000000419776 0.270588238408304 0.313093005213715 0.153166412716006 0.413785370000000 0.280997616867385
0.134387351778656 0.212500000000000 0.000000000000000 0.000000000000000 0.000000000000000 0.026615998831848 0.000522849228168 0.027329201532348 0.000758732497222 0.147947323716416 0.151539718407939 0.180412361705358 0.109898673892481 0.811567165764229 0.322352945162630 0.294117675186963 0.180412361705358 0.423121000000000 0.239022837563797
0.027667984189723 0.283333333333333 0.000000000000000 0.000000000000000 0.000000000000000 0.043726238330755 0.002304267622745 0.047204963527642 0.000374022696697 0.117221803786888 0.126418158236776 0.139175256707104 0.084957128294400 0.860074629139981 0.264705880795848 0.337760929125154 0.139175256707104 0.422336880000000 0.267106382096463
0.086956521739130 0.308333333333333 0.000000000000000 0.000000000000000 0.000000000000000 0.049429661763218 0.001060636265295 0.039751555294934 0.000694613433728 0.125225927195226 0.137763380370854 0.145066280227789 0.091971937117009 0.880597014649699 0.256470594961938 0.330170803945573 0.145066280227789 0.399751480000000 0.278227958625440
0.142292490118577 0.429166666666667 0.000000000000000 1.000000000000000 0.000000000000000 0.047528522900433 0.002035372642073 0.086956505406428 0.002714335033740 0.120061962666521 0.138573745045168 0.133284233186419 0.088074817986755 0.923507465474632 0.223529419861592 0.339658460420050 0.136229744946762 0.393690740000000 0.313517107041023
0.000000000000000 0.433333333333333 0.000000000000000 0.333333323333334 0.000000000000000 0.062737637224768 0.002408838335560 0.049689446354693 0.003579929078781 0.115414407139099 0.114262564135029 0.144329903944552 0.085736550717489 0.789179107165432 0.297647066484429 0.356736259151907 0.145066280227789 0.425537850000000 0.251175378532467
0.051383399209486 0.204166666666667 0.000000000000000 0.000000000000000 0.000000000000000 0.019011390338879 0.000791741324957 0.023602477291772 0.000045417059598 0.134779249722053 0.137763380370854 0.164212083474138 0.100545590785796 0.811567165764229 0.304705893501730 0.322580661688192 0.164212083474138 0.419248070000000 0.238520324030826
0.268774703557312 0.308333333333333 0.000000000000000 0.333333323333334 0.000000000000000 0.106463892665790 0.008275947083366 0.088198742347904 0.006809882541457 0.149496522834904 0.149108595211577 0.186303378598650 0.110678096315570 0.783582092935509 0.343529415626298 0.288425064224478 0.186303378598650 0.437403980000000 0.232394806112255
0.162055335968379 0.216666666666667 0.000000000000000 0.333333323333334 0.000000000000000 0.051330814314217 0.001109185329222 0.043478250467189 0.001776606895297 0.155951461067435 0.148298223243908 0.196612659818758 0.120031165392637 0.731343290098017 0.363529427273356 0.309297925546126 0.196612659818758 0.422651320000000 0.206540297655287
0.304347826086957 0.241666666666667 0.000000000000000 0.000000000000000 0.000000000000000 0.051330786937790 0.001154000772800 0.036024833290383 0.001039248481445 0.169635951034421 0.160453810052300 0.215758476319893 0.129384255514131 0.716417915460013 0.392941172982699 0.277039876455105 0.215758476319893 0.431547200000000 0.206990600681876
0.537549407114625 0.229166666666667 0.000000000000000 0.000000000000000 0.000000000000000 0.089353612102242 0.003066133491120 0.065838504233633 0.002802498003977 0.198037707142919 0.184764998255794 0.253313680019781 0.151987519813328 0.679104487260526 0.443529420920415 0.233396622516914 0.253313680019781 0.430557800000000 0.201318038285075
0.343873517786561 0.325000000000000 0.000000000000000 0.000000000000000 0.000000000000000 0.026615957767207 0.000388401263907 0.081987573292697 0.002917374686946 0.155693270509474 0.158022686855937 0.188512520703148 0.118472334576077 0.800373137304383 0.325882363965398 0.299810251993850 0.188512520703148 0.403686550000000 0.238151795080310
0.343873517786561 0.250000000000000 0.000000000000000 0.333333323333334 0.500000000000000 0.049429668607325 0.000791741889633 0.100621111762664 0.004095548889712 0.155693270509474 0.158833073410317 0.189248890358992 0.116913489729899 0.805970153213410 0.329411761591696 0.288425064224478 0.189248890358992 0.416299430000000 0.236258702555486
0.343873517786561 0.433333333333333 0.000000000000000 0.000000000000000 0.000000000000000 0.057034234324626 0.001837438127598 0.093167703529956 0.003037599233899 0.153627683303724 0.155591578246285 0.185567008942806 0.117692912152988 0.798507464215304 0.321176486346021 0.309297925546126 0.185567008942806 0.397362400000000 0.239165501513391
0.047430830039526 0.258333333333333 0.000000000000000 0.000000000000000 0.000000000000000 0.047528512634272 0.000735722721289 0.058385087056827 0.002257492315580 0.132971860045604 0.140194481687151 0.159793805892535 0.097427901093440 0.841417912521580 0.291764708871972 0.313093005213715 0.159793805892535 0.421503840000000 0.255163724005862
0.498023715415020 0.445833333333333 0.000000000000000 0.666666646666667 0.000000000000000 0.058935356077144 0.001542402359379 0.077018618818719 0.006849957438530 0.158533436360447 0.157212314888268 0.192194402119334 0.123928298552508 0.774253734206533 0.330588252173010 0.318785599098402 0.192194402119334 0.390398400000000 0.224418400560516
0.110671936758893 0.229166666666667 0.000000000000000 0.000000000000000 0.000000000000000 0.087452466395350 0.002181024774775 0.048447202705143 0.003710840120688 0.157758850743884 0.154781191691906 0.198085425640019 0.117692912152988 0.763059704067582 0.362352957868512 0.278937407750001 0.198085425640019 0.438246130000000 0.220027967036200
0.292490118577075 0.233333333333333 0.000000000000000 0.000000000000000 0.000000000000000 0.049429668607325 0.001015819712531 0.040993787764361 0.001114054162519 0.155176875450871 0.164505669890646 0.184830639286961 0.114575215445823 0.848880599001030 0.310588251114187 0.275142311004613 0.184830639286961 0.414835700000000 0.255076661727374
0.051383399209486 0.412500000000000 0.000000000000000 0.000000000000000 0.000000000000000 0.058935369765358 0.005396542506421 0.059627326234328 0.000737359435182 0.124967729665925 0.137763380370854 0.142120768467446 0.094310211401085 0.882462686059674 0.243529410332180 0.349146116894527 0.142120768467446 0.368848320000000 0.285240517938296
0.478260869565217 0.333333333333333 0.000000000000000 0.000000000000000 0.000000000000000 0.076045633218639 0.002046577939867 0.048447193761044 0.000921698551748 0.156726060626679 0.160453810052300 0.190721656180253 0.116913489729899 0.809701496033359 0.331764721577855 0.280834921967097 0.190721656180253 0.420716000000000 0.237342330776054
0.371541501976285 0.370833333333333 0.000000000000000 0.333333323333334 0.000000000000000 0.024714832592636 0.000108304434001 0.027329179172101 0.000822850024285 0.146914540570551 0.158022686855937 0.172312222589748 0.109119244454583 0.863805971959930 0.288235300657439 0.296015206481858 0.172312222589748 0.401041900000000 0.263093358345132
0.569169960474308 0.379166666666667 0.000000000000000 0.000000000000000 0.000000000000000 0.030418244390117 0.000612480619498 0.058385087056827 0.001071308110572 0.160857221095499 0.161264174726614 0.197349049356782 0.121590024268433 0.785447766024588 0.344705874442907 0.284630018712486 0.197349049356782 0.417762580000000 0.228103622913899
0.098814229249012 0.341666666666667 0.000000000000000 0.000000000000000 0.000000000000000 0.085551310422298 0.000212873866210 0.047204972471741 0.006593483362967 0.142008780542487 0.137763380370854 0.177466869827195 0.108339829046303 0.759328357889424 0.335294108615917 0.326375724277983 0.177466869827195 0.419233200000000 0.220571560668566
0.549407114624506 0.383333333333333 0.000000000000000 0.333333323333334 0.000000000000000 0.074144466979426 0.003439598882102 0.040993787764361 0.001562881107803 0.152336695657218 0.154781191691906 0.185567008942806 0.114575215445823 0.802238810393462 0.327058833370242 0.296015206481858 0.185567008942806 0.416238600000000 0.236672995441821
0.324110671936759 0.429166666666667 0.000000000000000 0.000000000000000 0.000000000000000 0.047528522900433 0.001139062257996 0.043478254939239 0.000430126326339 0.138394015132270 0.145867100047545 0.163475693936114 0.104442709916050 0.841417912521580 0.284705892442907 0.324478192983088 0.163475693936114 0.394963860000000 0.257781787111912
0.023715415019763 0.095833333333333 0.000000000000000 0.000000000000000 0.000000000000000 0.068441067501337 0.003719693513804 0.033540370587555 0.001466702725353 0.141750589984526 0.132901126684774 0.184830639286961 0.104442709916050 0.727611942240755 0.371764702519031 0.299810251993850 0.184830639286961 0.466344700000000 0.204985398265856
0.371541501976285 0.408333333333333 0.000000000000000 0.000000000000000 0.000000000000000 0.034220533750669 0.000492971391879 0.043478254939239 0.001968961640474 0.120320174138503 0.140194481687151 0.132547863530575 0.088074817986755 0.932835822524504 0.218823531653979 0.337760929125154 0.135493375290918 0.384997430000000 0.321148570703812
0.391304347826087 0.416666666666667 0.000000000000000 0.000000000000000 0.000000000000000 0.055133068085413 0.000914984939273 0.036024833290383 0.000590421132218 0.138910410190873 0.144246363405562 0.164948459757375 0.106001554762227 0.826492539562681 0.289411770062284 0.332068318162669 0.164948459757375 0.391701220000000 0.245563135219084
0.146245059288538 0.395833333333333 0.000000000000000 0.000000000000000 0.000000000000000 0.076045633218639 0.002539549029241 0.047204972471741 0.002265508376989 0.139426805249475 0.145867100047545 0.166421199069063 0.104442709916050 0.833955226042131 0.294117647681661 0.316888067803506 0.166421199069063 0.408154760000000 0.249562090673197
0.086956521739130 0.312500000000000 0.000000000000000 0.000000000000000 0.000000000000000 0.030418260473768 0.000657296264746 0.038509313881409 0.000943072335117 0.129615285193347 0.135332249881137 0.156111924476348 0.095869056247262 0.832089554464246 0.289411770062284 0.326375724277983 0.156111924476348 0.417915640000000 0.252268005091112
0.375494071146245 0.304166666666667 0.000000000000000 0.000000000000000 0.000000000000000 0.051330814314217 0.001288447708543 0.036024833290383 0.001648373428096 0.166279376182165 0.171799024893023 0.198821795295863 0.126266558806966 0.819029853083231 0.327058833370242 0.278937407750001 0.198821795295863 0.398791070000000 0.242637516975759
0.573122529644269 0.254166666666667 0.000000000000000 0.000000000000000 0.000000000000000 0.032319377777617 0.000511644232879 0.037267072467884 0.000416767039094 0.182804025028785 0.173419783415071 0.234904286193636 0.136399064336740 0.710820897871881 0.424705878678201 0.231499057066421 0.234904286193636 0.450925980000000 0.207550847954863
0.154150197628458 0.258333333333333 0.000000000000000 0.333333323333334 0.000000000000000 0.047528533166593 0.001094247419429 0.036024853414605 0.001808666885089 0.143816170218936 0.144246363405562 0.177466869827195 0.107560399608405 0.791044778575407 0.327058833370242 0.307400394251230 0.177466869827195 0.426973160000000 0.229778304285014
0.150197628458498 0.204166666666667 0.000000000000000 0.333333323333334 0.000000000000000 0.053231953177002 0.001150267253285 0.054658394120597 0.001399912817156 0.157758850743884 0.155591578246285 0.198821795295863 0.116134053277192 0.768656721655714 0.365882344906574 0.267552219980628 0.198821795295863 0.446635570000000 0.224083195679186
0.031620553359684 0.337500000000000 0.000000000000000 0.000000000000000 0.000000000000000 0.047528512634272 0.002438712844291 0.055900613173875 0.000633166823500 0.132971860045604 0.136953008403185 0.159793805892535 0.100545590785796 0.819029853083231 0.291764708871972 0.335863397830259 0.159793805892535 0.401024580000000 0.247384996496776
0.379446640316206 0.275000000000000 0.000000000000000 0.000000000000000 0.500000000000000 0.041825089201810 0.001867316165557 0.099378881529262 0.004734055746517 0.175574487237010 0.175850884731369 0.214285730380812 0.134060783037856 0.779850748436456 0.358823539065744 0.267552219980628 0.214285730380812 0.407623100000000 0.229468818534159
0.537549407114625 0.345833333333333 0.000000000000000 0.666666646666667 0.000000000000000 0.057034234324626 0.000806680404437 0.081987580000771 0.002083841641557 0.147947323716416 0.150729346440270 0.181148751243382 0.109898673892481 0.805970153213410 0.325882363965398 0.294117675186963 0.181148751243382 0.427811350000000 0.237890222122129
0.015810276679842 0.337500000000000 0.000000000000000 0.000000000000000 0.000000000000000 0.045627384037647 0.000492971149875 0.048447202705143 0.000921698912412 0.130389877781251 0.136953008403185 0.157584690297609 0.095089626809365 0.837686569197900 0.292941178276817 0.314990519430812 0.157584690297609 0.428860100000000 0.251127415375961
0.268774703557312 0.337500000000000 0.000000000000000 0.333333323333334 0.000000000000000 0.064638789775767 0.004556250040334 0.044720491880715 0.000737358713853 0.135037440280014 0.147487836689529 0.154639178537267 0.102104435631974 0.876865673508855 0.257647064366782 0.332068318162669 0.154639178537267 0.376574130000000 0.274639552346111
0.332015810276680 0.187500000000000 0.000000000000000 0.000000000000000 0.000000000000000 0.045627380615594 0.000403340545058 0.028571416113577 0.001327780166413 0.184353224147273 0.170178288251040 0.238586154355036 0.140296176452185 0.677238817529656 0.435294113910035 0.248576855798278 0.238586154355036 0.442788200000000 0.198264378391532
0.158102766798419 0.208333333333333 0.000000000000000 0.000000000000000 0.000000000000000 0.070342199520016 0.001587219012978 0.034782600820956 0.001399913538485 0.151562096097974 0.148298223243908 0.190721656180253 0.113016356570028 0.763059704067582 0.355294109674741 0.290322578441574 0.190721656180253 0.437042420000000 0.219398620584991
0.371541501976285 0.191666666666667 0.000000000000000 0.000000000000000 0.000000000000000 0.062737623536555 0.003439595957885 0.047204956819568 0.001239617196176 0.183320434030068 0.179902751863069 0.228276893017107 0.138737338620816 0.751865673928631 0.390588244761246 0.244781810286286 0.228276893017107 0.425690950000000 0.219109146063592
0.474308300395257 0.425000000000000 0.000000000000000 0.000000000000000 0.000000000000000 0.058935356077144 0.001542403871906 0.065838495289534 0.001103366729838 0.141234194925924 0.145867100047545 0.168630341173562 0.107560399608405 0.820895524493206 0.296470586491349 0.326375724277983 0.168630341173562 0.396588950000000 0.244863245826454
0.332015810276680 0.375000000000000 0.000000000000000 0.000000000000000 0.000000000000000 0.045627380615594 0.001299651292141 0.028571425057675 0.000878952932598 0.148463732717699 0.154781191691906 0.177466869827195 0.111457518738659 0.830223882886361 0.305882362906574 0.301707817444343 0.177466869827195 0.404792200000000 0.249397652760009
0.513833992094862 0.312500000000000 0.000000000000000 0.000000000000000 0.000000000000000 0.047528533166593 0.001228694456007 0.037267092592106 0.001859427483653 0.169377753505120 0.171799024893023 0.207658323949497 0.126266558806966 0.796641792805330 0.355294109674741 0.256166980977860 0.207658323949497 0.424597050000000 0.233911613656355
0.478260869565217 0.395833333333333 0.000000000000000 0.333333323333334 0.000000000000000 0.055133078351574 0.000601275472957 0.036024846706531 0.001968962506069 0.160599023566198 0.160453810052300 0.198085425640019 0.120810601845344 0.781716419846430 0.349411762650519 0.280834921967097 0.198085425640019 0.423346430000000 0.226363821107331
0.260869565217391 0.208333333333333 0.000000000000000 0.000000000000000 0.000000000000000 0.036121679457561 0.000511644605969 0.018633538469967 0.000280517106540 0.165504776622921 0.165316041858315 0.203240052995287 0.125487143398686 0.779850748436456 0.351764722636678 0.278937407750001 0.203240052995287 0.415750830000000 0.225506074675630
0.252964426877470 0.179166666666667 0.000000000000000 0.000000000000000 0.000000000000000 0.060836512050196 0.001688053080391 0.060869556467729 0.003123088308210 0.171443326768190 0.166126428412694 0.215758476319893 0.129384255514131 0.742537313520550 0.384705897737024 0.263757123235240 0.215758476319893 0.432166500000000 0.215460303185235
0.335968379446640 0.262500000000000 0.000000000000000 0.333333323333334 0.000000000000000 0.045627387459701 0.001568545768638 0.014906845533736 0.000096177268645 0.156209665568076 0.158022686855937 0.191458032463490 0.116913489729899 0.796641792805330 0.337647068602076 0.284630018712486 0.191458032463490 0.422206160000000 0.234612241718528
0.553359683794466 0.325000000000000 0.000000000000000 0.000000000000000 0.000000000000000 0.043726245174862 0.001497587823318 0.037267076939933 0.002660903713099 0.166537580682807 0.168557529728991 0.201767307056205 0.127045974215246 0.794776123074460 0.339999996823529 0.282732453261993 0.201767307056205 0.405021820000000 0.231701615109351
0.268774703557312 0.262500000000000 0.000000000000000 0.666666646666667 0.000000000000000 0.133079843588891 0.010023751702096 0.048447209413217 0.001787293895181 0.164471986505716 0.164505669890646 0.202503676712049 0.123928298552508 0.781716419846430 0.352941192041522 0.275142311004613 0.202503676712049 0.420251600000000 0.231269963488740
0.063241106719368 0.220833333333333 0.000000000000000 0.000000000000000 0.000000000000000 0.049429654919111 0.001374343664492 0.037267072467884 0.001025890615219 0.131680879370438 0.128038894878759 0.166421199069063 0.098207323516529 0.766791048566635 0.329411761591696 0.328273255572879 0.166421199069063 0.441092040000000 0.216341166616065
0.015810276679842 0.375000000000000 0.000000000000000 0.000000000000000 0.000000000000000 0.079847910944209 0.002330411032003 0.039751548586860 0.000438140425732 0.117996389403451 0.133711513239153 0.131811493874731 0.088074817986755 0.904850748016680 0.225882358671280 0.354838727857012 0.134020609469657 0.376852100000000 0.307733979243889
0.304347826086957 0.404166666666667 0.000000000000000 0.000000000000000 0.000000000000000 0.028517117162313 0.000436951941196 0.036024833290383 0.000846893952668 0.119287370078617 0.138573745045168 0.131811493874731 0.087295402578475 0.929104474667242 0.220000001058824 0.339658460420050 0.132547863530575 0.378839340000000 0.314716572076394
0.498023715415020 0.458333333333333 0.000000000000000 0.000000000000000 0.000000000000000 0.057034213792306 0.000806681412788 0.044720498588789 0.001763248379874 0.161115411653460 0.158022686855937 0.199558164951707 0.123148862099802 0.761194030978503 0.354117650858131 0.294117675186963 0.199558164951707 0.415524300000000 0.218820561303235
0.276679841897233 0.329166666666667 0.000000000000000 0.000000000000000 0.000000000000000 0.095057045800865 0.002091392475929 0.114285704702751 0.002361686038109 0.157758850743884 0.160453810052300 0.192930771775178 0.117692912152988 0.802238810393462 0.337647068602076 0.278937407750001 0.192930771775178 0.420486400000000 0.238698427330572
0.090909090909091 0.195833333333333 0.000000000000000 0.000000000000000 0.000000000000000 0.030418266291258 0.000164324167022 0.031055894468578 0.001648371841171 0.145881750453346 0.145867100047545 0.181148751243382 0.108339829046303 0.787313437434562 0.335294108615917 0.297912720698955 0.181148751243382 0.434743300000000 0.228165150729298
0.011857707509881 0.316666666666667 0.000000000000000 0.333333323333334 0.000000000000000 0.095057035534705 0.003122150602429 0.060869556467729 0.003155148514400 0.120836569197105 0.132901126684774 0.139175256707104 0.089633669847742 0.878731344918829 0.248235298539792 0.345351054304736 0.139911626362948 0.391731080000000 0.289726676320294
0.584980237154150 0.441666666666667 0.000000000000000 0.666666646666667 0.000000000000000 0.028517100052046 0.000257689682878 0.022360240350296 0.000320590921619 0.147947323716416 0.153970819724237 0.174521358066853 0.113795793022734 0.828358211140566 0.294117647681661 0.322580661688192 0.174521358066853 0.382629220000000 0.246732130135778
0.308300395256917 0.191666666666667 0.000000000000000 0.000000000000000 0.000000000000000 0.058935366343304 0.001632033145699 0.043478263883338 0.001423957106203 0.186935206411625 0.175040520057054 0.240058893666724 0.141855014283554 0.692164175376615 0.430588225702422 0.240986713540898 0.240058893666724 0.440509350000000 0.202546647191532
0.083003952569170 0.204166666666667 0.000000000000000 0.000000000000000 0.000000000000000 0.017110266875334 0.000302505479378 0.028571425057675 0.000526303143504 0.138910410190873 0.141004868241531 0.170839476650667 0.102883865069872 0.804104480124332 0.317647056955017 0.309297925546126 0.170839476650667 0.430484320000000 0.234045279267871
0.395256916996047 0.254166666666667 0.000000000000000 0.000000000000000 0.000000000000000 0.085551341220779 0.004784063701954 0.039751548586860 0.004541701939069 0.184611421676574 0.171799024893023 0.237113415043347 0.141075591860465 0.686567166184005 0.427058838664360 0.252371952543666 0.237113415043347 0.436895300000000 0.201122458735443
0.249011857707510 0.262500000000000 0.000000000000000 0.000000000000000 0.000000000000000 0.045627366927380 0.000582601976529 0.031055907884726 0.000654539423890 0.147430935629154 0.153160455049923 0.178203246110433 0.109119244454583 0.826492539562681 0.314117638152249 0.292220109736470 0.178203246110433 0.419203580000000 0.250130496887053
0.549407114624506 0.437500000000000 0.000000000000000 0.000000000000000 0.000000000000000 0.032319410287124 0.000287566883906 0.019875784355541 0.000053431797368 0.154144071390986 0.155591578246285 0.186303378598650 0.118472334576077 0.794776123074460 0.322352945162630 0.311195456841021 0.186303378598650 0.398448380000000 0.230642984137659
0.079051383399209 0.175000000000000 0.000000000000000 0.000000000000000 0.000000000000000 0.030418256025098 0.000522848118982 0.026086953410748 0.000312575718592 0.150271108451467 0.152350090375609 0.181885127526619 0.114575215445823 0.800373137304383 0.318823526359862 0.311195456841021 0.181885127526619 0.404137550000000 0.232009052731017
0.098814229249012 0.233333333333333 0.000000000000000 0.333333323333334 0.000000000000000 0.034220533750669 0.000896313207459 0.054658387412523 0.002297567356919 0.139426805249475 0.142625604883514 0.171575852933904 0.102104435631974 0.811567165764229 0.318823526359862 0.299810251993850 0.171575852933904 0.436939200000000 0.238552137185036
0.308300395256917 0.350000000000000 0.000000000000000 0.000000000000000 0.000000000000000 0.057034220636412 0.003764509965732 0.055900601993751 0.005185555505732 0.147172731128512 0.153970819724237 0.173784968528829 0.112236941161748 0.833955226042131 0.294117647681661 0.316888067803506 0.173784968528829 0.388363120000000 0.249909718633216
0.292490118577075 0.200000000000000 0.000000000000000 0.000000000000000 0.000000000000000 0.036121665769347 0.000780537297685 0.065838517649782 0.001840724638759 0.174799901620446 0.162884933248662 0.227540516733870 0.130163670922411 0.695895531629399 0.425882369259515 0.244781810286286 0.227540516733870 0.459427420000000 0.202772646496008
0.379446640316206 0.312500000000000 0.000000000000000 0.333333323333334 0.000000000000000 0.051330814314217 0.000840292062747 0.079503110589869 0.001560209447998 0.166021185624204 0.170178288251040 0.200294541234944 0.125487143398686 0.809701496033359 0.335294108615917 0.275142311004613 0.200294541234944 0.405540560000000 0.241005158011908
0.023715415019763 0.429166666666667 0.000000000000000 0.000000000000000 0.000000000000000 0.039923950339025 0.000795476750255 0.047204972471741 0.000919026891943 0.101213529084850 0.117504044712350 0.113402053656833 0.072486362510168 0.914179103387447 0.214117650858131 0.364326401409287 0.115611195761331 0.408644440000000 0.313066216436388
0.011857707509881 0.120833333333333 0.000000000000000 0.000000000000000 0.000000000000000 0.045627394303807 0.002733751839232 0.024844727649396 0.001528149602472 0.119803765137220 0.114262564135029 0.154639178537267 0.088074817986755 0.757462694874972 0.327058833370242 0.341555991714945 0.154639178537267 0.463059900000000 0.211624241153446
0.264822134387352 0.441666666666667 0.000000000000000 0.000000000000000 0.000000000000000 0.015209122195058 0.000209139449263 0.036024839998457 0.001552193530855 0.138652219632912 0.150729346440270 0.159793805892535 0.104442709916050 0.873134329009802 0.265882360788927 0.322580661688192 0.159793805892535 0.381276850000000 0.272650919630991
0.577075098814229 0.241666666666667 0.000000000000000 0.000000000000000 0.000000000000000 0.070342209786176 0.002931686555377 0.042236040358010 0.001848741277231 0.178931062089266 0.170988660218709 0.228276893017107 0.134060783037856 0.722014933048145 0.410588245820069 0.242884278991391 0.228276893017107 0.444859950000000 0.210316896788810
0.525691699604743 0.387500000000000 0.000000000000000 0.000000000000000 0.000000000000000 0.081749056651101 0.001856112481124 0.059627317290229 0.002564727278239 0.151820307569955 0.152350090375609 0.187776144419911 0.113016356570028 0.789179107165432 0.339999996823529 0.288425064224478 0.187776144419911 0.430399060000000 0.230737298808031
0.328063241106719 0.166666666666667 0.000000000000000 0.000000000000000 0.000000000000000 0.060836501784036 0.001643239451844 0.059627337414451 0.000641181442250 0.179447457147869 0.165316041858315 0.232695130834351 0.136399064336740 0.679104487260526 0.429411756297578 0.256166980977860 0.232695130834351 0.446117520000000 0.196610900193909
0.035573122529644 0.208333333333333 0.000000000000000 0.333333323333334 0.000000000000000 0.076045619530425 0.003211780682904 0.069565203877938 0.005182885144320 0.132197267457700 0.136142636435516 0.160530182175772 0.098207323516529 0.819029853083231 0.298823535889273 0.324478192983088 0.160530182175772 0.419522460000000 0.243923607803070
0.470355731225296 0.404166666666667 0.000000000000000 0.333333323333334 0.000000000000000 0.020912544600905 0.000646091471127 0.021118001172795 0.000109535250284 0.152853090715820 0.153160455049923 0.187039754881887 0.116134053277192 0.787313437434562 0.331764721577855 0.303605348739238 0.187039754881887 0.412133720000000 0.228424524466792
0.533596837944664 0.275000000000000 0.000000000000000 0.666666646666667 0.000000000000000 0.064638789775767 0.001508790398565 0.068322978116585 0.004052800745909 0.184095026617971 0.179092379895400 0.228276893017107 0.141855014283554 0.740671650506098 0.387058815370242 0.261859609018143 0.228276893017107 0.413217400000000 0.214097105330332
0.569169960474308 0.375000000000000 0.000000000000000 0.333333323333334 0.000000000000000 0.019011400262834 0.000119508295903 0.036024839998457 0.000430125410251 0.156467863097378 0.157212314888268 0.193667148058416 0.116134053277192 0.789179107165432 0.347058834429066 0.277039876455105 0.193667148058416 0.432819280000000 0.229970878792638
0.027667984189723 0.379166666666667 0.000000000000000 0.000000000000000 0.000000000000000 0.064638789775767 0.001867315661381 0.043478254939239 0.002353669976700 0.124967729665925 0.135332249881137 0.145066280227789 0.093530781963187 0.865671641690800 0.257647064366782 0.343453523009841 0.145066280227789 0.390329180000000 0.268126635827773
0.268774703557312 0.291666666666667 0.000000000000000 0.000000000000000 0.000000000000000 0.062737633802715 0.002229574040373 0.040993787764361 0.000729343662305 0.138394015132270 0.148298223243908 0.163475693936114 0.102104435631974 0.858208956050902 0.284705892442907 0.307400394251230 0.163475693936114 0.410309940000000 0.263872419682488
0.260869565217391 0.220833333333333 0.000000000000000 0.000000000000000 0.000000000000000 0.072243334960748 0.002136209835373 0.053416148235022 0.002481909791600 0.156726060626679 0.160453810052300 0.191458032463490 0.116134053277192 0.809701496033359 0.335294108615917 0.275142311004613 0.191458032463490 0.426922680000000 0.238138096117863
0.351778656126482 0.375000000000000 0.000000000000000 0.333333323333334 0.000000000000000 0.030418266291258 0.000388401384909 0.038509316117434 0.001359840516869 0.139943200308077 0.148298223243908 0.165684829413219 0.104442709916050 0.847014927591056 0.288235300657439 0.313093005213715 0.165684829413219 0.404037650000000 0.255856696765492
0.490118577075099 0.187500000000000 0.000000000000000 0.000000000000000 0.000000000000000 0.091254733854761 0.003674877666886 0.060869547523631 0.001135424555641 0.199586892318726 0.190437594736123 0.249631818485775 0.155105209505683 0.707089561768350 0.418823521065744 0.244781810286286 0.249631818485775 0.413939920000000 0.205528135713069
0.162055335968379 0.187500000000000 0.000000000000000 0.000000000000000 0.000000000000000 0.036121665769347 0.000959799929093 0.029813655291077 0.001154126895604 0.158533436360447 0.153970819724237 0.200294541234944 0.118472334576077 0.751865673928631 0.369411774297578 0.278937407750001 0.200294541234944 0.440707650000000 0.215684976242121
0.039525691699605 0.404166666666667 0.000000000000000 0.000000000000000 0.000000000000000 0.045627384037647 0.000806680858195 0.031055896704603 0.000686598598579 0.123160339989476 0.138573745045168 0.139911626362948 0.090413092270831 0.901119403517626 0.241176471522491 0.333965866535363 0.139911626362948 0.388756450000000 0.292453004878325
0.268774703557312 0.266666666666667 0.000000000000000 0.333333323333334 0.000000000000000 0.072243345226908 0.001419160519760 0.033540379531653 0.001594938645074 0.158533436360447 0.160453810052300 0.194403537596439 0.118472334576077 0.796641792805330 0.341176487404844 0.278937407750001 0.194403537596439 0.423501200000000 0.235416233152983
0.003952569169960 0.137500000000000 0.000000000000000 0.000000000000000 0.000000000000000 0.074144508044067 0.002408836621363 0.053416161651170 0.001103366008508 0.130648075310552 0.126418158236776 0.167157575352301 0.095869056247262 0.763059704067582 0.337647068602076 0.318785599098402 0.167157575352301 0.457681420000000 0.216639958446481
0.545454545454545 0.312500000000000 0.000000000000000 0.333333323333334 0.000000000000000 0.049429668607325 0.001284713785688 0.027329185880175 0.000951086088272 0.184611421676574 0.176661256699038 0.231958761178507 0.141855014283554 0.720149259959066 0.402352938809689 0.258064512272755 0.231958761178507 0.421494900000000 0.208060697819439
0.047430830039526 0.383333333333333 0.000000000000000 0.000000000000000 0.000000000000000 0.047528516056326 0.000601275926715 0.050931678824119 0.001552194396450 0.112574234316785 0.128849281433138 0.126656840009891 0.081839438602044 0.910447757209289 0.225882358671280 0.349146116894527 0.128865982114389 0.398902920000000 0.306374004674267
0.347826086956522 0.325000000000000 0.000000000000000 0.000000000000000 0.000000000000000 0.058935356077144 0.002931686353707 0.065838510941707 0.003507794552581 0.152594900157859 0.155591578246285 0.184094263003724 0.116134053277192 0.805970153213410 0.318823526359862 0.305502862956335 0.184094263003724 0.400444600000000 0.240539326136957
0.375494071146245 0.287500000000000 0.000000000000000 0.333333323333334 0.000000000000000 0.053231946332895 0.004197726895054 0.055900622117974 0.001370525857695 0.181254846824318 0.175040520057054 0.228276893017107 0.137178479745020 0.733208959828887 0.400000010588235 0.248576855798278 0.228276893017107 0.432470900000000 0.213304378606418
0.086956521739130 0.320833333333333 0.000000000000000 0.000000000000000 0.000000000000000 0.068441074345444 0.003226722424430 0.065838510941707 0.000750717085010 0.143557965718295 0.136953008403185 0.181148751243382 0.109898673892481 0.742537313520550 0.345882343847751 0.326375724277983 0.181148751243382 0.424904230000000 0.211364968143617
0.090909090909091 0.300000000000000 0.000000000000000 0.000000000000000 0.000000000000000 0.095057025268545 0.004959591351739 0.080745327407123 0.001712488141974 0.130648075310552 0.139384109719482 0.153902788999243 0.097427901093440 0.852611943500084 0.274117657211073 0.330170803945573 0.154639178537267 0.399926930000000 0.266484405552747
0.347826086956522 0.175000000000000 0.000000000000000 0.000000000000000 0.000000000000000 0.072243334960748 0.001732869532319 0.063354032586706 0.002172002519939 0.188742582145394 0.166126428412694 0.254050089439985 0.141075591860465 0.617537318977640 0.489411791238754 0.222011383514145 0.254050089439985 0.474772600000000 0.185791019809690
0.379446640316206 0.266666666666667 0.000000000000000 0.000000000000000 0.500000000000000 0.068441074345444 0.001927068107237 0.084472042703600 0.005984360003241 0.173250716444639 0.175040520057054 0.209867446171816 0.132501952221295 0.791044778575407 0.348235303833910 0.273244779709717 0.209867446171816 0.402119640000000 0.233588663974272
0.351778656126482 0.416666666666667 0.000000000000000 0.000000000000000 0.000000000000000 0.057034220636412 0.001478913368956 0.029813655291077 0.000737359074517 0.129873489693989 0.144246363405562 0.147275395822714 0.097427901093440 0.891791044788650 0.245882359730104 0.335863397830259 0.147275395822714 0.374311720000000 0.287138126420103
0.090909090909091 0.225000000000000 0.000000000000000 0.000000000000000 0.000000000000000 0.041825113156183 0.001777686185917 0.052173924709694 0.001699132295470 0.145107164836783 0.146677464721860 0.177466869827195 0.109119244454583 0.798507464215304 0.321176486346021 0.309297925546126 0.177466869827195 0.419417560000000 0.231391961479055
0.284584980237154 0.383333333333333 0.000000000000000 0.000000000000000 0.000000000000000 0.043726221220488 0.000332382438402 0.024844709761198 0.001111380843657 0.127807909459579 0.140194481687151 0.149484531299819 0.092751359540098 0.878731344918829 0.265882360788927 0.316888067803506 0.149484531299819 0.410306270000000 0.276457367729257
0.343873517786561 0.320833333333333 0.000000000000000 0.000000000000000 0.000000000000000 0.028517100052046 0.000481767404941 0.064596271764207 0.001720502327927 0.154402275891627 0.155591578246285 0.188512520703148 0.116913489729899 0.792910451664485 0.331764721577855 0.297912720698955 0.188512520703148 0.413308140000000 0.233417510883414
0.474308300395257 0.204166666666667 0.000000000000000 0.000000000000000 0.000000000000000 0.077946778925531 0.002349083167157 0.064596271764207 0.002073154208876 0.186418797410342 0.179902751863069 0.233431500490195 0.142634450736260 0.729477615329834 0.401176479993080 0.250474421248771 0.233431500490195 0.422300200000000 0.212881557444442
0.355731225296443 0.433333333333333 0.000000000000000 0.333333323333334 0.000000000000000 0.058935366343304 0.001452773085586 0.086956518822576 0.002041095733876 0.138910410190873 0.149918959885891 0.159793805892535 0.106001554762227 0.865671641690800 0.264705880795848 0.332068318162669 0.159793805892535 0.375321480000000 0.269146419496645
0.102766798418972 0.237500000000000 0.000000000000000 0.000000000000000 0.000000000000000 0.047528522900433 0.001497587924153 0.039751548586860 0.003676109048155 0.150529305980769 0.149108595211577 0.188512520703148 0.111457518738659 0.776119407295611 0.349411762650519 0.286527550007381 0.188512520703148 0.440354000000000 0.225605039606538
0.110671936758893 0.370833333333333 0.000000000000000 0.000000000000000 0.000000000000000 0.076045643484799 0.001374346185369 0.059627337414451 0.002628845093834 0.143816170218936 0.152350090375609 0.169366710829406 0.108339829046303 0.847014927591056 0.288235300657439 0.313093005213715 0.169366710829406 0.394330680000000 0.255927692981405
0.086956521739130 0.425000000000000 0.000000000000000 0.000000000000000 0.000000000000000 0.024714823353091 0.001004615624758 0.062111802353304 0.002009033507963 0.102504523702696 0.124797399714728 0.111929314345145 0.070927510649181 0.955223881123301 0.201176472581315 0.343453523009841 0.121502212654623 0.451359300000000 0.347254371181949
0.154150197628458 0.308333333333333 0.000000000000000 0.333333323333334 0.000000000000000 0.038022811476239 0.000522848824828 0.055900633298097 0.000472871245800 0.147172731128512 0.151539718407939 0.179675985422121 0.108339829046303 0.817164181673257 0.322352945162630 0.288425064224478 0.179675985422121 0.428735320000000 0.241782926677563
0.114624505928854 0.379166666666667 0.000000000000000 0.000000000000000 0.000000000000000 0.041825078935650 0.000119508168851 0.029813655291077 0.000577063381404 0.141234194925924 0.148298223243908 0.165684829413219 0.108339829046303 0.837686569197900 0.282352943044983 0.332068318162669 0.165684829413219 0.381059440000000 0.249985566564996
0.300395256916996 0.279166666666667 0.000000000000000 0.000000000000000 0.000000000000000 0.076045657173012 0.002360287355766 0.044720494116739 0.004231801303639 0.171443326768190 0.175040520057054 0.206921934411473 0.130163670922411 0.804104480124332 0.342352956809688 0.269449751275524 0.206921934411473 0.401964960000000 0.240693305160925
0.375494071146245 0.337500000000000 0.000000000000000 0.333333323333334 0.000000000000000 0.114068458383091 0.003002644904037 0.039751555294934 0.000470199585995 0.159566240420333 0.158833073410317 0.197349049356782 0.120031165392637 0.777985078705586 0.350588232055363 0.282732453261993 0.197349049356782 0.422223000000000 0.228571956192531
0.577075098814229 0.337500000000000 0.000000000000000 0.000000000000000 0.000000000000000 0.038022811476239 0.000433218411597 0.031055901176652 0.001616313077640 0.163439203359851 0.166126428412694 0.198821795295863 0.123148862099802 0.800373137304383 0.339999996823529 0.277039876455105 0.198821795295863 0.414356200000000 0.233394259580733
0.162055335968379 0.200000000000000 0.000000000000000 0.000000000000000 0.000000000000000 0.062737633802715 0.003529227853391 0.045962724350141 0.000622480472813 0.152078505099257 0.151539718407939 0.190721656180253 0.111457518738659 0.781716419846430 0.352941192041522 0.275142311004613 0.190721656180253 0.445142150000000 0.228880636122065
0.003952569169960 0.216666666666667 0.000000000000000 0.000000000000000 0.000000000000000 0.041825085779756 0.000567663865065 0.033540368351530 0.000504930947059 0.126000519783130 0.125607786269107 0.156848300759585 0.093530781963187 0.791044778575407 0.309411781709342 0.335863397830259 0.156848300759585 0.435020740000000 0.228371071652541
0.118577075098814 0.395833333333333 0.000000000000000 0.000000000000000 0.000000000000000 0.055133068085413 0.000735723265798 0.016149069059064 0.000846893880535 0.133230050603565 0.142625604883514 0.156848300759585 0.098986745939618 0.856343286320032 0.276470596020761 0.322580661688192 0.156848300759585 0.403223870000000 0.261824021886107
0.126482213438735 0.387500000000000 0.000000000000000 0.333333323333334 0.000000000000000 0.053231953177002 0.000971004037033 0.068322993768758 0.003636036098671 0.140717785924641 0.147487836689529 0.164948459757375 0.108339829046303 0.835820897620016 0.281176473640138 0.335863397830259 0.164948459757375 0.380366560000000 0.249938778564582
0.316205533596838 0.362500000000000 0.000000000000000 0.333333323333334 0.000000000000000 0.041825113156183 0.000433217736002 0.042236024705837 0.002329628284438 0.145623559895385 0.153160455049923 0.171575852933904 0.110678096315570 0.839552240943696 0.290588239467128 0.316888067803506 0.171575852933904 0.389146630000000 0.254384410849343
0.019762845849802 0.329166666666667 0.000000000000000 0.000000000000000 0.000000000000000 0.066539935482659 0.000601275725045 0.029813668707226 0.001314423526446 0.126258710341091 0.136953008403185 0.146539019539477 0.094310211401085 0.867537314779879 0.258823533771626 0.339658460420050 0.146539019539477 0.388460220000000 0.271677688931314
0.296442687747036 0.291666666666667 0.000000000000000 0.333333323333334 0.000000000000000 0.064638789775767 0.001688052475380 0.029813664235176 0.001731189399944 0.158275238831146 0.162884933248662 0.190721656180253 0.119251749984357 0.815298508584178 0.324705873384083 0.286527550007381 0.190721656180253 0.409201170000000 0.241306753429001
0.569169960474308 0.329166666666667 0.000000000000000 0.000000000000000 0.000000000000000 0.034220533750669 0.000582603287385 0.044720494116739 0.000288531047240 0.173250716444639 0.172609396860692 0.213549320960609 0.130943107375117 0.774253734206533 0.365882344906574 0.261859609018143 0.213549320960609 0.420598500000000 0.224661892902821
0.521739130434783 0.233333333333333 0.000000000000000 0.000000000000000 0.000000000000000 0.047528522900433 0.001407956835327 0.047204972471741 0.000886969066139 0.189258977203996 0.183144239733746 0.237849784699192 0.143413873159349 0.731343290098017 0.409411755238754 0.235294153811809 0.237849784699192 0.429308150000000 0.214183865425825
0.312252964426877 0.350000000000000 0.000000000000000 0.000000000000000 0.000000000000000 0.041825099467970 0.001015820519212 0.021118001172795 0.000398066646720 0.149238325305603 0.155591578246285 0.176730480289172 0.113795793022734 0.830223882886361 0.298823535889273 0.313093005213715 0.176730480289172 0.390435930000000 0.247932384204525
0.292490118577075 0.400000000000000 0.000000000000000 0.333333323333334 0.000000000000000 0.039923950339025 0.000347320912872 0.039751548586860 0.001111381564986 0.116447197256304 0.136953008403185 0.128865982114389 0.083398283448222 0.938432836754427 0.218823531653979 0.332068318162669 0.131075117591494 0.399311420000000 0.321019337109558
0.482213438735178 0.387500000000000 0.000000000000000 0.000000000000000 0.000000000000000 0.077946768659371 0.002125005445094 0.089440988233479 0.001442660311762 0.152853090715820 0.149918959885891 0.189985266642229 0.116134053277192 0.764925378835765 0.345882343847751 0.303605348739238 0.189985266642229 0.421395400000000 0.220826149841971
0.114624505928854 0.187500000000000 0.000000000000000 0.000000000000000 0.000000000000000 0.053231932644682 0.000433217231827 0.033540361643456 0.000921698335349 0.165246579093620 0.161264174726614 0.207658323949497 0.123928298552508 0.753731348696814 0.374117662505190 0.269449751275524 0.207658323949497 0.435959820000000 0.217461023220161
0.367588932806324 0.233333333333333 0.000000000000000 0.000000000000000 0.000000000000000 0.087452476661510 0.003391047700638 0.034782609765055 0.000854908932082 0.165504776622921 0.166936800380363 0.203976442533310 0.123148862099802 0.791044778575407 0.355294109674741 0.261859609018143 0.203976442533310 0.429896770000000 0.230667074837549
0.347826086956522 0.400000000000000 0.000000000000000 0.333333323333334 0.000000000000000 0.049429661763218 0.001956947657722 0.042236033649936 0.001976977052686 0.131680879370438 0.145056735373231 0.151693673404318 0.097427901093440 0.884328359148753 0.258823533771626 0.322580661688192 0.152430043060162 0.394655940000000 0.283095807706187
0.335968379446640 0.320833333333333 0.000000000000000 0.333333323333334 0.000000000000000 0.070342223474390 0.001900927521361 0.038509309409360 0.002449846988624 0.147430935629154 0.156401950213954 0.174521358066853 0.109898673892481 0.848880599001030 0.296470586491349 0.297912720698955 0.174521358066853 0.405118050000000 0.257127510563604
0.252964426877470 0.266666666666667 0.000000000000000 0.000000000000000 0.000000000000000 0.020912544600905 0.000332382660239 0.016149063021797 0.000141594078735 0.148721930247000 0.153970819724237 0.179675985422121 0.110678096315570 0.822761195903180 0.315294128733564 0.294117675186963 0.179675985422121 0.417045980000000 0.244098554969311
0.584980237154150 0.275000000000000 0.000000000000000 0.000000000000000 0.000000000000000 0.072243345226908 0.003973650181342 0.054658387412523 0.004349350512007 0.170668741151626 0.170988660218709 0.209131069888578 0.129384255514131 0.781716419846430 0.356470579079585 0.269449751275524 0.209131069888578 0.415736650000000 0.227415300414805
0.553359683794466 0.212500000000000 0.000000000000000 0.000000000000000 0.000000000000000 0.064638789775767 0.002136209230362 0.075776386349293 0.004597807299902 0.190808162379804 0.173419783415071 0.249631818485775 0.144972725020336 0.652985077446258 0.458823544359862 0.235294153811809 0.249631818485775 0.450305300000000 0.194029569109713
0.383399209486166 0.387500000000000 0.000000000000000 0.000000000000000 0.000000000000000 0.076045633218639 0.003659940765443 0.033540368351530 0.000953757892342 0.130389877781251 0.140194481687151 0.153902788999243 0.095869056247262 0.860074629139981 0.275294116027682 0.320683130393297 0.153902788999243 0.410009300000000 0.268193065722871
0.086956521739130 0.183333333333333 0.000000000000000 0.000000000000000 0.000000000000000 0.076045609264265 0.003704753990649 0.039751539642762 0.000566377174982 0.163439203359851 0.158022686855937 0.206185558128236 0.123148862099802 0.744402986609629 0.375294121321799 0.277039876455105 0.206185558128236 0.435070220000000 0.213712527105185
0.292490118577075 0.266666666666667 0.000000000000000 0.000000000000000 0.000000000000000 0.096958191507757 0.004649618883748 0.049689439646619 0.002682276342342 0.180996649295016 0.170178288251040 0.230486021866819 0.138737338620816 0.701492540822009 0.411764715224913 0.261859609018143 0.230486021866819 0.429663300000000 0.202894963457262
0.347826086956522 0.237500000000000 0.000000000000000 0.000000000000000 0.000000000000000 0.138783290975727 0.003066131272748 0.053416139290923 0.000878952211268 0.123418537518777 0.128849281433138 0.152430043060162 0.087295402578475 0.832089554464246 0.300000005294118 0.309297925546126 0.152430043060162 0.462002040000000 0.248495602943632
0.146245059288538 0.125000000000000 0.000000000000000 0.333333323333334 0.000000000000000 0.060836501784036 0.001688053382896 0.037267076939933 0.001282363608788 0.156726060626679 0.151539718407939 0.197349049356782 0.118472334576077 0.748134334466891 0.363529427273356 0.292220109736470 0.197349049356782 0.432047100000000 0.213629191750303
0.296442687747036 0.220833333333333 0.000000000000000 0.000000000000000 0.000000000000000 0.076045633218639 0.005542195647474 0.064596258348058 0.003131103143359 0.164730191006358 0.158833073410317 0.206921934411473 0.125487143398686 0.740671650506098 0.372941193100346 0.284630018712486 0.206921934411473 0.424819350000000 0.216138569705769
0.094861660079051 0.437500000000000 0.000000000000000 0.000000000000000 0.000000000000000 0.032319406522865 0.000153119978413 0.106832274109797 0.002233450262654 0.112832424874746 0.123987035040414 0.132547863530575 0.081060009164146 0.875000000419776 0.252941186747405 0.341555991714945 0.140648002646186 0.447187360000000 0.315836848379095
0.019762845849802 0.166666666666667 0.000000000000000 0.000000000000000 0.000000000000000 0.057034220636412 0.002016700406083 0.036024839998457 0.001520134839456 0.136586625455821 0.136953008403185 0.170103087112643 0.100545590785796 0.792910451664485 0.324705873384083 0.309297925546126 0.170103087112643 0.442860630000000 0.228800322597135
0.122529644268775 0.141666666666667 0.000000000000000 0.000000000000000 0.000000000000000 0.077946768659371 0.003200578611832 0.073291919174415 0.001039248120781 0.152853090715820 0.149918959885891 0.190721656180253 0.115354637868912 0.764925378835765 0.349411762650519 0.297912720698955 0.190721656180253 0.428167280000000 0.219721503115297
0.584980237154150 0.220833333333333 0.000000000000000 0.000000000000000 0.000000000000000 0.051330786937790 0.001154001579481 0.031055894468578 0.000333949098017 0.167828561357972 0.165316041858315 0.211340211993076 0.123928298552508 0.763059704067582 0.380000009529412 0.250474421248771 0.211340211993076 0.446354500000000 0.221480107419340
0.110671936758893 0.291666666666667 0.000000000000000 0.333333323333334 0.000000000000000 0.089353601836082 0.003783183310908 0.060869547523631 0.002706321496984 0.142783380101731 0.146677464721860 0.173048592245592 0.106780977185316 0.815298508584178 0.310588251114187 0.309297925546126 0.173048592245592 0.412662330000000 0.248098903822791
0.003952569169960 0.362500000000000 0.000000000000000 0.000000000000000 0.000000000000000 0.068441067501337 0.000672233872035 0.023602470583697 0.000398067656581 0.121869359314310 0.133711513239153 0.137702510768023 0.093530781963187 0.876865673508855 0.236470593903114 0.366223915626384 0.137702510768023 0.356723730000000 0.282665062634561
0.003952569169960 0.325000000000000 0.000000000000000 0.000000000000000 0.000000000000000 0.041825102890023 0.001777684370886 0.057142854587400 0.002521980865627 0.132197267457700 0.136953008403185 0.158321066580846 0.099766168362707 0.824626867313154 0.288235300657439 0.335863397830259 0.158321066580846 0.402506530000000 0.251812632105382
0.332015810276680 0.245833333333333 0.000000000000000 0.000000000000000 0.000000000000000 0.043726234908702 0.000735723164963 0.040993787764361 0.000825519808633 0.164988381564319 0.167747165054677 0.199558164951707 0.125487143398686 0.800373137304383 0.336470599197232 0.282732453261993 0.199558164951707 0.406014620000000 0.234119918467670
0.272727272727273 0.250000000000000 0.000000000000000 0.333333323333334 0.000000000000000 0.072243376025388 0.001822499310288 0.063354032586706 0.001498763075809 0.158791647832429 0.159643445377986 0.196612659818758 0.117692912152988 0.789179107165432 0.350588232055363 0.271347265492620 0.196612659818758 0.433569520000000 0.231038306647077
0.268774703557312 0.200000000000000 0.000000000000000 0.000000000000000 0.000000000000000 0.043726221220488 0.000959799777840 0.045962717642067 0.001071307822040 0.166279376182165 0.165316041858315 0.204712818816548 0.126266558806966 0.774253734206533 0.355294109674741 0.278937407750001 0.204712818816548 0.415301260000000 0.225772583289398
0.051383399209486 0.229166666666667 0.000000000000000 0.000000000000000 0.000000000000000 0.053231932644682 0.001015819712531 0.033540370587555 0.000729343662305 0.130131680251950 0.135332249881137 0.159057436236690 0.094310211401085 0.828358211140566 0.301176474698962 0.311195456841021 0.159057436236690 0.437854830000000 0.247609031611783
0.498023715415020 0.454166666666667 0.000000000000000 0.333333323333334 0.000000000000000 0.057034220636412 0.000851496553860 0.072049679996914 0.002906688624790 0.164988381564319 0.161264174726614 0.201767307056205 0.129384255514131 0.755597021785893 0.347058834429066 0.311195456841021 0.201767307056205 0.394862860000000 0.214765651631188
0.134387351778656 0.129166666666667 0.000000000000000 0.333333323333334 0.000000000000000 0.036121686301667 0.000153119474238 0.031055901176652 0.000366007306125 0.157500646243242 0.145867100047545 0.206185558128236 0.116913489729899 0.703358215590193 0.402352938809689 0.275142311004613 0.206185558128236 0.462752160000000 0.201737569009992
0.272727272727273 0.204166666666667 0.000000000000000 0.000000000000000 0.000000000000000 0.032319400363169 0.001407957036998 0.048447187052970 0.000985817521469 0.165762988094903 0.163695305216331 0.205449188472392 0.125487143398686 0.766791048566635 0.361176467287197 0.277039876455105 0.205449188472392 0.420823000000000 0.223454503957800
0.043478260869565 0.187500000000000 0.000000000000000 0.666666646666667 0.000000000000000 0.041825099467970 0.000209139136674 0.029813668707226 0.000737358713853 0.138394015132270 0.141815240209200 0.168630341173562 0.102883865069872 0.813432838853308 0.309411781709342 0.313093005213715 0.168630341173562 0.422688960000000 0.238718455347972
0.584980237154150 0.337500000000000 0.000000000000000 0.000000000000000 0.000000000000000 0.041825099467970 0.000567664772581 0.052173909057521 0.002757081085687 0.164988381564319 0.168557529728991 0.201030930772968 0.123148862099802 0.805970153213410 0.343529415626298 0.265654654530135 0.201030930772968 0.420972500000000 0.236105260745732
0.312252964426877 0.437500000000000 0.000000000000000 0.000000000000000 0.000000000000000 0.051330800626003 0.001646972366349 0.034782609765055 0.000630495307961 0.151303898568672 0.154781191691906 0.182621497182463 0.114575215445823 0.809701496033359 0.317647056955017 0.303605348739238 0.182621497182463 0.407364220000000 0.237034439879896
0.383399209486166 0.450000000000000 0.000000000000000 0.666666646666667 0.000000000000000 0.049429668607325 0.000522848592907 0.057142854587400 0.004028756673261 0.150529305980769 0.155591578246285 0.181148751243382 0.113016356570028 0.820895524493206 0.314117638152249 0.297912720698955 0.181148751243382 0.408210640000000 0.245979476234608
0.134387351778656 0.354166666666667 0.000000000000000 0.333333323333334 0.000000000000000 0.072243358915121 0.001015819712531 0.063354025878632 0.002781124437007 0.151562096097974 0.151539718407939 0.184094263003724 0.116913489729899 0.785447766024588 0.323529403979239 0.318785599098402 0.184094263003724 0.399499270000000 0.229533838241946
0.533596837944664 0.245833333333333 0.000000000000000 0.000000000000000 0.000000000000000 0.034220533750669 0.000313709345314 0.038509316117434 0.001584252871450 0.181513044353619 0.178282015221086 0.225331368001978 0.137957916197727 0.753731348696814 0.384705897737024 0.252371952543666 0.225331368001978 0.421281460000000 0.218074656155623
0.071146245059289 0.216666666666667 0.000000000000000 0.000000000000000 0.000000000000000 0.043726234908702 0.001587217903792 0.047204972471741 0.002233448603596 0.145881750453346 0.143435991437893 0.184094263003724 0.107560399608405 0.770522393065688 0.349411762650519 0.292220109736470 0.184094263003724 0.447249830000000 0.221155126396012
0.292490118577075 0.383333333333333 0.000000000000000 0.333333323333334 0.000000000000000 0.047528533166593 0.001542403871906 0.042236017997763 0.000790790323025 0.132197267457700 0.147487836689529 0.150957297121080 0.097427901093440 0.897388059018573 0.252941186747405 0.318785599098402 0.150957297121080 0.388385360000000 0.287081853231230
0.260869565217391 0.445833333333333 0.000000000000000 0.000000000000000 0.000000000000000 0.038022811476239 0.000388402615097 0.050931672116045 0.003091029472546 0.147172731128512 0.147487836689529 0.181148751243382 0.110678096315570 0.789179107165432 0.329411761591696 0.305502862956335 0.181148751243382 0.416884030000000 0.238963979031522
0.521739130434783 0.354166666666667 0.000000000000000 0.333333323333334 0.000000000000000 0.034220547438882 0.001030758025665 0.062111802353304 0.002425802483177 0.152594900157859 0.161264174726614 0.181148751243382 0.113795793022734 0.845149256181081 0.304705893501730 0.288425064224478 0.181148751243382 0.406450570000000 0.254083721981236
0.118577075098814 0.212500000000000 0.000000000000000 0.000000000000000 0.000000000000000 0.062737654335035 0.000840292819010 0.040993787764361 0.000697285836502 0.147689126187115 0.149918959885891 0.180412361705358 0.110678096315570 0.802238810393462 0.323529403979239 0.301707817444343 0.180412361705358 0.419469100000000 0.234032621157964
0.304347826086957 0.400000000000000 0.000000000000000 0.000000000000000 0.000000000000000 0.028517106896153 0.000661030530441 0.036024835526408 0.001391898847603 0.119803765137220 0.133711513239153 0.136966134484785 0.088074817986755 0.891791044788650 0.242352951515571 0.341555991714945 0.137702510768023 0.395253500000000 0.290712733009320
0.395256916996047 0.287500000000000 0.000000000000000 0.000000000000000 0.000000000000000 0.121673000146019 0.001867315661381 0.067080741175109 0.002789140282016 0.172992525886678 0.177471643253417 0.209131069888578 0.130163670922411 0.809701496033359 0.345882343847751 0.258064512272755 0.209131069888578 0.412094400000000 0.239014007105162
0.553359683794466 0.237500000000000 0.000000000000000 0.000000000000000 0.000000000000000 0.049429654919111 0.001015820720882 0.048447202705143 0.000633167876641 0.189517167761957 0.176661256699038 0.244477177875720 0.143413873159349 0.684701496453135 0.439999991529412 0.233396622516914 0.244477177875720 0.445652300000000 0.200725323128054
0.256916996047431 0.375000000000000 0.000000000000000 0.333333323333334 0.000000000000000 0.024714842858796 0.000332381984644 0.049689439646619 0.000470200307324 0.132713662516303 0.143435991437893 0.156111924476348 0.097427901093440 0.865671641690800 0.275294116027682 0.314990519430812 0.156111924476348 0.410266550000000 0.266354769047832
0.098814229249012 0.333333333333333 0.000000000000000 0.333333323333334 0.000000000000000 0.068441067501337 0.002195963087909 0.057142854587400 0.001560208366004 0.137619415573026 0.144246363405562 0.162739317652877 0.104442709916050 0.835820897620016 0.284705892442907 0.330170803945573 0.162739317652877 0.394156660000000 0.250463502547696
0.913043478260870 0.479166666666667 0.000000000000000 0.000000000000000 0.500000000000000 0.081749049806994 0.011984437316077 0.027329192588249 0.004541703814525 0.010586109855495 0.003241491152686 0.023564064922209 0.003897116324330 0.779850748436456 0.196470591785467 0.529411781180935 0.023564064922209 0.965811970000000 0.157281497981543
0.897233201581028 0.466666666666667 0.000000000000000 0.000000000000000 0.000000000000000 0.005703422405847 0.000078427269273 0.009937886587709 0.000149609072576 0.004905757936662 0.000000000000000 0.013254786353058 0.000779423194718 0.798507464215304 0.172941180394464 0.548387111207688 0.013254786353058 1.000000000000000 0.154603720158065
0.865612648221344 0.454166666666667 0.000000000000000 0.000000000000000 0.000000000000000 0.013307986754326 0.000063488752452 0.008695651211450 0.000045417069697 0.006971340262474 0.000000000000000 0.019882179529586 0.000000000000000 0.783582092935509 0.195294122380623 0.527514246470480 0.019882179529586 1.000000000000000 0.159448519391460
0.869565217391304 0.400000000000000 0.000000000000000 0.000000000000000 0.000000000000000 0.039923953761078 0.000212874138465 0.018633537351954 0.000248457881358 0.015491867792157 0.002431118382748 0.035346098046052 0.007014808822609 0.738805977417019 0.230588236290657 0.516129046746649 0.035346098046052 0.947089970000000 0.137295248986617
0.909090909090909 0.470833333333333 0.000000000000000 0.000000000000000 0.000000000000000 0.117870736108662 0.015087917094207 0.040993787764361 0.004640553856780 0.020914020787421 0.010534845790396 0.039027982775935 0.011691347570028 0.755597021785893 0.223529419861592 0.510436447738623 0.039027982775935 0.895369000000000 0.155328455708073
0.881422924901186 0.350000000000000 0.000000000000000 0.000000000000000 0.000000000000000 0.041825099467970 0.000478032917409 0.023602486235870 0.000526303215637 0.024528788986175 0.006482982305373 0.047864506790394 0.017147310143498 0.701492540822009 0.249411767944637 0.523719178757350 0.047864506790394 0.889550270000000 0.116707739771085
0.944664031620553 0.266666666666667 0.000000000000000 0.000000000000000 0.000000000000000 1.000000000000000 0.756024028595214 0.228571387045255 0.071481073914308 0.265169127503304 0.217179913429335 0.335787929780649 0.236165239714256 0.417910439490978 0.532941190982699 0.354838727857012 0.335787929780649 0.464911850000000 0.127586327596081
0.790513833992095 0.454166666666667 0.000000000000000 0.333333323333334 0.000000000000000 0.134980992717836 0.014897450727949 0.083229803526099 0.006938122644888 0.026077976950518 0.010534845790396 0.050810013248822 0.014809041471269 0.718283585190883 0.256470594961938 0.495256180301661 0.050810013248822 0.893053900000000 0.145028380439325
0.916996047430830 0.358333333333333 0.000000000000000 0.000000000000000 0.000000000000000 0.013307984701094 0.000197935482492 0.012422358234636 0.000149609058150 0.014717274507119 0.000810372769938 0.036818849287048 0.004676539448900 0.733208959828887 0.241176471522491 0.504743845315037 0.036818849287048 0.984127000000000 0.143166395975057
0.924901185770751 0.291666666666667 0.000000000000000 0.000000000000000 0.000000000000000 0.047528522900433 0.000422013012968 0.017391302199298 0.000213727313755 0.024270592851142 0.007293355002377 0.049337262007826 0.014029617645218 0.708955224782802 0.257647064366782 0.502846310604582 0.049337262007826 0.881216940000000 0.133638985836935
0.889328063241107 0.304166666666667 0.000000000000000 0.000000000000000 0.000000000000000 0.104562757225058 0.004007259722115 0.039751550822885 0.001944918072756 0.031758326080816 0.011345219216736 0.059646538588759 0.021823850293878 0.682835826722265 0.272941177217993 0.504743845315037 0.059646538588759 0.847729270000000 0.123969885449981
0.802371541501976 0.437500000000000 0.000000000000000 0.000000000000000 0.000000000000000 0.036121672613454 0.001273509697914 0.023602483999846 0.001039248625711 0.015233669565722 0.002431118382748 0.033873342165881 0.007794232648660 0.740671650506098 0.224705889266436 0.523719178757350 0.033873342165881 0.961419760000000 0.133480205460934
0.889328063241107 0.412500000000000 0.000000000000000 0.000000000000000 0.000000000000000 0.011406844811693 0.000089631159410 0.011180122858377 0.000152280653035 0.011618899972700 0.000810372769938 0.029455082478239 0.003117692849020 0.755597021785893 0.220000001058824 0.516129046746649 0.029455082478239 0.977777800000000 0.149109076393624
0.893280632411067 0.241666666666667 0.000000000000000 0.000000000000000 0.000000000000000 0.123574159541125 0.046313170149914 0.096894396466187 0.026256393514241 0.077201137945814 0.050243113048972 0.106038290824460 0.072486362510168 0.623134344961294 0.288235300657439 0.540796977489207 0.106038290824460 0.604280900000000 0.094398761184023
0.948616600790514 0.525000000000000 0.000000000000000 0.000000000000000 0.500000000000000 0.146387846426868 0.018841219442939 0.085714279645076 0.027049855124937 0.034856701312369 0.018638574219113 0.059646538588759 0.024162118966107 0.710820897871881 0.258823533771626 0.499051251430351 0.059646538588759 0.837478000000000 0.142732477981982
0.924901185770751 0.320833333333333 0.000000000000000 0.000000000000000 0.000000000000000 0.020912548022958 0.000242751087405 0.021118012352918 0.000237771552310 0.019364833520212 0.003241491152686 0.042709868831297 0.010132501320889 0.716417915460013 0.248235298539792 0.510436447738623 0.042709868831297 0.938492060000000 0.130044535897703
0.770750988142292 0.341666666666667 0.000000000000000 0.000000000000000 0.000000000000000 0.060836501784036 0.002584365682839 0.033540370587555 0.000665225947697 0.034856701312369 0.014586710004755 0.061855674065864 0.025720965916727 0.682835826722265 0.269411769003460 0.510436447738623 0.061855674065864 0.808619800000000 0.119992149957304
0.932806324110672 0.395833333333333 0.000000000000000 0.000000000000000 0.000000000000000 0.032319391465830 0.000153120119582 0.018633538469967 0.000344635145746 0.016782856832931 0.003241491152686 0.040500735342410 0.004676539448900 0.735074629559757 0.249411767944637 0.489563581293635 0.040500735342410 0.940476200000000 0.152951618571865
0.814229249011858 0.358333333333333 0.000000000000000 0.000000000000000 0.000000000000000 0.030418250549813 0.000657295407648 0.017391301528491 0.000341963738407 0.018332042705873 0.004051864214359 0.039027982775935 0.010132501320889 0.729477615329834 0.235294124498270 0.518026579749324 0.039027982775935 0.915343940000000 0.130132152178349
0.810276679841897 0.287500000000000 0.000000000000000 0.000000000000000 0.000000000000000 0.167300391027773 0.014953467637587 0.085714279645076 0.026056019028875 0.069971600154039 0.047811992040616 0.100147273931169 0.059236167288038 0.658582086638867 0.292941178276817 0.497153716719896 0.100147273931169 0.597765450000000 0.120523723421642
0.853754940711462 0.258333333333333 0.000000000000000 0.000000000000000 0.000000000000000 0.030418250549813 0.000791742050969 0.038509316117434 0.000622479917389 0.033823911195164 0.012965964610745 0.064064802915576 0.021823850293878 0.679104487260526 0.284705892442907 0.489563581293635 0.064064802915576 0.822507140000000 0.130274295701674
0.762845849802372 0.470833333333333 0.000000000000000 0.000000000000000 0.000000000000000 0.051330797203950 0.000436952505873 0.031055901176652 0.000654539257984 0.019623031746647 0.007293355002377 0.036818849287048 0.013250193819168 0.742537313520550 0.218823531653979 0.531309314183610 0.036818849287048 0.836772500000000 0.127515633563163
0.774703557312253 0.391666666666667 0.000000000000000 0.000000000000000 0.000000000000000 0.127376433844642 0.015793758591148 0.081987564348598 0.010387143988408 0.028918151167100 0.012155591184405 0.055228280889335 0.017147310143498 0.708955224782802 0.264705880795848 0.491461117711870 0.055228280889335 0.886048440000000 0.140806816845460
0.932806324110672 0.525000000000000 0.000000000000000 0.000000000000000 0.000000000000000 0.013307984701094 0.000108304333166 0.007453415835192 0.000032059099599 0.004647560407361 0.000000000000000 0.013254786353058 0.000000000000000 0.800373137304383 0.174117651916955 0.544592045202338 0.013254786353058 1.000000000000000 0.159448519391460
0.885375494071146 0.333333333333333 0.000000000000000 0.000000000000000 0.000000000000000 0.022813690307797 0.000358524859476 0.014906832117588 0.000224413606737 0.025561581194782 0.008103728428717 0.053019145412230 0.013250193819168 0.705223888679271 0.269411769003460 0.487666046583180 0.053019145412230 0.867813050000000 0.138742218682951
0.798418972332016 0.341666666666667 0.000000000000000 0.000000000000000 0.000000000000000 0.091254757809134 0.006498259687427 0.077018627762818 0.008420854163474 0.047250194570107 0.023500811130477 0.078792341835108 0.036632891063667 0.654850747177127 0.294117647681661 0.499051251430351 0.078792341835108 0.760191100000000 0.119430962559443
0.889328063241107 0.241666666666667 0.000000000000000 0.000000000000000 0.500000000000000 0.653992487429344 1.000000000000000 0.457142841171252 0.749851334015021 0.166021185624204 0.140194481687151 0.194403537596439 0.160561187511732 0.602611944339636 0.307058821723183 0.531309314183610 0.194403537596439 0.508993800000000 0.093206011326322
0.940711462450593 0.466666666666667 0.000000000000000 0.000000000000000 0.000000000000000 0.017110266875334 0.000078427239023 0.011180123529185 0.000120221579332 0.010586109855495 0.000000000000000 0.027982327260808 0.002338269654302 0.757462694874972 0.217647062249135 0.518026579749324 0.027982327260808 1.000000000000000 0.147747456605473
0.869565217391304 0.416666666666667 0.000000000000000 0.000000000000000 0.000000000000000 0.020912548022958 0.000242751057155 0.008695651211450 0.000173653376050 0.009295120814721 0.000000000000000 0.026509572706115 0.000000000000000 0.766791048566635 0.216470592844291 0.510436447738623 0.026509572706115 1.000000000000000 0.159448519391460
0.948616600790514 0.329166666666667 0.000000000000000 0.000000000000000 0.500000000000000 0.193916352217034 0.023573005199863 0.151552804002931 0.045994097228255 0.062742062362264 0.034846028888542 0.103829161974748 0.045985967155543 0.621268658439380 0.343529415626298 0.453510449119465 0.103829161974748 0.762918900000000 0.130574229112293
0.845849802371542 0.466666666666667 0.000000000000000 0.000000000000000 0.000000000000000 0.011406844811693 0.000134446774407 0.014906832117588 0.000032059063532 0.009553318344022 0.000000000000000 0.025036818151423 0.002338269654302 0.764925378835765 0.208235299598616 0.525616711760025 0.025036818151423 1.000000000000000 0.146778674711002
0.865612648221344 0.470833333333333 0.000000000000000 0.000000000000000 0.000000000000000 0.007604562637453 0.000029877060867 0.009937887034914 0.000053431808188 0.006196746977436 0.000000000000000 0.016200294136964 0.001558846389436 0.789179107165432 0.181176473640138 0.544592045202338 0.016200294136964 1.000000000000000 0.148139304010447
0.853754940711462 0.433333333333333 0.000000000000000 0.000000000000000 0.000000000000000 0.039923953761078 0.000347320912872 0.012422358234636 0.000277845446735 0.013168086542776 0.001620745539876 0.030927837032932 0.005455962573470 0.750000004197761 0.220000001058824 0.521821647462454 0.030927837032932 0.962963000000000 0.138932207847172
0.952569169960474 0.291666666666667 0.000000000000000 0.000000000000000 0.000000000000000 0.766159663223408 0.191022723789334 0.339130421172024 0.079979416155000 0.292279895965295 0.241491079752764 0.368188519380055 0.260327341844822 0.389925376736884 0.564705896678201 0.332068318162669 0.368188519380055 0.420175670000000 0.129219240562091
0.924901185770751 0.454166666666667 0.000000000000000 0.000000000000000 0.000000000000000 0.015209125274906 0.000343586143002 0.011180122858377 0.000216398858148 0.010069713402625 0.000000000000000 0.026509572706115 0.002338269654302 0.761194030978503 0.212941179335640 0.521821647462454 0.026509572706115 1.000000000000000 0.149044963234822
0.841897233201581 0.283333333333333 0.000000000000000 0.000000000000000 0.000000000000000 0.043726238330755 0.000870169354526 0.029813664235176 0.000384709040172 0.033823911195164 0.014586710004755 0.061119291155233 0.023382695841537 0.690298522436790 0.270588238408304 0.500948786140806 0.061119291155233 0.791666700000000 0.126781496764418
0.770750988142292 0.370833333333333 0.000000000000000 0.000000000000000 0.000000000000000 0.249049413458341 0.084047896055977 0.129192543528413 0.049680883887543 0.056803519188335 0.034035659108879 0.088365240144586 0.045206547538377 0.658582086638867 0.296470586491349 0.491461117711870 0.088365240144586 0.738034200000000 0.126631681150605
0.766798418972332 0.366666666666667 0.000000000000000 0.000000000000000 0.000000000000000 0.104562733270685 0.004500233130695 0.062111795645230 0.003355516868466 0.046991999132208 0.025121555795150 0.076583206358003 0.036632891063667 0.667910452084261 0.284705892442907 0.500948786140806 0.076583206358003 0.711897850000000 0.121761297090288
0.841897233201581 0.458333333333333 0.000000000000000 0.000000000000000 0.000000000000000 0.009505704580087 0.000063488768586 0.002484471870530 0.000053431822614 0.008004131773947 0.000000000000000 0.022091310367516 0.000779423194718 0.776119407295611 0.201176472581315 0.525616711760025 0.022091310367516 1.000000000000000 0.153028843115067
0.905138339920949 0.362500000000000 0.000000000000000 0.000000000000000 0.000000000000000 0.013307983674478 0.000153119927996 0.008695651211450 0.000045417030745 0.009811515873323 0.000000000000000 0.027245948989352 0.000779423194718 0.763059704067582 0.217647062249135 0.512333982449078 0.027245948989352 1.000000000000000 0.156204366695371
0.782608695652174 0.370833333333333 0.000000000000000 0.000000000000000 0.000000000000000 0.081749042962888 0.001452772682245 0.054658380704448 0.004349349357880 0.042344438724847 0.020259318883787 0.076583206358003 0.027279811464386 0.667910452084261 0.305882362906574 0.466793188677092 0.076583206358003 0.773815500000000 0.137313346390437
0.920948616600791 0.462500000000000 0.000000000000000 0.000000000000000 0.000000000000000 0.058935362921251 0.007906215816909 0.031055896704603 0.005463401489208 0.015750064624324 0.004051864214359 0.034609720437336 0.007014808822609 0.748134334466891 0.225882358671280 0.514231515451753 0.034609720437336 0.960317430000000 0.146218192406796
0.905138339920949 0.470833333333333 0.000000000000000 0.000000000000000 0.000000000000000 0.009505704580087 0.000108304363416 0.006211180235330 0.000109535199791 0.004647560407361 0.000000000000000 0.013254786353058 0.000000000000000 0.800373137304383 0.174117651916955 0.544592045202338 0.013254786353058 1.000000000000000 0.159448519391460
0.806324110671937 0.300000000000000 0.000000000000000 0.000000000000000 0.000000000000000 0.840304198643902 0.693820040043625 0.186335384699666 0.087457171077771 0.162406413242646 0.144246363405562 0.189248890358992 0.151208097390239 0.656716433699042 0.298823535889273 0.489563581293635 0.189248890358992 0.504160900000000 0.121348699786315
0.944664031620553 0.283333333333333 0.000000000000000 0.000000000000000 0.000000000000000 0.557034285655426 0.041204193650133 0.316770174113654 0.112038468218168 0.228505057428507 0.177471643253417 0.303387346808635 0.197973484864428 0.408582090836628 0.544705885031142 0.345351054304736 0.303387346808635 0.489061650000000 0.127232420944941
0.889328063241107 0.254166666666667 0.000000000000000 0.000000000000000 0.000000000000000 0.043726238330755 0.000825353709279 0.031055896704603 0.001039248481445 0.031500129248648 0.011345219216736 0.062592050349101 0.017926733969548 0.684701496453135 0.288235300657439 0.478178381569804 0.062592050349101 0.841689770000000 0.138912599528376
0.897233201581028 0.333333333333333 0.000000000000000 0.000000000000000 0.000000000000000 0.024714831566020 0.000197935522826 0.024844720941322 0.000277845360175 0.018332042705873 0.003241491152686 0.041237113613865 0.008573655071749 0.723880606137224 0.245882359730104 0.506641380025492 0.041237113613865 0.939814800000000 0.137399233512833
0.881422924901186 0.258333333333333 0.000000000000000 0.000000000000000 0.000000000000000 0.051330800626003 0.001288448011048 0.052173909057521 0.000769417260985 0.040537053928336 0.017017829554439 0.070692196092105 0.031176929893159 0.658582086638867 0.285882351259516 0.508538916443727 0.070692196092105 0.789930100000000 0.115590653177777
0.920948616600791 0.412500000000000 0.000000000000000 0.000000000000000 0.000000000000000 0.028517110318206 0.000212874007380 0.011180123529185 0.000408753329219 0.012651691484173 0.000810372769938 0.032400589599407 0.003117692849020 0.748134334466891 0.229411766885813 0.508538916443727 0.032400589599407 0.984127000000000 0.149692776424623
0.790513833992095 0.312500000000000 0.000000000000000 0.000000000000000 0.500000000000000 0.325095070631353 0.224559743975709 0.196273307063770 0.076129637906126 0.093467603205813 0.064019451086057 0.131811493874731 0.081060009164146 0.600746274608766 0.337647068602076 0.483870987408949 0.131811493874731 0.630945400000000 0.114258429079875
0.719367588932806 0.279166666666667 0.000000000000000 0.000000000000000 0.000000000000000 0.036121734210415 0.000332384213099 0.017391321652713 0.000919031796983 0.945003933230176 0.938411701283725 0.974226796949729 0.918939955761810 0.486940320279433 0.495294106498270 0.345351054304736 0.974226796949729 0.124646865000000 0.137432574369963
0.711462450592885 0.066666666666667 0.000000000000000 0.000000000000000 0.000000000000000 0.024714801794155 0.000466829979155 0.011180123529185 0.000184339221808 0.962561393108022 0.966774756618920 0.971281318326353 0.947778606460527 0.555970167485798 0.401176479993080 0.426944985374232 0.971281318326353 0.096263160000000 0.130886065175332
0.928853754940711 0.129166666666667 0.000000000000000 0.000000000000000 0.000000000000000 0.024714888714311 0.000466829464896 0.031055936953047 0.001039253025821 0.943196543553727 0.934359804978605 0.970544882396577 0.921278272134738 0.472014945641429 0.485882340671280 0.375711589178660 0.970544882396577 0.125137360000000 0.127917016520428
1.000000000000000 0.191666666666667 0.000000000000000 0.000000000000000 0.000000000000000 0.032319247739588 0.000780534171797 0.031055936953047 0.000750719609663 0.946553034749900 0.944084254003924 0.972017687982197 0.920498856726458 0.514925383033526 0.477647076013841 0.345351054304736 0.972017687982197 0.118733220000000 0.143831299292027
0.067193675889328 0.008333333333333 0.000000000000000 0.000000000000000 0.000000000000000 0.030418309409131 0.000209139257676 0.024844794730137 0.000117548253256 0.977795026422774 0.979740737275047 0.988217952958631 0.963367125070393 0.535447750073096 0.412941174041522 0.428842516669127 0.988217952958631 0.099060155000000 0.126210270175940
0.743083003952569 0.400000000000000 0.000000000000000 0.000000000000000 0.000000000000000 0.034220533750669 0.001299655628049 0.023602463875623 0.000301892231582 0.931835838321792 0.917342000950908 0.962444816182291 0.911925146939200 0.436567187172811 0.498823546477509 0.390891856615622 0.962444816182291 0.133830160000000 0.122013317708234
0.383399209486166 0.125000000000000 0.000000000000000 0.000000000000000 0.000000000000000 0.058935510069546 0.000780536864094 0.024844794730137 0.000630491268517 0.956106420018789 0.952998411288480 0.975699602535349 0.936866720596517 0.507462687319002 0.451764696166090 0.394686919205412 0.975699602535349 0.112421244000000 0.130215000682850
0.873517786561265 0.179166666666667 0.000000000000000 0.000000000000000 0.000000000000000 0.039924131707853 0.000168058331881 0.022360247058370 0.000609121668858 0.936483352021173 0.930307981607034 0.964653925149824 0.911145731530920 0.492537312680998 0.488235311245675 0.351043665267221 0.964653925149824 0.124312490000000 0.136422208737772
0.711462450592885 0.316666666666667 0.000000000000000 0.000000000000000 0.000000000000000 0.041825154220824 0.000478027936156 0.017391321652713 0.000149607947303 0.943971129170291 0.932739039163201 0.970544882396577 0.925175349176139 0.455223901272555 0.482352932456747 0.398481998873002 0.970544882396577 0.126570780000000 0.122770420414610
0.608695652173913 0.066666666666667 0.000000000000000 0.000000000000000 0.000000000000000 0.036121734210415 0.000242747497677 0.032298153770301 0.000181666912806 0.958688395311802 0.966774756618920 0.971281318326353 0.936087235040148 0.583955230239892 0.418823521065744 0.370018995293973 0.971281318326353 0.098472290000000 0.150664932695873
0.023715415019763 0.029166666666667 0.000000000000000 0.000000000000000 0.000000000000000 0.043726265707182 0.000735719434065 0.021118030241116 0.000269834290366 0.966434251477436 0.972447382272669 0.977908711502881 0.946999191052247 0.567164185871018 0.415294134027682 0.392789387910517 0.977908711502881 0.096352234000000 0.139266674058958
0.679841897233202 0.425000000000000 0.000000000000000 0.000000000000000 0.000000000000000 0.017110266875334 0.000302505227290 0.029813664235176 0.000769418054448 0.927962840525572 0.909238237514086 0.965390294805668 0.904910338116591 0.408582090836628 0.530588252173010 0.368121463999078 0.965390294805668 0.144134070000000 0.123328250223636
0.545454545454545 0.020833333333333 0.000000000000000 0.000000000000000 0.000000000000000 0.022813690307797 0.000358528207201 0.021118086141734 0.000045417333703 0.978827830482659 0.982171831297989 0.993372606823471 0.958690562472625 0.544776149100578 0.432941185688581 0.387096794025831 0.993372606823471 0.101526454000000 0.136197300649668
0.810276679841897 0.062500000000000 0.000000000000000 0.000000000000000 0.000000000000000 0.041824983118155 0.001508784146790 0.042235946444972 0.001015207799045 0.955331764688823 0.958670964008679 0.972753991364109 0.932190157998748 0.552238794441970 0.441176460934256 0.366223915626384 0.972753991364109 0.105127536000000 0.144646219678140
0.249011857707510 0.033333333333333 0.000000000000000 0.000000000000000 0.000000000000000 0.032319422264310 0.000153121521190 0.037267193213218 0.000224412553596 0.960495715274848 0.959481401616543 0.970544882396577 0.949337507425175 0.520522409017180 0.407058827017301 0.453510449119465 0.970544882396577 0.101514850000000 0.115093696454327
0.956521739130435 0.154166666666667 0.000000000000000 0.000000000000000 0.000000000000000 0.041825154220824 0.000209138491330 0.028571501082515 0.000911017683163 0.940098131374071 0.930307981607034 0.968335773429044 0.918160540353529 0.466417902866730 0.489411791238754 0.375711589178660 0.968335773429044 0.126967500000000 0.128553229240805
0.612648221343874 0.087500000000000 0.000000000000000 0.000000000000000 0.000000000000000 0.026615826360358 0.000164325054370 0.058385053516456 0.000750714848889 0.950167883816201 0.946515493893967 0.969808579014664 0.931410812738556 0.505597034379176 0.450588226761246 0.398481998873002 0.969808579014664 0.113055356000000 0.128162540203979
0.723320158102767 0.016666666666667 0.000000000000000 0.000000000000000 0.000000000000000 0.015209154704565 0.000253953420648 0.017391208957068 0.000085491264195 0.981409736062269 0.979740737275047 0.994845346135159 0.967264202111794 0.509328357049872 0.428235297480969 0.430740047964022 0.994845346135159 0.105074264000000 0.120151820094347
0.964426877470356 0.029166666666667 0.000000000000000 0.000000000000000 0.000000000000000 0.034220533750669 0.001030758025665 0.026087011547391 0.000152280350077 0.961270370604814 0.958670964008679 0.980117820470414 0.942322698602566 0.509328357049872 0.449411767944637 0.396584450500308 0.980117820470414 0.111217660000000 0.129110219652622
0.750988142292490 0.150000000000000 0.000000000000000 0.000000000000000 0.000000000000000 0.015209154704565 0.000388404359544 0.024844680692877 0.000277848757637 0.946294886019981 0.940842795306668 0.969808579014664 0.925175349176139 0.494403015993957 0.468235310186851 0.381404200141145 0.969808579014664 0.118398920000000 0.131218013195492
0.707509881422925 0.358333333333333 0.000000000000000 0.000000000000000 0.000000000000000 0.032319335001949 0.000332384092097 0.022360247058370 0.000480886297347 0.936741640177898 0.923014626604657 0.963917489220048 0.919719371170090 0.440298509843506 0.483529391273357 0.411764717937270 0.963917489220048 0.129849780000000 0.117169911874205
0.478260869565217 0.000000000000000 0.000000000000000 0.000000000000000 0.000000000000000 0.034220533750669 0.000313713822392 0.064596305304577 0.003644049346895 1.000000000000000 0.998379270651372 1.000000000000000 1.000000000000000 0.503731364648306 0.368235304892734 0.533206845478506 1.000000000000000 0.092773010000000 0.087721608207827
0.569169960474308 0.095833333333333 0.000000000000000 0.333333323333334 0.000000000000000 0.019011465624054 0.000343586667344 0.042236060482232 0.000822852621071 0.955331764688823 0.958670964008679 0.972017687982197 0.932969573407028 0.552238794441970 0.437647073896194 0.371916526588869 0.972017687982197 0.104538700000000 0.141719560582276
0.758893280632411 0.100000000000000 0.000000000000000 0.000000000000000 0.000000000000000 0.009505732983130 0.000287564746202 0.016149048934842 0.000205711136934 0.951458836606006 0.957050307593601 0.969072209358820 0.925954764584419 0.569029855601888 0.441176460934256 0.349146116894527 0.969072209358820 0.103336096000000 0.150643276247888
0.711462450592885 0.016666666666667 0.000000000000000 0.000000000000000 0.000000000000000 0.028517199291594 0.000212873755292 0.032298095633659 0.000886969354671 0.978053244866096 0.976499205644240 0.991163497855939 0.964146470330585 0.511194060362831 0.425882369259515 0.432637596336717 0.991163497855939 0.104639210000000 0.119800800969604
0.924901185770751 0.045833333333333 0.000000000000000 0.000000000000000 0.000000000000000 0.039923953761078 0.000392129661001 0.022360247058370 0.000352646583434 0.959462911214962 0.963533224988114 0.980117820470414 0.932190157998748 0.555970167485798 0.457647074955017 0.335863397830259 0.980117820470414 0.109654540000000 0.150750920545934
0.944664031620553 0.062500000000000 0.000000000000000 0.000000000000000 0.000000000000000 0.041825154220824 0.001015812956581 0.019875756628835 0.000149611431324 0.954299030342340 0.955429505311422 0.971281318326353 0.933748988815308 0.537313453386054 0.438823532712803 0.385199262730935 0.971281318326353 0.106101590000000 0.136561582250308
0.675889328063241 0.083333333333333 0.000000000000000 0.000000000000000 0.000000000000000 0.024714801794155 0.000422011530693 0.014906773980946 0.000512944411682 0.950942469432764 0.953808848896344 0.963917489220048 0.932969573407028 0.550373124711100 0.418823521065744 0.404174592757688 0.963917489220048 0.100709505000000 0.133073232118258
0.822134387351779 0.000000000000000 0.000000000000000 0.000000000000000 0.000000000000000 0.028517110318206 0.000257693141521 0.048447202705143 0.002781123138614 0.986831974805019 0.985413289995245 0.994845346135159 0.978176087975804 0.509328357049872 0.403529408214533 0.470588247851323 0.994845346135159 0.099835830000000 0.107877365075083
0.703557312252964 0.375000000000000 0.000000000000000 0.000000000000000 0.000000000000000 0.015209242651337 0.000388403704116 0.013664558058102 0.000237773853350 0.940614498547312 0.922204188996792 0.975699602535349 0.919719371170090 0.406716421105758 0.522352955750865 0.383301714358241 0.975699602535349 0.141106720000000 0.120107751740889
0.683794466403162 0.275000000000000 0.000000000000000 0.000000000000000 0.000000000000000 0.034220619302003 0.000313705735418 0.028571389281280 0.000975124534551 0.947585838809786 0.937601336609411 0.976435972191193 0.925175349176139 0.462686596987079 0.494117626505190 0.371916526588869 0.976435972191193 0.127385180000000 0.128768433897176
0.711462450592885 0.433333333333333 0.000000000000000 0.000000000000000 0.000000000000000 0.007604621154566 0.000029877515633 0.032298153770301 0.000886972672786 0.925639013962479 0.898703394641032 0.963181185838136 0.910366386270728 0.352611965328441 0.530588252173010 0.425047454079336 0.963181185838136 0.152134220000000 0.107224347622588
0.762845849802372 0.191666666666667 0.000000000000000 0.000000000000000 0.000000000000000 0.020912491216872 0.000422009796329 0.026086953410748 0.000280518037055 0.947844126966511 0.947325785634731 0.969072209358820 0.924396003915947 0.527985104731705 0.457647074955017 0.364326401409287 0.969072209358820 0.111695420000000 0.139193730441520
0.280632411067194 0.083333333333333 0.000000000000000 0.000000000000000 0.000000000000000 0.038022756723385 0.001508790801905 0.029813664235176 0.000512943041156 0.947585838809786 0.947325785634731 0.964653925149824 0.928293080957347 0.529850774462575 0.437647073896194 0.394686919205412 0.964653925149824 0.107616230000000 0.132484260672789
0.245059288537549 0.008333333333333 0.000000000000000 0.000000000000000 0.000000000000000 0.039923953761078 0.001019559584656 0.021118030241116 0.000494245346554 0.988639364481468 1.000000000000000 0.986745213646942 0.978176087975804 0.597014935147026 0.356470579079585 0.457305520248155 0.986745213646942 0.079805760000000 0.128832076993541
0.992094861660079 0.066666666666667 0.000000000000000 0.000000000000000 0.000000000000000 0.043726180155848 0.000601272226067 0.022360189816137 0.000416765596435 0.950167883816201 0.950567317265537 0.964653925149824 0.932969573407028 0.533582080342226 0.425882369259515 0.409867186642374 0.964653925149824 0.104470100000000 0.130953754166243
0.395256916996047 0.129166666666667 0.000000000000000 0.000000000000000 0.000000000000000 0.038022931248107 0.000612480185908 0.026087011547391 0.000536988051533 0.955590052845548 0.951377609006301 0.977172275573105 0.935307889779956 0.499999991604478 0.461176461993080 0.387096794025831 0.977172275573105 0.115302496000000 0.131040833232676
0.964426877470356 0.150000000000000 0.000000000000000 0.000000000000000 0.000000000000000 0.028517024766872 0.000123243301728 0.022360189816137 0.000352649418258 0.939581694487427 0.929497543999170 0.966126598187580 0.919719371170090 0.464552249926904 0.481176473640138 0.390891856615622 0.966126598187580 0.125708980000000 0.124522040933876
0.976284584980237 0.175000000000000 0.000000000000000 0.000000000000000 0.000000000000000 0.024715061870212 0.000287569939209 0.018633538469967 0.000504936465229 0.939581694487427 0.935170242586469 0.966126598187580 0.914263463312129 0.503731364648306 0.481176473640138 0.351043665267221 0.966126598187580 0.121118750000000 0.138783802420670
0.992094861660079 0.104166666666667 0.000000000000000 0.000000000000000 0.000000000000000 0.032319335001949 0.000197939374726 0.022360247058370 0.000160290597571 0.943196543553727 0.937601336609411 0.968335773429044 0.920498856726458 0.494403015993957 0.475294105439446 0.370018995293973 0.968335773429044 0.120030230000000 0.133803121567128
0.731225296442688 0.145833333333333 0.000000000000000 0.000000000000000 0.000000000000000 0.022813601334409 0.000403336188983 0.023602577912883 0.000622469840417 0.944745714786854 0.944084254003924 0.964653925149824 0.922837102951298 0.527985104731705 0.450588226761246 0.375711589178660 0.964653925149824 0.110652910000000 0.136244172589803
0.956521739130435 0.125000000000000 0.000000000000000 0.000000000000000 0.000000000000000 0.034220533750669 0.000358528207201 0.006211198794335 0.000109535279137 0.942680176380486 0.936790899001547 0.966863034117356 0.921278272134738 0.492537312680998 0.470588238408304 0.379506651768450 0.966863034117356 0.119532410000000 0.129930260361708
0.367588932806324 0.008333333333333 0.000000000000000 0.000000000000000 0.000000000000000 0.036121556263639 0.000511643577451 0.037267021039315 0.000897651665914 0.987090123534938 0.983792560646617 0.993372606823471 0.982073235165293 0.496268685724827 0.395294132968858 0.497153716719896 0.993372606823471 0.100091450000000 0.099873175475735
0.885375494071146 0.045833333333333 0.000000000000000 0.000000000000000 0.000000000000000 0.028517110318206 0.000257693141521 0.016149048934842 0.000077477208082 0.961786807491458 0.970016215316177 0.974226796949729 0.939204966821357 0.583955230239892 0.418823521065744 0.370018995293973 0.974226796949729 0.095183990000000 0.148719596088778
0.786561264822134 0.975000000000000 0.000000000000000 0.333333323333334 0.000000000000000 0.051330797203950 0.000929924159923 0.023602475055747 0.000366008171720 0.112316029816143 0.086709888060858 0.099410897647932 0.150428681981958 0.621268658439380 0.096470593903114 0.851992422375769 0.142120768467446 0.445380360000000 0.919468668282059
0.988142292490119 0.850000000000000 0.000000000000000 0.333333323333334 0.000000000000000 0.051330804048056 0.002050312669403 0.062111802353304 0.001816680349711 0.086496262943339 0.067260938956734 0.076583206358003 0.115354637868912 0.673507478067916 0.104705887148789 0.785578758743235 0.108983802584803 0.441048900000000 0.920314109150680
0.600790513833992 0.820833333333333 0.000000000000000 0.000000000000000 0.000000000000000 0.083650192091833 0.002449917234570 0.043478252703214 0.002225435211106 0.117479994344849 0.094813615030905 0.106038290824460 0.151208097390239 0.639925389330168 0.104705887148789 0.819734356206950 0.142857138123291 0.396909200000000 0.927947990277430
0.964426877470356 0.991666666666667 0.000000000000000 0.000000000000000 0.000000000000000 0.068441067501337 0.001299652703832 0.033540368351530 0.000440812669814 0.102762721231998 0.078606161090812 0.101620026497643 0.127045974215246 0.634328363346514 0.150588240525952 0.751423161279521 0.120029446833362 0.406212150000000 0.971640948515488
0.395256916996047 0.775000000000000 0.000000000000000 0.000000000000000 0.000000000000000 0.121673000146019 0.007603710892124 0.110559005058447 0.004629865702768 0.148205535188398 0.127228530204445 0.124447724414965 0.193296950325894 0.641791042269993 0.052941179335640 0.901328304354244 0.182621497182463 0.394886080000000 0.887623818433012
0.881422924901186 0.962500000000000 0.000000000000000 0.000000000000000 0.000000000000000 0.064638782931660 0.000836557030705 0.049689432938545 0.002361686038109 0.081848700444576 0.063209079118388 0.071428572375342 0.110678096315570 0.679104487260526 0.101176476816609 0.785578758743235 0.104565538257986 0.454547170000000 0.911714988385681
0.754940711462451 0.950000000000000 0.000000000000000 0.333333323333334 0.000000000000000 0.085551327532565 0.002453652367446 0.050931678824119 0.000943071180990 0.105602901025651 0.089141003963866 0.096465385887589 0.130943107375117 0.686567166184005 0.112941181453287 0.759013286459102 0.123711348131728 0.344304140000000 0.927805897117938
0.853754940711462 0.820833333333333 0.000000000000000 0.000000000000000 0.000000000000000 0.085551341220779 0.002184758899300 0.059627326234328 0.001763250615995 0.112057839258182 0.092382499127897 0.095729016231745 0.148090400683074 0.662313442891652 0.080000004235294 0.836812154938807 0.139911626362948 0.402129560000000 0.899012457577914
0.774703557312253 0.908333333333333 0.000000000000000 0.000000000000000 0.000000000000000 0.047528505790166 0.001587217399617 0.026086944466649 0.000408753141673 0.123676735048079 0.102917342000951 0.118556707521674 0.148869823106163 0.651119407715388 0.136470593373702 0.757115772242006 0.140648002646186 0.335716800000000 0.956204383483315
0.079051383399209 0.854166666666667 0.000000000000000 0.333333323333334 0.000000000000000 0.131178701304052 0.000705843473309 0.018633538469967 0.000344635145746 0.115414407139099 0.095623986998574 0.092783504471403 0.158222906212848 0.660447773160782 0.050588242643599 0.886148019839484 0.149484531299819 0.426777000000000 0.881951910766033
0.557312252964427 0.820833333333333 0.000000000000000 0.000000000000000 0.000000000000000 0.066539918372392 0.002662790667189 0.055900606465801 0.000953757531678 0.129357087664046 0.112641820199691 0.098674521364694 0.177708494849306 0.677238817529656 0.015294123439446 0.925996228265683 0.167893964890324 0.440894700000000 0.863972660497153
0.367588932806324 0.850000000000000 0.000000000000000 0.000000000000000 0.000000000000000 0.106463892665790 0.005138853327719 0.036024846706531 0.000814834828472 0.119803765137220 0.104538085936289 0.094992633321115 0.160561187511732 0.690298522436790 0.041176482110727 0.870967735324723 0.151693673404318 0.404391800000000 0.864473663115149
0.916996047430830 0.833333333333333 0.000000000000000 0.333333323333334 0.000000000000000 0.091254757809134 0.006139736441312 0.037267076939933 0.001250304268193 0.107668481260061 0.090761755192559 0.100883650214406 0.130943107375117 0.682835826722265 0.124705887148789 0.743833036099939 0.123711348131728 0.335421470000000 0.939980430293476
0.280632411067194 0.750000000000000 0.000000000000000 0.333333323333334 0.000000000000000 0.043726234908702 0.000511644737054 0.069565219530111 0.003323457816403 0.105861091583612 0.088330631996196 0.098674521364694 0.130163670922411 0.679104487260526 0.122352946221453 0.751423161279521 0.122974958593704 0.350369800000000 0.938362827932554
0.628458498023715 0.829166666666667 0.000000000000000 0.000000000000000 0.000000000000000 0.055133078351574 0.001139062257996 0.027329185880175 0.000726672651697 0.121869359314310 0.100486226097943 0.106038290824460 0.159002328635937 0.647388068253648 0.084705885031142 0.844402280118389 0.150220907583057 0.403938060000000 0.911690561926907
0.150197628458498 0.979166666666667 0.000000000000000 0.333333323333334 0.000000000000000 0.077946778925531 0.003290211515688 0.040993787764361 0.001755235275916 0.107152079230119 0.091572119866873 0.086892487578111 0.143413873159349 0.692164175376615 0.060000006352941 0.838709686233703 0.135493375290918 0.393838700000000 0.875443963479170
0.130434782608696 0.770833333333333 0.000000000000000 0.000000000000000 0.000000000000000 0.047528516056326 0.002035373650423 0.053416139290923 0.000878954014592 0.109475863965170 0.090761755192559 0.100147273931169 0.137178479745020 0.669776121815131 0.112941181453287 0.776091085190959 0.129602351770233 0.365231780000000 0.932728290229307
0.841897233201581 0.937500000000000 0.000000000000000 0.000000000000000 0.000000000000000 0.017110266875334 0.000257689864381 0.084472035995526 0.000983145933797 0.115672604668400 0.094003243063235 0.097201768798220 0.155884631928772 0.647388068253648 0.070588241584775 0.867172706890530 0.147275395822714 0.419597060000000 0.898298315220680
0.624505928853755 0.704166666666667 0.000000000000000 0.333333323333334 0.000000000000000 0.053231946332895 0.000881373220463 0.073291925882489 0.002449849008346 0.148205535188398 0.132090754717105 0.120029446833362 0.193296950325894 0.675373131007741 0.031764705695502 0.901328304354244 0.182621497182463 0.358861600000000 0.865937840454262
0.233201581027668 0.708333333333333 0.000000000000000 0.333333323333334 0.000000000000000 0.057034220636412 0.001210021413337 0.059627326234328 0.001506775963369 0.136844829956463 0.124797399714728 0.118556707521674 0.167575996334341 0.707089561768350 0.076470592844291 0.796963963590406 0.158321066580846 0.285690870000000 0.878565228423903
0.075098814229249 0.987500000000000 0.000000000000000 0.000000000000000 0.000000000000000 0.062737650912982 0.000840292062747 0.037267083648007 0.001154126462807 0.093725800735114 0.076985409862118 0.080265094401583 0.123928298552508 0.688432835914875 0.089411770062284 0.795066432295511 0.117083954955199 0.403437380000000 0.904173759922829
0.774703557312253 0.937500000000000 0.000000000000000 0.000000000000000 0.000000000000000 0.083650192091833 0.006886660568161 0.074534156115891 0.005482101953715 0.112057839258182 0.095623986998574 0.110456561778670 0.129384255514131 0.684701496453135 0.150588240525952 0.700189765083949 0.122974958593704 0.292728840000000 0.979404516510985
0.683794466403162 0.695833333333333 0.000000000000000 0.000000000000000 0.000000000000000 0.047528522900433 0.002707607522458 0.111801235291849 0.007501825696076 0.136328427926520 0.123987035040414 0.120029446833362 0.165237715035457 0.705223888679271 0.085882356553633 0.783681227448340 0.156111924476348 0.298961730000000 0.892833671512479
0.454545454545455 0.975000000000000 0.000000000000000 0.333333323333334 0.000000000000000 0.047528516056326 0.000556459777292 0.049689432938545 0.002842570881328 0.099147948850440 0.081037276993819 0.086892487578111 0.129384255514131 0.677238817529656 0.096470593903114 0.795066432295511 0.122238588937860 0.389694780000000 0.913198085737878
0.450592885375494 0.795833333333333 0.000000000000000 0.333333323333334 0.000000000000000 0.055133078351574 0.000242750825234 0.053416148235022 0.001872783907221 0.105602901025651 0.085089144125520 0.092783504471403 0.138737338620816 0.658582086638867 0.095294123439446 0.815939293617159 0.131075117591494 0.409931930000000 0.914155955468635
0.079051383399209 0.920833333333333 0.000000000000000 0.000000000000000 0.000000000000000 0.081749049806994 0.002707608530809 0.050931678824119 0.001712489151835 0.094500386351677 0.082658020929157 0.081737846968057 0.119251749984357 0.722014933048145 0.092941181453287 0.755218223869311 0.112665684000989 0.327917840000000 0.894347910501119
0.960474308300395 0.833333333333333 0.000000000000000 0.000000000000000 0.000000000000000 0.057034220636412 0.001344467744069 0.044720498588789 0.001667073027008 0.095016788381620 0.078606161090812 0.085419735011637 0.120810601845344 0.690298522436790 0.108235298539792 0.762808366126692 0.114138443194857 0.374806500000000 0.920850987605377
0.640316205533597 0.691666666666667 0.000000000000000 0.333333323333334 0.000000000000000 0.039923977715452 0.000705845530344 0.055900617645924 0.000569049267584 0.170926931709587 0.154781191691906 0.142120768467446 0.216679658092606 0.667910452084261 0.034117655093426 0.905123332788438 0.204712818816548 0.321138900000000 0.867868034335711
0.739130434782609 0.729166666666667 0.000000000000000 0.000000000000000 0.000000000000000 0.030418234123957 0.000164323259506 0.017391307565757 0.000149609137496 0.129098890134745 0.111831440938666 0.120765823116599 0.154325794097403 0.673507478067916 0.122352946221453 0.757115772242006 0.145802649883633 0.301882680000000 0.945425079560166
0.335968379446640 0.762500000000000 0.000000000000000 0.000000000000000 0.000000000000000 0.060836512050196 0.001284713785688 0.042236020233788 0.000277845446735 0.116963606257587 0.096434358966243 0.110456561778670 0.143413873159349 0.654850747177127 0.128235299175086 0.766603428716483 0.135493375290918 0.352131720000000 0.946383721536355
0.454545454545455 0.833333333333333 0.000000000000000 0.000000000000000 0.000000000000000 0.058935356077144 0.001139062560501 0.036024846706531 0.001231602793824 0.095791380969524 0.081037276993819 0.081737846968057 0.124707720975597 0.701492540822009 0.087058828076125 0.785578758743235 0.117820331238436 0.375346030000000 0.895840912740379
0.573122529644269 0.945833333333333 0.000000000000000 0.000000000000000 0.000000000000000 0.070342209786176 0.000601276198969 0.059627321762278 0.001346480775186 0.123934946520060 0.109400325035659 0.109720172240647 0.152766956266034 0.694029861898530 0.092941181453287 0.783681227448340 0.144329903944552 0.315255600000000 0.903467977961794
0.501976284584980 0.683333333333333 0.000000000000000 0.000000000000000 0.000000000000000 0.074144490933800 0.004246275555642 0.060869543051581 0.003123087586881 0.165762988094903 0.152350090375609 0.144329903944552 0.201091181571592 0.688432835914875 0.068235299598616 0.829222029759226 0.189985266642229 0.284953700000000 0.891055928952077
0.644268774703557 0.695833333333333 0.000000000000000 0.666666646666667 0.000000000000000 0.047528512634272 0.000870171280476 0.055900622117974 0.001049935553463 0.166021185624204 0.147487836689529 0.139911626362948 0.211223680086557 0.652985077446258 0.045882359730104 0.901328304354244 0.199558164951707 0.329212280000000 0.878761630582799
0.794466403162055 0.820833333333333 0.000000000000000 0.000000000000000 0.000000000000000 0.058935366343304 0.001407956532822 0.040993787764361 0.002204061067072 0.134262854663450 0.113452184874005 0.117083954955199 0.172252523858066 0.647388068253648 0.081176476816609 0.850094891080874 0.162739317652877 0.368866150000000 0.913422943462149
0.434782608695652 0.933333333333333 0.000000000000000 0.000000000000000 0.000000000000000 0.055133068085413 0.001318324939822 0.060869547523631 0.001840726225683 0.108959468906568 0.085899516093189 0.105301914541223 0.134840205460944 0.639925389330168 0.140000005294118 0.762808366126692 0.127393216293128 0.388095700000000 0.959422028015553
0.173913043478261 0.725000000000000 0.000000000000000 0.333333323333334 0.000000000000000 0.074144477245587 0.003753304768773 0.043478252703214 0.001936903381873 0.130131680251950 0.106969209132652 0.113402053656833 0.169914249573991 0.632462693615644 0.082352948339100 0.863377610145141 0.160530182175772 0.400871780000000 0.907556564249855
0.312252964426877 0.720833333333333 0.000000000000000 0.000000000000000 0.000000000000000 0.117870712154288 0.011950825960273 0.093167703529956 0.004223780553589 0.122902149431515 0.098865474869250 0.113402053656833 0.155884631928772 0.628731354153904 0.115294122380623 0.814041762322264 0.147275395822714 0.398352980000000 0.934827958407197
0.770750988142292 0.712500000000000 0.000000000000000 0.000000000000000 0.000000000000000 0.039923946916971 0.000436951094182 0.013664586232013 0.000269830611586 0.138652219632912 0.123176670366099 0.120029446833362 0.173031946281155 0.682835826722265 0.075294121321799 0.823529418796741 0.163475693936114 0.314896580000000 0.892424935435665
0.019762845849802 0.858333333333333 0.000000000000000 0.000000000000000 0.000000000000000 0.072243345226908 0.005138854235235 0.088198742347904 0.009021962471653 0.101471726614151 0.083468400190182 0.088365240144586 0.132501952221295 0.677238817529656 0.092941181453287 0.800759026180197 0.125184100698202 0.395339880000000 0.907899693040835
0.098814229249012 0.833333333333333 0.000000000000000 0.000000000000000 0.000000000000000 0.057034220636412 0.001478914478142 0.037267083648007 0.001314422372319 0.114123419492592 0.100486226097943 0.097201768798220 0.144972725020336 0.703358215590193 0.077647065425605 0.798861494885302 0.136966134484785 0.333855540000000 0.886942194323644
0.458498023715415 0.979166666666667 0.000000000000000 0.000000000000000 0.000000000000000 0.077946778925531 0.005665436277072 0.059627321762278 0.004231798634720 0.107668481260061 0.087520260028527 0.094992633321115 0.140296176452185 0.660447773160782 0.096470593903114 0.812144231027368 0.132547863530575 0.395954700000000 0.913241851908340
0.636363636363636 0.900000000000000 0.000000000000000 0.000000000000000 0.000000000000000 0.047528516056326 0.001004615997848 0.070807449763512 0.006211448922667 0.097340566145331 0.073743921991442 0.095729016231745 0.121590024268433 0.639925389330168 0.147058828076125 0.751423161279521 0.115611195761331 0.425501260000000 0.965512677374073
0.885375494071146 0.879166666666667 0.000000000000000 0.333333323333334 0.000000000000000 0.051330800626003 0.000481767909116 0.039751550822885 0.001239617989638 0.097598763674633 0.078606161090812 0.090574375621691 0.123148862099802 0.671641791546001 0.121176475757785 0.760910834831796 0.116347565417176 0.385727260000000 0.940373973280812
0.367588932806324 0.520833333333333 0.000000000000000 0.000000000000000 0.000000000000000 0.007604564006275 0.000029877066917 0.004968944411867 0.000021372739534 0.017815647647270 0.007293355002377 0.038291604504480 0.006235385698039 0.755597021785893 0.234117655093426 0.493358649006766 0.038291604504480 0.847089950000000 0.163335532833819
0.830039525691700 0.533333333333333 0.000000000000000 0.000000000000000 0.000000000000000 0.011406844811693 0.000089631189660 0.006211180682535 0.000045417088451 0.036405888579578 0.023500811130477 0.063328420004945 0.020265002641777 0.733208959828887 0.269411769003460 0.459203051543051 0.063328420004945 0.696604970000000 0.167813146152233
0.766798418972332 0.520833333333333 0.000000000000000 0.000000000000000 0.000000000000000 0.039923953761078 0.000526583110689 0.026086955646773 0.000344634950987 0.017041053665098 0.004862236911363 0.038291604504480 0.006235385698039 0.744402986609629 0.237647063307958 0.499051251430351 0.038291604504480 0.911155200000000 0.153414227161534
0.142292490118577 0.495833333333333 0.000000000000000 0.000000000000000 0.000000000000000 0.026615969059983 0.000971004510958 0.028571425057675 0.000686598836618 0.011360702443399 0.008103728428717 0.019882179529586 0.005455962573470 0.807835822944280 0.175294121321799 0.535104378481181 0.019882179529586 0.855555530000000 0.182040341261972
0.505928853754941 0.520833333333333 0.000000000000000 0.000000000000000 0.000000000000000 0.068441067501337 0.001568547381999 0.018633538469967 0.000088162476776 0.043119029221349 0.026742301918495 0.070692196092105 0.029618082241057 0.707089561768350 0.274117657211073 0.478178381569804 0.070692196092105 0.657744100000000 0.145867005402612
0.367588932806324 0.537500000000000 0.000000000000000 0.000000000000000 0.000000000000000 0.005703422405847 0.000033611686543 0.007453414493577 0.000032059088058 0.021172219013857 0.012965964610745 0.040500735342410 0.008573655071749 0.770522393065688 0.229411766885813 0.485768511872725 0.040500735342410 0.797883570000000 0.177684558054432
0.351778656126482 0.512500000000000 0.000000000000000 0.000000000000000 0.000000000000000 0.013307984701094 0.000018673171739 0.021118009222484 0.000109535538816 0.014717274507119 0.007293355002377 0.030927837032932 0.004676539448900 0.777985078705586 0.212941179335640 0.504743845315037 0.030927837032932 0.881481470000000 0.173089009428193
0.624505928853755 0.529166666666667 0.000000000000000 0.000000000000000 0.000000000000000 0.005703422405847 0.000168058462967 0.007453417176806 0.000096177268645 0.018590240932308 0.008103728428717 0.039027982775935 0.007014808822609 0.755597021785893 0.234117655093426 0.493358649006766 0.039027982775935 0.826851840000000 0.162231859807907
0.664031620553360 0.520833333333333 0.000000000000000 0.000000000000000 0.000000000000000 0.009505705264497 0.000063488778669 0.018633538469967 0.000152280674675 0.014459075583550 0.004862236911363 0.032400589599407 0.004676539448900 0.763059704067582 0.221176481051903 0.506641380025492 0.032400589599407 0.877513230000000 0.159448519391460
0.474308300395257 0.512500000000000 0.000000000000000 0.000000000000000 0.000000000000000 0.007604565032891 0.000029877073976 0.018633538469967 0.000056103467992 0.011618899972700 0.004862236911363 0.026509572706115 0.002338269654302 0.783582092935509 0.205882357612457 0.510436447738623 0.026509572706115 0.937037050000000 0.173089009428193
0.162055335968379 0.516666666666667 0.000000000000000 0.000000000000000 0.000000000000000 0.013307986754326 0.000153119938079 0.009937887705721 0.000117549970020 0.016782856832931 0.009724473822727 0.033873342165881 0.005455962573470 0.779850748436456 0.217647062249135 0.495256180301661 0.033873342165881 0.849735440000000 0.179964864511637
0.130434782608696 0.500000000000000 0.000000000000000 0.000000000000000 0.000000000000000 0.011406843442872 0.000179262328903 0.016149065705027 0.000398066935252 0.005680351221699 0.002431118382748 0.012518408744342 0.001558846389436 0.809701496033359 0.165882358671280 0.548387111207688 0.012518408744342 0.925925900000000 0.165868229243743
0.458498023715415 0.525000000000000 0.000000000000000 0.000000000000000 0.000000000000000 0.007604564006275 0.000074692634522 0.014906832117588 0.000128236320708 0.021688614769593 0.011345219216736 0.041973491222581 0.010132501320889 0.755597021785893 0.234117655093426 0.493358649006766 0.041973491222581 0.772486750000000 0.162692722451382
0.877470355731225 0.541666666666667 0.000000000000000 0.333333323333334 0.000000000000000 0.072243345226908 0.001822500822814 0.017391301528491 0.000117550179206 0.068680605536192 0.043760130014264 0.109720172240647 0.049103661758265 0.639925389330168 0.344705874442907 0.432637596336717 0.109720172240647 0.640223700000000 0.143119423307257
0.177865612648221 0.500000000000000 0.000000000000000 0.000000000000000 0.000000000000000 0.009505703211265 0.000063488768586 0.039751548586860 0.001335795434359 0.009811515873323 0.005672609608368 0.018409424974894 0.004676539448900 0.802238810393462 0.175294121321799 0.540796977489207 0.018409424974894 0.770370360000000 0.166675863662084
0.217391304347826 0.537500000000000 0.000000000000000 0.000000000000000 0.000000000000000 0.032319391465830 0.000466828809468 0.006211179340921 0.000045417030745 0.038729666343289 0.026742301918495 0.062592050349101 0.024941542792158 0.738805977417019 0.255294125557093 0.476280850274908 0.062592050349101 0.639253700000000 0.163163187798925
0.166007905138340 0.525000000000000 0.000000000000000 0.000000000000000 0.000000000000000 0.005703422405847 0.000078427298515 0.031055896704603 0.001263662134419 0.011618899972700 0.004862236911363 0.025036818151423 0.003897116324330 0.783582092935509 0.198823535889273 0.521821647462454 0.025036818151423 0.917989430000000 0.163335532833819
0.667984189723320 0.533333333333333 0.000000000000000 0.000000000000000 0.000000000000000 0.036121672613454 0.000511644837889 0.016149065705027 0.000205712363194 0.029176348696401 0.013776336578414 0.056701026828417 0.014809041471269 0.718283585190883 0.270588238408304 0.472485782561778 0.056701026828417 0.786175250000000 0.153876466416431
0.466403162055336 0.529166666666667 0.000000000000000 0.000000000000000 0.000000000000000 0.026615973166448 0.000522848522322 0.016149069059064 0.000205712478607 0.024786987909744 0.012965964610745 0.047864506790394 0.011691347570028 0.744402986609629 0.248235298539792 0.481973452698494 0.047864506790394 0.779497300000000 0.163335532833819
0.407114624505929 0.525000000000000 0.000000000000000 0.000000000000000 0.000000000000000 0.009505704580087 0.000153119877578 0.006211180235330 0.000109535178151 0.025819778026949 0.015397083431095 0.047128128518939 0.013250193819168 0.753731348696814 0.240000002117647 0.485768511872725 0.047128128518939 0.731922400000000 0.165482861985220
0.205533596837945 0.512500000000000 0.000000000000000 0.000000000000000 0.000000000000000 0.074144490933800 0.000302505227290 0.006211177328498 0.000013357946943 0.048541184308015 0.034035659108879 0.074374077508291 0.035074044113046 0.718283585190883 0.267058830193772 0.478178381569804 0.074374077508291 0.587234100000000 0.152051163610184
0.209486166007905 0.508333333333333 0.000000000000000 0.000000000000000 0.000000000000000 0.053231946332895 0.001015820015037 0.011180124870800 0.000248457809225 0.037438679393917 0.026742301918495 0.059646538588759 0.024162118966107 0.748134334466891 0.247058829134948 0.480075917988039 0.059646538588759 0.630471400000000 0.167237269303219
0.031620553359684 0.495833333333333 0.000000000000000 0.000000000000000 0.000000000000000 0.001901141668869 0.000018673178798 0.058385087056827 0.004501632812631 0.012135296425571 0.007293355002377 0.021354934084279 0.007014808822609 0.796641792805330 0.178823536948097 0.540796977489207 0.021354934084279 0.550925900000000 0.159448519391460
0.264822134387352 0.516666666666667 0.000000000000000 0.000000000000000 0.000000000000000 0.028517114766876 0.000481767737697 0.007453417176806 0.000192354540247 0.043377228842052 0.029173420009509 0.069219443525630 0.029618082241057 0.722014933048145 0.265882360788927 0.476280850274908 0.069219443525630 0.617592600000000 0.154223909709064
0.422924901185771 0.529166666666667 0.000000000000000 0.000000000000000 0.000000000000000 0.009505701158033 0.000063488722202 0.011180123529185 0.000088162498416 0.022205009828196 0.010534845790396 0.044182620072293 0.010132501320889 0.746268659698708 0.242352951515571 0.489563581293635 0.044182620072293 0.799603160000000 0.160550681502397
0.375494071146245 0.516666666666667 0.000000000000000 0.000000000000000 0.000000000000000 0.013307986754326 0.000063488718168 0.003726707246788 0.000024044317828 0.013426285466345 0.007293355002377 0.029455082478239 0.002338269654302 0.787313437434562 0.211764707813149 0.497153716719896 0.029455082478239 0.927777770000000 0.186823461588470
0.328063241106719 0.512500000000000 0.000000000000000 0.000000000000000 0.000000000000000 0.015209125274906 0.000119508182968 0.016149065705027 0.000109535250284 0.014717274507119 0.007293355002377 0.030927837032932 0.004676539448900 0.777985078705586 0.212941179335640 0.504743845315037 0.030927837032932 0.874074100000000 0.173089009428193
0.035573122529644 0.525000000000000 0.000000000000000 0.000000000000000 0.000000000000000 0.019011405738120 0.000074692684940 0.006211180235330 0.000013357957763 0.006454944506737 0.000810372769938 0.017673048691656 0.000000000000000 0.792910451664485 0.187058829134948 0.531309314183610 0.017673048691656 1.000000000000000 0.165868229243743
0.375494071146245 0.466666666666667 0.000000000000000 0.000000000000000 0.000000000000000 0.043726234908702 0.000153120381754 0.040993787764361 0.001498762065948 0.150787510481410 0.107779581100321 0.226804107313666 0.111457518738659 0.488805990010303 0.531764732166090 0.284630018712486 0.226804107313666 0.559546200000000 0.150154075554646
0.426877470355731 0.495833333333333 0.000000000000000 0.000000000000000 0.000000000000000 0.038022811476239 0.000746926244386 0.218633531761892 0.015698265618044 0.090885620941460 0.072123178056104 0.125184100698202 0.072486362510168 0.675373131007741 0.317647056955017 0.440227721516298 0.125184100698202 0.548124100000000 0.152233833230745
0.719367588932806 0.591666666666667 0.000000000000000 0.000000000000000 0.000000000000000 0.171102685863610 0.012369098929696 0.067080745647159 0.004969160078155 0.195197527349265 0.155591578246285 0.256995594572934 0.167575996334341 0.498134338664652 0.474117636034602 0.368121463999078 0.256995594572934 0.447745320000000 0.134544258938594
0.256916996047431 0.620833333333333 0.000000000000000 0.000000000000000 0.000000000000000 0.102661625206380 0.004078221196662 0.062111802353304 0.000309904397812 0.159308035919691 0.132901126684774 0.209131069888578 0.131722529798206 0.600746274608766 0.408235285833910 0.370018995293973 0.209131069888578 0.426013900000000 0.152006323011294
0.387351778656126 0.604166666666667 0.000000000000000 0.000000000000000 0.000000000000000 0.070342209786176 0.002662791574705 0.055900617645924 0.003742898523554 0.146398145511949 0.122366298398430 0.193667148058416 0.119251749984357 0.621268658439380 0.392941172982699 0.373814057883764 0.193667148058416 0.431320600000000 0.156935448088277
0.225296442687747 0.562500000000000 0.000000000000000 0.333333323333334 0.000000000000000 0.119771874971447 0.007114474532287 0.055900633298097 0.003358188816802 0.158533436360447 0.132090754717105 0.209131069888578 0.130163670922411 0.600746274608766 0.411764715224913 0.364326401409287 0.209131069888578 0.429825220000000 0.154332259100765
0.853754940711462 0.570833333333333 0.000000000000000 0.000000000000000 0.000000000000000 0.070342209786176 0.002573163914272 0.023602477291772 0.000366008171720 0.202685262670341 0.156401950213954 0.275405014908652 0.169914249573991 0.449626858497856 0.528235281598616 0.330170803945573 0.275405014908652 0.483770800000000 0.135345010299823
0.169960474308300 0.475000000000000 0.000000000000000 0.000000000000000 0.000000000000000 0.017110266875334 0.000212874007380 0.009937885022492 0.000117549883461 0.127033302928995 0.108589953067990 0.164212083474138 0.105222132339139 0.666044782353391 0.339999996823529 0.413662249232165 0.164212083474138 0.398689450000000 0.157822170511623
0.537549407114625 0.566666666666667 0.000000000000000 0.333333323333334 0.000000000000000 0.053231946332895 0.001284715096544 0.045962731058215 0.002033079456068 0.189775365291258 0.149918959885891 0.256259211662303 0.157443490804568 0.498134338664652 0.495294106498270 0.333965866535363 0.256259211662303 0.468164700000000 0.140951629651908
0.173913043478261 0.575000000000000 0.000000000000000 0.000000000000000 0.000000000000000 0.085551334376672 0.003349966079081 0.014906823173489 0.000192354251715 0.117221803786888 0.098055110194936 0.157584690297609 0.092751359540098 0.664179112622521 0.352941192041522 0.394686919205412 0.157584690297609 0.453341220000000 0.163669663286722
0.079051383399209 0.566666666666667 0.000000000000000 0.333333323333334 0.000000000000000 0.066539928638552 0.001632033952380 0.029813657527102 0.000609122866265 0.043635424279951 0.042139383890919 0.055964657172572 0.031956349510324 0.809701496033359 0.201176472581315 0.491461117711870 0.057437409739047 0.464069280000000 0.245076083382697
0.853754940711462 0.495833333333333 0.000000000000000 0.000000000000000 0.000000000000000 0.079847910944209 0.002554488552396 0.032298140354153 0.000341963738407 0.148980120804961 0.115072936102698 0.211340211993076 0.115354637868912 0.552238794441970 0.465882350200692 0.326375724277983 0.211340211993076 0.505441370000000 0.152644617436748
0.316205533596838 0.612500000000000 0.000000000000000 0.000000000000000 0.000000000000000 0.096958177819544 0.001154001781151 0.032298140354153 0.001271676897435 0.146656343041250 0.122366298398430 0.192194402119334 0.121590024268433 0.619402988708510 0.384705897737024 0.388994325320726 0.192194402119334 0.419159560000000 0.151338968654474
0.462450592885375 0.479166666666667 0.000000000000000 0.000000000000000 0.000000000000000 0.022813690307797 0.000403340040883 0.040993792236410 0.001530821406543 0.143299768188994 0.117504044712350 0.189985266642229 0.118472334576077 0.610074640054160 0.389411775356401 0.390891856615622 0.189985266642229 0.437078000000000 0.148635488488465
0.387351778656126 0.575000000000000 0.000000000000000 0.000000000000000 0.000000000000000 0.125475291559803 0.004616002889530 0.047204963527642 0.001143440328518 0.148980120804961 0.121555926430761 0.198821795295863 0.122369446691522 0.597014935147026 0.405882368200692 0.377609120473555 0.198821795295863 0.445172100000000 0.151492360100395
0.505928853754941 0.608333333333333 0.000000000000000 0.000000000000000 0.000000000000000 0.083650192091833 0.003570308365762 0.049689432938545 0.001239617556840 0.161373616154101 0.132901126684774 0.212076581648921 0.134840205460944 0.585820899970762 0.412941174041522 0.377609120473555 0.212076581648921 0.430238960000000 0.146862127581493
0.418972332015810 0.562500000000000 0.000000000000000 0.000000000000000 0.000000000000000 0.064638789775767 0.001015820317542 0.047204963527642 0.000951085150544 0.148980120804961 0.122366298398430 0.196612659818758 0.123928298552508 0.602611944339636 0.395294132968858 0.388994325320726 0.196612659818758 0.432786080000000 0.147600360638617
0.043478260869565 0.595833333333333 0.000000000000000 0.000000000000000 0.000000000000000 0.110266156703147 0.003077333646325 0.052173909057521 0.002308255510930 0.137361218043725 0.108589953067990 0.189248890358992 0.109898673892481 0.591417909163372 0.412941174041522 0.371916526588869 0.189248890358992 0.479715320000000 0.151367810342566
0.158102766798419 0.579166666666667 0.000000000000000 0.000000000000000 0.000000000000000 0.060836512050196 0.001956946649371 0.048447202705143 0.001081993739930 0.144590755835500 0.118314431266730 0.193667148058416 0.117692912152988 0.606343300592420 0.401176479993080 0.375711589178660 0.193667148058416 0.441572670000000 0.152652709225840
0.051383399209486 0.562500000000000 0.000000000000000 0.333333323333334 0.000000000000000 0.030418256025098 0.000478032675405 0.024844720941322 0.000534318050786 0.073844563093557 0.058346840019018 0.103829161974748 0.056897900018772 0.703358215590193 0.292941178276817 0.451612914409010 0.103829161974748 0.487864260000000 0.157011648566885
0.640316205533597 0.583333333333333 0.000000000000000 0.000000000000000 0.000000000000000 0.131178701304052 0.011147886335476 0.034782609765055 0.001624328634118 0.212496782726469 0.168557529728991 0.283505167279049 0.179267332680675 0.462686596987079 0.522352955750865 0.326375724277983 0.283505167279049 0.457447650000000 0.138424926538055
0.833992094861660 0.587500000000000 0.000000000000000 0.000000000000000 0.000000000000000 0.171102668753344 0.007708278479052 0.053416139290923 0.002353672212821 0.185127809763836 0.148298223243908 0.249631818485775 0.151987519813328 0.520522409017180 0.484705871266436 0.328273255572879 0.249631818485775 0.463430430000000 0.147472637959338
0.241106719367589 0.537500000000000 0.000000000000000 0.000000000000000 0.000000000000000 0.083650202357993 0.001015819712531 0.031055901176652 0.000494244271773 0.160340826036896 0.130470025368477 0.213549320960609 0.132501952221295 0.576492551316412 0.424705878678201 0.368121463999078 0.213549320960609 0.444353100000000 0.147215631321973
0.233201581027668 0.479166666666667 0.000000000000000 0.000000000000000 0.000000000000000 0.028517110318206 0.000616214582688 0.012422361365071 0.000117549926740 0.140201390866038 0.119935175202068 0.181148751243382 0.116134053277192 0.649253737984518 0.361176467287197 0.396584450500308 0.181148751243382 0.405935850000000 0.157818880074565
0.079051383399209 0.466666666666667 0.000000000000000 0.000000000000000 0.000000000000000 0.030418234123957 0.000388402675598 0.022360247058370 0.000256472427974 0.134521052192751 0.114262564135029 0.174521358066853 0.111457518738659 0.651119407715388 0.355294109674741 0.404174592757688 0.174521358066853 0.408913300000000 0.155866240711755
0.229249011857708 0.533333333333333 0.000000000000000 0.000000000000000 0.000000000000000 0.235741468795271 0.007021097622067 0.037267076939933 0.000577063706002 0.114123419492592 0.090761755192559 0.156848300759585 0.091192514693920 0.636194033077384 0.363529427273356 0.406072124052584 0.156848300759585 0.482725050000000 0.155448288053590
0.901185770750988 0.566666666666667 0.000000000000000 0.000000000000000 0.500000000000000 0.138783267021353 0.014180402420687 0.055900617645924 0.000921698912412 0.190291774292541 0.152350090375609 0.256259211662303 0.156664068381479 0.511194060362831 0.492941167688581 0.324478192983088 0.256259211662303 0.457405030000000 0.146006009580376
0.747035573122530 0.520833333333333 0.000000000000000 0.000000000000000 0.000000000000000 0.077946778925531 0.001542402561050 0.063354032586706 0.000440811941271 0.033823911195164 0.021069691580792 0.056701026828417 0.021823850293878 0.735074629559757 0.249411767944637 0.489563581293635 0.056701026828417 0.709751370000000 0.154494481005322
0.264822134387352 0.608333333333333 0.000000000000000 0.000000000000000 0.000000000000000 0.199619751695123 0.014464232991946 0.031055901176652 0.001199543597495 0.149496522834904 0.123176670366099 0.198821795295863 0.122369446691522 0.604477614070506 0.403529408214533 0.373814057883764 0.198821795295863 0.438881780000000 0.152749323844563
0.533596837944664 0.491666666666667 0.000000000000000 0.333333323333334 0.000000000000000 0.066539935482659 0.003110951354739 0.044720485172641 0.002276196675266 0.172217919356094 0.139384109719482 0.231222391522663 0.141075591860465 0.552238794441970 0.455294114968858 0.343453523009841 0.231222391522663 0.449747320000000 0.148259136355964
0.758893280632411 0.595833333333333 0.000000000000000 0.000000000000000 0.000000000000000 0.058935345810984 0.002573161393396 0.044720494116739 0.001346480775186 0.196230317466470 0.157212314888268 0.262150228555595 0.163678877204088 0.501865661335348 0.494117626505190 0.332068318162669 0.262150228555595 0.453533170000000 0.143218354662277
0.916996047430830 0.595833333333333 0.000000000000000 0.000000000000000 0.000000000000000 0.127376433844642 0.011715542436240 0.014906817136223 0.000416768265354 0.230054228661634 0.183144239733746 0.308541980791296 0.191738112494525 0.436567187172811 0.562352957868512 0.288425064224478 0.308541980791296 0.458785060000000 0.141274797577265
0.229249011857708 0.316666666666667 0.000000000000000 0.000000000000000 0.500000000000000 0.382129304955979 0.085586563685820 0.295652128220365 0.050514437707218 0.119287370078617 0.089141003963866 0.155375554820504 0.109898673892481 0.587686569701632 0.332941180394464 0.504743845315037 0.155375554820504 0.652043160000000 0.105109435991388
0.517786561264822 0.333333333333333 0.000000000000000 0.000000000000000 0.500000000000000 0.648289019510187 0.190081569526188 0.747826097650553 0.641523600603450 0.298476650611205 0.261750415411268 0.349042716133706 0.279812937496089 0.485074616966474 0.444705879737024 0.428842516669127 0.349042716133706 0.398823920000000 0.117199727263059
0.545454545454545 0.487500000000000 0.000000000000000 0.000000000000000 0.000000000000000 0.100760458967167 0.007951033983034 0.070807456471587 0.008968529996885 0.036922281546779 0.017828200792773 0.063328420004945 0.027279811464386 0.690298522436790 0.267058830193772 0.506641380025492 0.063328420004945 0.804724300000000 0.124869954288946
0.462450592885375 0.508333333333333 0.000000000000000 0.000000000000000 0.000000000000000 0.007604562637453 0.000029877060867 0.004968943517457 0.000021372735206 0.005163955465963 0.000000000000000 0.014727540907750 0.000000000000000 0.796641792805330 0.178823536948097 0.540796977489207 0.014727540907750 1.000000000000000 0.159448519391460
0.213438735177866 0.287500000000000 0.000000000000000 0.333333323333334 0.000000000000000 0.062737633802715 0.004335908257828 0.040993787764361 0.000793461982830 0.049315778987321 0.021069691580792 0.082474229878688 0.041309430512566 0.623134344961294 0.302352933515571 0.518026579749324 0.082474229878688 0.775281970000000 0.105202978416328
0.007905138339921 0.333333333333333 0.000000000000000 0.000000000000000 0.500000000000000 0.076045633218639 0.005094038791657 0.022360247058370 0.001410599817040 0.039246063493294 0.013776336578414 0.070692196092105 0.030397506067108 0.645522398522778 0.291764708871972 0.512333982449078 0.070692196092105 0.829748450000000 0.110838338728839
0.225296442687747 0.350000000000000 0.000000000000000 0.000000000000000 0.000000000000000 0.074144501199960 0.001646971963009 0.043478259411288 0.000494244618011 0.030983736281448 0.008914100396387 0.059646538588759 0.021823850293878 0.671641791546001 0.276470596020761 0.510436447738623 0.059646538588759 0.874917400000000 0.119256636547136
0.383399209486166 0.554166666666667 0.000000000000000 0.000000000000000 0.000000000000000 0.007604562637453 0.000029877078009 0.007453415835192 0.000064118166089 0.006971340262474 0.000000000000000 0.019882179529586 0.000000000000000 0.783582092935509 0.195294122380623 0.527514246470480 0.019882179529586 1.000000000000000 0.159448519391460
0.446640316205534 0.379166666666667 0.000000000000000 0.000000000000000 0.000000000000000 0.038022818320346 0.001239898140440 0.026086951174724 0.000633167083179 0.028143558579196 0.007293355002377 0.055964657172572 0.018706157094118 0.680970156991395 0.271764707813149 0.508538916443727 0.055964657172572 0.891217700000000 0.122226893934020
0.094861660079051 0.333333333333333 0.000000000000000 0.000000000000000 0.000000000000000 0.055133078351574 0.004410601336024 0.031055901176652 0.000718657722775 0.027110767067723 0.006482982305373 0.053755528322861 0.018706157094118 0.682835826722265 0.265882360788927 0.516129046746649 0.053755528322861 0.911447800000000 0.115769646238565
0.304347826086957 0.366666666666667 0.000000000000000 0.000000000000000 0.000000000000000 0.055133078351574 0.008085478700405 0.068322971408511 0.010656974920337 0.028918151167100 0.008103728428717 0.059646538588759 0.016367888421890 0.680970156991395 0.285882351259516 0.485768511872725 0.059646538588759 0.910899940000000 0.132373258785908
0.051383399209486 0.454166666666667 0.000000000000000 0.000000000000000 0.000000000000000 0.011406843442872 0.000134446744156 0.009937887034914 0.000213727198343 0.011102504914098 0.000000000000000 0.025773195097399 0.006235385698039 0.753731348696814 0.204705888207612 0.542694510491882 0.025773195097399 1.000000000000000 0.122292501219854
0.067193675889328 0.466666666666667 0.000000000000000 0.000000000000000 0.000000000000000 0.024714831566020 0.000870169233524 0.013664595176112 0.000301889692502 0.007487735321076 0.000810372769938 0.017673048691656 0.003117692849020 0.785447766024588 0.182352945162630 0.546489579912793 0.017673048691656 0.981481500000000 0.146888702897121
0.134387351778656 0.270833333333333 0.000000000000000 0.000000000000000 0.500000000000000 0.266159714554209 0.193812517746973 0.175155272350604 0.145508195321563 0.094242188822376 0.061588335183050 0.128865982114389 0.088854247424653 0.578358221047282 0.320000016941176 0.535104378481181 0.128865982114389 0.637420900000000 0.087440074384023
0.482213438735178 0.520833333333333 0.000000000000000 0.000000000000000 0.000000000000000 0.019011405738120 0.001105451305532 0.014906829881563 0.000961772366827 0.007745934244646 0.000810372769938 0.019882179529586 0.001558846389436 0.783582092935509 0.191764708871972 0.533206845478506 0.019882179529586 0.986111100000000 0.156665229338846
0.138339920948617 0.558333333333333 0.000000000000000 0.000000000000000 0.000000000000000 0.009505704580087 0.000197935512742 0.028571427293700 0.001488075715260 0.005938549448135 0.002431118382748 0.009572900960435 0.005455962573470 0.807835822944280 0.150588240525952 0.574952576319146 0.009572900960435 0.251851860000000 0.086159892913062
0.521739130434783 0.379166666666667 0.000000000000000 0.000000000000000 0.500000000000000 0.754752864267230 0.377724563747128 0.668322897619696 0.352030203223234 0.306997169078146 0.273095615665281 0.349042716133706 0.294621970549588 0.501865661335348 0.405882368200692 0.474383318980013 0.349042716133706 0.397891600000000 0.105320494025548
0.272727272727273 0.362500000000000 0.000000000000000 0.333333323333334 0.000000000000000 0.041825092623863 0.001732869431484 0.039751548586860 0.000951086016139 0.032532920062987 0.008914100396387 0.061119291155233 0.024941542792158 0.660447773160782 0.276470596020761 0.521821647462454 0.061119291155233 0.890840050000000 0.108912358621377
0.316205533596838 0.462500000000000 0.000000000000000 0.000000000000000 0.500000000000000 0.252851725404445 0.065494257240765 0.108074531175495 0.030480181774585 0.046217403755768 0.024311183098146 0.075110453791528 0.036632891063667 0.667910452084261 0.281176473640138 0.506641380025492 0.075110453791528 0.809331400000000 0.116702686599888
0.189723320158103 0.350000000000000 0.000000000000000 0.000000000000000 0.000000000000000 0.057034217214359 0.005960473255311 0.067080741175109 0.002372371955999 0.036147688958875 0.016207456128099 0.062592050349101 0.027279811464386 0.684701496453135 0.267058830193772 0.512333982449078 0.062592050349101 0.794107740000000 0.120490382564511
0.075098814229249 0.525000000000000 0.000000000000000 0.000000000000000 0.000000000000000 0.003802282174240 0.000029877060867 0.006211180682535 0.000013357963534 0.001549186709502 0.000000000000000 0.004418262338599 0.000000000000000 0.822761195903180 0.145882358671280 0.567362442942221 0.004418262338599 0.666666700000000 0.159448519391460
0.371541501976285 0.541666666666667 0.000000000000000 0.000000000000000 0.000000000000000 0.024714827459556 0.000242751147907 0.016149065705027 0.000109535250284 0.010844307384797 0.000810372769938 0.024300441868185 0.006235385698039 0.761194030978503 0.198823535889273 0.544592045202338 0.024300441868185 0.977777800000000 0.127283489871120
0.213438735177866 0.404166666666667 0.000000000000000 0.000000000000000 0.000000000000000 0.218631201919936 0.022695367959292 0.075776395293392 0.007290772650381 0.060418284598553 0.037277146979555 0.093519880754640 0.047544814807644 0.654850747177127 0.304705893501730 0.481973452698494 0.093519880754640 0.705481900000000 0.129035849059930
0.067193675889328 0.545833333333333 0.000000000000000 0.000000000000000 0.000000000000000 0.026615969059983 0.000657295286646 0.006211180235330 0.000109535221431 0.003872967122323 0.000810372769938 0.008836524677198 0.001558846389436 0.811567165764229 0.156470592844291 0.561669843934195 0.008836524677198 0.416666660000000 0.148508135143958
0.375494071146245 0.354166666666667 0.000000000000000 0.000000000000000 0.000000000000000 0.034220533750669 0.001523729820885 0.018633538469967 0.000216398728308 0.043893621809252 0.019448946916118 0.078792341835108 0.030397506067108 0.651119407715388 0.309411781709342 0.478178381569804 0.078792341835108 0.778862500000000 0.128995793025130
0.071146245059289 0.558333333333333 0.000000000000000 0.000000000000000 0.000000000000000 0.030418250549813 0.001688053786236 0.047204963527642 0.003163163349549 0.014459075583550 0.004862236911363 0.023564064922209 0.014029617645218 0.763059704067582 0.178823536948097 0.574952576319146 0.023564064922209 0.457671970000000 0.079643165531396
0.007905138339921 0.279166666666667 0.000000000000000 0.000000000000000 0.500000000000000 0.507604538340874 0.359140981956168 0.968944009382360 0.477776468971658 0.555383422320168 0.516207475820158 0.606038257687494 0.538581448524351 0.386194054066189 0.505882341730104 0.430740047964022 0.606038257687494 0.269733160000000 0.106188732922359
0.193675889328063 0.408333333333333 0.000000000000000 0.000000000000000 0.000000000000000 0.076045622952479 0.001239899451296 0.044720485172641 0.004263858840910 0.039504260325461 0.018638574219113 0.064064802915576 0.033515197162426 0.677238817529656 0.258823533771626 0.533206845478506 0.064064802915576 0.760734300000000 0.105794719872586
0.158102766798419 0.275000000000000 0.000000000000000 0.333333323333334 0.000000000000000 0.060836512050196 0.000657294853055 0.036024839998457 0.001135426214698 0.034856701312369 0.008914100396387 0.067746684331762 0.024941542792158 0.643656728791908 0.297647066484429 0.504743845315037 0.067746684331762 0.891608400000000 0.115718224765558
0.233201581027668 0.504166666666667 0.000000000000000 0.000000000000000 0.000000000000000 0.003802282174240 0.000029877066917 0.004968943741059 0.000021372739534 0.002581977802695 0.000000000000000 0.007363770785245 0.000000000000000 0.815298508584178 0.155294123439446 0.559772309223740 0.007363770785245 0.888888900000000 0.159448519391460
0.391304347826087 0.416666666666667 0.000000000000000 0.000000000000000 0.000000000000000 0.127376433844642 0.021126810796291 0.091925457644382 0.014063251366037 0.034082108724465 0.016207456128099 0.060382914871996 0.023382695841537 0.699626871091139 0.265882360788927 0.499051251430351 0.060382914871996 0.864664400000000 0.138954116114319
0.142292490118577 0.270833333333333 0.000000000000000 0.000000000000000 0.000000000000000 0.060836512050196 0.000926188926211 0.040993787764361 0.001306407969968 0.057578104804899 0.027552673886164 0.088365240144586 0.053780199804203 0.608208953532245 0.292941178276817 0.548387111207688 0.088365240144586 0.723010800000000 0.087962162659902
0.003952569169960 0.320833333333333 0.000000000000000 0.000000000000000 0.000000000000000 0.123574145852911 0.007278799102648 0.055900613173875 0.004223784665167 0.054221534832580 0.025931929221491 0.088365240144586 0.045206547538377 0.621268658439380 0.308235291128028 0.510436447738623 0.088365240144586 0.754703300000000 0.109068335410702
0.545454545454545 0.458333333333333 0.000000000000000 0.000000000000000 0.000000000000000 0.036121672613454 0.000422013789398 0.026086953410748 0.000601108211448 0.025819778026949 0.005672609608368 0.051546390857538 0.017926733969548 0.686567166184005 0.261176472581315 0.519924114459779 0.051546390857538 0.907407400000000 0.116283558785631
0.118577075098814 0.354166666666667 0.000000000000000 0.000000000000000 0.000000000000000 0.079847910944209 0.003630062727484 0.062111795645230 0.004445525648475 0.026336173782685 0.007293355002377 0.053019145412230 0.016367888421890 0.694029861898530 0.265882360788927 0.504743845315037 0.053019145412230 0.909235540000000 0.130268755680096
0.098814229249012 0.525000000000000 0.000000000000000 0.000000000000000 0.000000000000000 0.001901141018679 0.000018673167706 0.002484472317735 0.000021372739534 0.001807384447944 0.000000000000000 0.005154639284576 0.000000000000000 0.820895524493206 0.148235299598616 0.565464909939545 0.005154639284576 0.777777800000000 0.159448519391460
0.264822134387352 0.400000000000000 0.000000000000000 0.333333323333334 0.000000000000000 0.038022811476239 0.003166967961873 0.024844716469272 0.001848740700167 0.012393493954872 0.001620745539876 0.030191456110519 0.003897116324330 0.755597021785893 0.220000001058824 0.516129046746649 0.030191456110519 0.981481500000000 0.150695990392595
0.509881422924901 0.379166666666667 0.000000000000000 0.000000000000000 0.000000000000000 0.249049447678874 0.074412555015617 0.211180101168938 0.065582236899329 0.100180738967645 0.073743921991442 0.134020609469657 0.089633669847742 0.619402988708510 0.317647056955017 0.497153716719896 0.134020609469657 0.575126300000000 0.111678592122710
0.498023715415020 0.291666666666667 0.000000000000000 0.000000000000000 0.000000000000000 0.832699540531159 0.445870380140169 0.494409859974543 0.189779123178595 0.296669267906097 0.254457060408890 0.343151705867808 0.287607161726979 0.447761205558031 0.424705878678201 0.499051251430351 0.343151705867808 0.366946300000000 0.095304168589236
0.288537549407115 0.491666666666667 0.000000000000000 0.000000000000000 0.000000000000000 0.007604562979659 0.000029877066917 0.002484471870530 0.000021372738091 0.003614768895887 0.000000000000000 0.010309278569151 0.000000000000000 0.807835822944280 0.164705888207612 0.552182177213039 0.010309278569151 1.000000000000000 0.159448519391460
0.292490118577075 0.362500000000000 0.000000000000000 0.000000000000000 0.000000000000000 0.134980992717836 0.046223544909523 0.104347815879018 0.028340221078406 0.038471469511122 0.017017829554439 0.069219443525630 0.026500388339816 0.673507478067916 0.288235300657439 0.489563581293635 0.069219443525630 0.872145800000000 0.129468927655796
0.150197628458498 0.275000000000000 0.000000000000000 0.333333323333334 0.000000000000000 0.062737647490928 0.001826235149010 0.053416148235022 0.000558362556232 0.053705141865380 0.023500811130477 0.086892487578111 0.047544814807644 0.608208953532245 0.303529402920415 0.531309314183610 0.086892487578111 0.762048900000000 0.096813102587517
0.189723320158103 0.437500000000000 0.000000000000000 0.000000000000000 0.000000000000000 0.045627380615594 0.000313709466316 0.047204963527642 0.000951086593202 0.020914020787421 0.006482982305373 0.039764359059173 0.014809041471269 0.727611942240755 0.227058828076125 0.533206845478506 0.039764359059173 0.875529100000000 0.122747034808375
0.118577075098814 0.237500000000000 0.000000000000000 0.000000000000000 0.000000000000000 0.956273754825138 0.205050022264385 0.408695609397788 0.244271526569603 0.328943973011432 0.281199364515392 0.398379960247570 0.300857363963917 0.399253725391234 0.542352967397924 0.358633790446802 0.398379960247570 0.413032830000000 0.123478502323997
0.367588932806324 0.554166666666667 0.000000000000000 0.000000000000000 0.000000000000000 0.015209125274906 0.000119508213219 0.011180122858377 0.000120221600972 0.008004131773947 0.000000000000000 0.022827687313493 0.000000000000000 0.776119407295611 0.204705888207612 0.519924114459779 0.022827687313493 1.000000000000000 0.159448519391460
0.292490118577075 0.500000000000000 0.000000000000000 0.000000000000000 0.000000000000000 0.007604562979659 0.000029877066917 0.007453415835192 0.000032059077959 0.003614768895887 0.000000000000000 0.010309278569151 0.000000000000000 0.807835822944280 0.164705888207612 0.552182177213039 0.010309278569151 1.000000000000000 0.159448519391460
0.478260869565217 0.466666666666667 0.000000000000000 0.000000000000000 0.000000000000000 0.020912548022958 0.000377197801311 0.011180122858377 0.000152280609755 0.008262329303248 0.000000000000000 0.022091310367516 0.001558846389436 0.774253734206533 0.200000007411765 0.529411781180935 0.022091310367516 1.000000000000000 0.151343501399401
0.296442687747036 0.395833333333333 0.000000000000000 0.000000000000000 0.000000000000000 0.062737647490928 0.003574041481937 0.049689439646619 0.002682275621012 0.025561581194782 0.007293355002377 0.052282769128993 0.014809041471269 0.699626871091139 0.265882360788927 0.499051251430351 0.052282769128993 0.903571400000000 0.132395519599883
0.320158102766798 0.529166666666667 0.000000000000000 0.000000000000000 0.000000000000000 0.030418252603045 0.000522848471905 0.019875774069828 0.000277845490015 0.009811515873323 0.000000000000000 0.025036818151423 0.003117692849020 0.763059704067582 0.207058827017301 0.529411781180935 0.025036818151423 1.000000000000000 0.146091107669396
0.415019762845850 0.520833333333333 0.000000000000000 0.000000000000000 0.000000000000000 0.011406843442872 0.000179262359154 0.008695651211450 0.000077476126088 0.004905757936662 0.000810372769938 0.012518408744342 0.000779423194718 0.804104480124332 0.169411770062284 0.548387111207688 0.012518408744342 0.962963000000000 0.159448519391460
0.371541501976285 0.350000000000000 0.000000000000000 0.000000000000000 0.000000000000000 0.024714831566020 0.000825353850448 0.024844716469272 0.000181668203986 0.045184613638563 0.017017829554439 0.083210599534532 0.031956349510324 0.624999997901119 0.324705873384083 0.480075917988039 0.083210599534532 0.816909000000000 0.121188828193942
0.470355731225296 0.325000000000000 0.000000000000000 0.333333323333334 0.000000000000000 0.136882135002675 0.009635350115517 0.130434778233865 0.008551756693694 0.073069977476994 0.042139383890919 0.113402053656833 0.060015582696319 0.597014935147026 0.342352956809688 0.480075917988039 0.113402053656833 0.686685300000000 0.115397323212665
0.023715415019763 0.512500000000000 0.000000000000000 0.000000000000000 0.000000000000000 0.001901141018679 0.000018673167706 0.001242235957625 0.000013357964255 0.000258197787241 0.000000000000000 0.000736377012251 0.000000000000000 0.832089554464246 0.134117652128720 0.576850109492599 0.000736377012251 0.111111110000000 0.159448519391460
0.387351778656126 0.504166666666667 0.000000000000000 0.000000000000000 0.000000000000000 0.015209125274906 0.000388401889085 0.012422358234636 0.000566377319248 0.005163955465963 0.000810372769938 0.013254786353058 0.000779423194718 0.802238810393462 0.171764709930796 0.546489579912793 0.013254786353058 0.981481500000000 0.159448519391460
0.201581027667984 0.379166666666667 0.000000000000000 0.000000000000000 0.000000000000000 0.024714831566020 0.000511644484967 0.018633538469967 0.000408753430205 0.020139426805249 0.004862236911363 0.041973491222581 0.011691347570028 0.722014933048145 0.241176471522491 0.516129046746649 0.041973491222581 0.899735450000000 0.131358209317292
0.498023715415020 0.550000000000000 0.000000000000000 0.000000000000000 0.000000000000000 0.051330800626003 0.000123242787469 0.019875774069828 0.000438140858530 0.029176348696401 0.006482982305373 0.062592050349101 0.015588464595839 0.667910452084261 0.298823535889273 0.478178381569804 0.062592050349101 0.915376000000000 0.132081282860827
0.304347826086957 0.370833333333333 0.000000000000000 0.000000000000000 0.000000000000000 0.053231932644682 0.008365577365510 0.057142854587400 0.006369072378912 0.032016526398653 0.010534845790396 0.062592050349101 0.020265002641777 0.675373131007741 0.285882351259516 0.491461117711870 0.062592050349101 0.876332040000000 0.128198667859842
0.280632411067194 0.416666666666667 0.000000000000000 0.000000000000000 0.000000000000000 0.017110266875334 0.000302505227290 0.021118010116894 0.001007189357249 0.009036921891152 0.000000000000000 0.023564064922209 0.002338269654302 0.768656721655714 0.203529415626298 0.529411781180935 0.023564064922209 1.000000000000000 0.151877324448258
0.505928853754941 0.333333333333333 0.000000000000000 0.000000000000000 0.500000000000000 0.933460156912782 0.758522439434420 0.565217383526871 0.272611656749036 0.308804544811915 0.280388970667658 0.349042716133706 0.293063139733028 0.539179123116924 0.397647050602076 0.449715389945234 0.349042716133706 0.348884730000000 0.121528414728701
0.126482213438735 0.545833333333333 0.000000000000000 0.000000000000000 0.000000000000000 0.003802282174240 0.000029877066917 0.002484472317735 0.000021372739534 0.000258197787241 0.000000000000000 0.000736377012251 0.000000000000000 0.832089554464246 0.134117652128720 0.576850109492599 0.000736377012251 0.111111110000000 0.159448519391460
0.339920948616601 0.516666666666667 0.000000000000000 0.000000000000000 0.000000000000000 0.013307984701094 0.000242751097489 0.007453415835192 0.000128236342348 0.006713142733173 0.000000000000000 0.018409424974894 0.000779423194718 0.785447766024588 0.189411772179931 0.535104378481181 0.018409424974894 1.000000000000000 0.155561556312934
0.541501976284585 0.525000000000000 0.000000000000000 0.333333323333334 0.000000000000000 0.057034234324626 0.001792623692371 0.022360249294394 0.000128236039389 0.053188744018241 0.022690438433472 0.092047128188165 0.041309430512566 0.606343300592420 0.330588252173010 0.489563581293635 0.092047128188165 0.779866460000000 0.114727635331605
0.154150197628458 0.350000000000000 0.000000000000000 0.000000000000000 0.500000000000000 0.043726238330755 0.001587218811308 0.036024844470507 0.000878953148997 0.032274723230820 0.007293355002377 0.061119291155233 0.025720965916727 0.651119407715388 0.277647065425605 0.529411781180935 0.061119291155233 0.907098770000000 0.103199941645106
0.498023715415020 0.454166666666667 0.000000000000000 0.000000000000000 0.000000000000000 0.017110266875334 0.000481767465442 0.016149065705027 0.000430126059448 0.010586109855495 0.000810372769938 0.027245948989352 0.002338269654302 0.763059704067582 0.214117650858131 0.518026579749324 0.027245948989352 0.984127000000000 0.152951618571865
0.375494071146245 0.508333333333333 0.000000000000000 0.000000000000000 0.000000000000000 0.001901140779135 0.000018673163672 0.004968943741059 0.000021372739534 0.003356571366586 0.000000000000000 0.009572900960435 0.000000000000000 0.809701496033359 0.162352945162630 0.554079711923494 0.009572900960435 1.000000000000000 0.159448519391460
0.011857707509881 0.354166666666667 0.000000000000000 0.000000000000000 0.000000000000000 0.076045622952479 0.002987706792573 0.034782605293006 0.001624326758662 0.024786987909744 0.006482982305373 0.051546390857538 0.014029617645218 0.699626871091139 0.265882360788927 0.499051251430351 0.051546390857538 0.910065230000000 0.134252064770239
0.422924901185771 0.554166666666667 0.000000000000000 0.000000000000000 0.000000000000000 0.013307986754326 0.000153119907829 0.004968943741059 0.000053431808188 0.006713142733173 0.000000000000000 0.019145801920870 0.000000000000000 0.785447766024588 0.192941180394464 0.529411781180935 0.019145801920870 1.000000000000000 0.159448519391460
0.162055335968379 0.529166666666667 0.000000000000000 0.000000000000000 0.000000000000000 0.015209128012549 0.001195082797697 0.009937887705721 0.000854909004215 0.002065582325812 0.000810372769938 0.004418262338599 0.000779423194718 0.824626867313154 0.143529417743945 0.569259975944896 0.004418262338599 0.092592590000000 0.159448519391460
0.237154150197628 0.450000000000000 0.000000000000000 0.000000000000000 0.000000000000000 0.028517108607179 0.000840292163582 0.023602481763821 0.000686598598579 0.008520526832549 0.000810372769938 0.021354934084279 0.002338269654302 0.777985078705586 0.195294122380623 0.533206845478506 0.021354934084279 0.984127000000000 0.152951618571865
0.513833992094862 0.475000000000000 0.000000000000000 0.000000000000000 0.000000000000000 0.020912548022958 0.000377197902146 0.011180122858377 0.000216398858148 0.009553318344022 0.000000000000000 0.025773195097399 0.001558846389436 0.764925378835765 0.211764707813149 0.519924114459779 0.025773195097399 1.000000000000000 0.153414227161534
0.225296442687747 0.470833333333333 0.000000000000000 0.333333323333334 0.000000000000000 0.038022811476239 0.001150267051615 0.012422360470661 0.000341963550861 0.008004131773947 0.000810372769938 0.018409424974894 0.003897116324330 0.781716419846430 0.183529417743945 0.548387111207688 0.018409424974894 0.984127000000000 0.144860601725247
0.019762845849802 0.454166666666667 0.000000000000000 0.000000000000000 0.000000000000000 0.011406842758461 0.000089631169493 0.011180123529185 0.000056103400187 0.008004131773947 0.001620745539876 0.019882179529586 0.001558846389436 0.787313437434562 0.190588237349481 0.531309314183610 0.019882179529586 1.000000000000000 0.165678189715689
0.379446640316206 0.466666666666667 0.000000000000000 0.000000000000000 0.000000000000000 0.013307984701094 0.000018673204006 0.003726707693993 0.000056103400187 0.008004131773947 0.000000000000000 0.022827687313493 0.000000000000000 0.776119407295611 0.204705888207612 0.519924114459779 0.022827687313493 1.000000000000000 0.159448519391460
0.312252964426877 0.316666666666667 0.000000000000000 0.000000000000000 0.500000000000000 0.834600867606880 0.577781354061798 1.000000000000000 1.000000000000000 0.470178140051995 0.428687215791631 0.523564060945773 0.452844911836480 0.397388072451409 0.498823546477509 0.430740047964022 0.523564060945773 0.306281270000000 0.104429054189889
0.114624505928854 0.333333333333333 0.000000000000000 0.000000000000000 0.000000000000000 0.115969576713556 0.006516932326757 0.073291925882489 0.006521350784356 0.043635424279951 0.017828200792773 0.080265094401583 0.029618082241057 0.641791042269993 0.317647056955017 0.474383318980013 0.080265094401583 0.823020640000000 0.127828560842573
0.142292490118577 0.454166666666667 0.000000000000000 0.000000000000000 0.000000000000000 0.028517108607179 0.000347320771703 0.023602483999846 0.000333948715712 0.013426285466345 0.001620745539876 0.029455082478239 0.007794232648660 0.748134334466891 0.211764707813149 0.537001913191636 0.029455082478239 0.962963000000000 0.125253189478559
0.450592885375494 0.529166666666667 0.000000000000000 0.000000000000000 0.000000000000000 0.011406844811693 0.000089631189660 0.007453415835192 0.000128236363988 0.005422153692398 0.000000000000000 0.015463918516466 0.000000000000000 0.794776123074460 0.181176473640138 0.538899446194312 0.015463918516466 1.000000000000000 0.159448519391460
0.209486166007905 0.529166666666667 0.000000000000000 0.000000000000000 0.000000000000000 0.007604562637453 0.000298770538088 0.008695652553065 0.000301889706929 0.001807384447944 0.000000000000000 0.004418262338599 0.000779423194718 0.820895524493206 0.144705887148789 0.571157509801461 0.004418262338599 0.333333340000000 0.144835705204036
0.000000000000000 0.291666666666667 0.000000000000000 0.000000000000000 0.000000000000000 0.416349838706647 0.269688996392524 0.206211162347133 0.148134339241751 0.148721930247000 0.102106970033282 0.202503676712049 0.136399064336740 0.464552249926904 0.424705878678201 0.481973452698494 0.202503676712049 0.595282200000000 0.101695674695305
0.501976284584980 0.437500000000000 0.000000000000000 0.000000000000000 0.000000000000000 0.026615973166448 0.000702110901643 0.018633538469967 0.000665226135242 0.013684482995646 0.001620745539876 0.033136965882644 0.004676539448900 0.746268659698708 0.228235297480969 0.512333982449078 0.033136965882644 0.970238100000000 0.147858273824968
0.197628458498024 0.433333333333333 0.000000000000000 0.000000000000000 0.000000000000000 0.022813690307797 0.000492971512881 0.031055901176652 0.000494243875042 0.018848437764475 0.004051864214359 0.037555226895764 0.013250193819168 0.725746269151676 0.225882358671280 0.537001913191636 0.037555226895764 0.917989430000000 0.115129807322247
0.059288537549407 0.295833333333333 0.000000000000000 0.000000000000000 0.000000000000000 0.148288985289653 0.041633688555138 0.139130443532271 0.048077938497678 0.059127296952046 0.031604539559194 0.096465385887589 0.045985967155543 0.624999997901119 0.324705873384083 0.480075917988039 0.096465385887589 0.742819100000000 0.121468616071552
0.063241106719368 0.470833333333333 0.000000000000000 0.000000000000000 0.000000000000000 0.039923953761078 0.000616214441519 0.032298135882103 0.000566377174982 0.008004131773947 0.001620745539876 0.017673048691656 0.003897116324330 0.787313437434562 0.180000002117647 0.548387111207688 0.017673048691656 0.953703700000000 0.146888702897121
0.003952569169960 0.354166666666667 0.000000000000000 0.000000000000000 0.000000000000000 0.131178701304052 0.013388661035229 0.052173909057521 0.005417984643051 0.036405888579578 0.015397083431095 0.064801179198813 0.026500388339816 0.677238817529656 0.276470596020761 0.504743845315037 0.064801179198813 0.824783860000000 0.119779060581899
0.225296442687747 0.408333333333333 0.000000000000000 0.000000000000000 0.000000000000000 0.030418252603045 0.000253954802089 0.063354032586706 0.001210229876050 0.029950941284305 0.010534845790396 0.055964657172572 0.021044426467828 0.690298522436790 0.263529421979239 0.512333982449078 0.055964657172572 0.864482400000000 0.127653479372779
0.185770750988142 0.283333333333333 0.000000000000000 0.000000000000000 0.000000000000000 0.060836505206090 0.001867316266392 0.026086955646773 0.000953757315279 0.037696876226084 0.012965964610745 0.069955813181474 0.027279811464386 0.651119407715388 0.295294127674740 0.500948786140806 0.069955813181474 0.842452300000000 0.118250400749212
0.517786561264822 0.512500000000000 0.000000000000000 0.000000000000000 0.000000000000000 0.091254757809134 0.003181907485028 0.033540370587555 0.001114053080525 0.043119029221349 0.016207456128099 0.075846836702159 0.034294621689957 0.634328363346514 0.298823535889273 0.512333982449078 0.075846836702159 0.833934600000000 0.110391410079028
0.118577075098814 0.320833333333333 0.000000000000000 0.333333323333334 0.000000000000000 0.030418250549813 0.000612479762400 0.048447198233093 0.001434644538885 0.036664084017477 0.011345219216736 0.067010308048525 0.028838657713526 0.647388068253648 0.285882351259516 0.519924114459779 0.067010308048525 0.851379160000000 0.108705061086712
0.035573122529644 0.345833333333333 0.000000000000000 0.000000000000000 0.000000000000000 0.015209128012549 0.000119508229352 0.016149068388257 0.000141594302347 0.015750064624324 0.000810372769938 0.039764359059173 0.004676539448900 0.725746269151676 0.250588237349481 0.497153716719896 0.039764359059173 0.986111100000000 0.143447459736424
0.549407114624506 0.475000000000000 0.000000000000000 0.000000000000000 0.000000000000000 0.022813685859128 0.000224077994318 0.059627326234328 0.002725022394289 0.027368965991293 0.011345219216736 0.051546390857538 0.017147310143498 0.714552245729143 0.254117645564014 0.502846310604582 0.051546390857538 0.853198650000000 0.135971318133137
0.031620553359684 0.287500000000000 0.000000000000000 0.000000000000000 0.000000000000000 0.100760458967167 0.013866691391427 0.372670769399331 0.051583058349402 0.164730191006358 0.126418158236776 0.209867446171816 0.153546378689123 0.516791035973352 0.387058815370242 0.489563581293635 0.209867446171816 0.514253700000000 0.102853287385849
0.486166007905138 0.375000000000000 0.000000000000000 0.000000000000000 0.500000000000000 0.115969576713556 0.028207674678618 0.144099375646002 0.042916418420111 0.071004390271244 0.042139383890919 0.103092779064118 0.064692124249661 0.611940309785030 0.302352933515571 0.529411781180935 0.103092779064118 0.700087370000000 0.100078861367759
0.588932806324111 0.554166666666667 0.000000000000000 0.000000000000000 0.000000000000000 0.019011410528994 0.000074692649647 0.013664595176112 0.000109535300777 0.017557448723701 0.000810372769938 0.043446242463577 0.006235385698039 0.712686570960960 0.260000003176471 0.495256180301661 0.043446242463577 0.986111100000000 0.139677810811789
0.430830039525692 0.337500000000000 0.000000000000000 0.333333323333334 0.000000000000000 0.064638779509607 0.004063280160981 0.050931678824119 0.002546025154674 0.051897757068869 0.023500811130477 0.083946982445162 0.045206547538377 0.621268658439380 0.297647066484429 0.527514246470480 0.083946982445162 0.759012500000000 0.099384478420818
0.102766798418972 0.395833333333333 0.000000000000000 0.000000000000000 0.000000000000000 0.020912548022958 0.000422013426392 0.028571427293700 0.000430126059448 0.015233669565722 0.002431118382748 0.032400589599407 0.009353078897800 0.740671650506098 0.217647062249135 0.535104378481181 0.032400589599407 0.951719600000000 0.129284730332315
0.494071146245059 0.287500000000000 0.000000000000000 0.000000000000000 0.000000000000000 0.720532330516561 0.534982309494308 0.773912970564412 0.295309627764606 0.479473306877562 0.440032408752289 0.527245975498925 0.466095043925330 0.408582090836628 0.474117636034602 0.459203051543051 0.527245975498925 0.289623770000000 0.102403387269920
0.003952569169960 0.429166666666667 0.000000000000000 0.000000000000000 0.000000000000000 0.028517110318206 0.000123242918554 0.006211180682535 0.000045417045172 0.012135296425571 0.005672609608368 0.025773195097399 0.003897116324330 0.785447766024588 0.200000007411765 0.518026579749324 0.025773195097399 0.881481470000000 0.170757785136307
0.071146245059289 0.329166666666667 0.000000000000000 0.000000000000000 0.000000000000000 0.047528516056326 0.001900927924701 0.024844720941322 0.001528149602472 0.023754197095405 0.006482982305373 0.052282769128993 0.010132501320889 0.707089561768350 0.274117657211073 0.478178381569804 0.052282769128993 0.904321000000000 0.147414081610058
0.229249011857708 0.366666666666667 0.000000000000000 0.000000000000000 0.000000000000000 0.026615973166448 0.000836557736551 0.022360245716755 0.000256472716506 0.014200878751383 0.000810372769938 0.036818849287048 0.003117692849020 0.736940304327940 0.243529410332180 0.497153716719896 0.036818849287048 0.986111100000000 0.150156761625714
0.442687747035573 0.354166666666667 0.000000000000000 0.000000000000000 0.000000000000000 0.032319394887883 0.000511644484967 0.024844720941322 0.000245786127780 0.026594372009121 0.008103728428717 0.056701026828417 0.012470771396079 0.697761201360269 0.282352943044983 0.474383318980013 0.056701026828417 0.872222240000000 0.144030588977321
0.391304347826087 0.433333333333333 0.000000000000000 0.333333323333334 0.000000000000000 0.026615973166448 0.000164323914934 0.016149069059064 0.000237771552310 0.019106636688045 0.002431118382748 0.041237113613865 0.011691347570028 0.712686570960960 0.242352951515571 0.523719178757350 0.041237113613865 0.954365100000000 0.121260965990059
0.462450592885375 0.308333333333333 0.000000000000000 0.000000000000000 0.000000000000000 0.112167302410039 0.004455418997974 0.050931678824119 0.004918397892666 0.057061709746296 0.025931929221491 0.098674521364694 0.042868275358744 0.600746274608766 0.344705874442907 0.472485782561778 0.098674521364694 0.774121300000000 0.120047634112800
0.442687747035573 0.487500000000000 0.000000000000000 0.000000000000000 0.000000000000000 0.007604562979659 0.000074692654689 0.008695651211450 0.000109535221431 0.005163955465963 0.000000000000000 0.014727540907750 0.000000000000000 0.796641792805330 0.178823536948097 0.540796977489207 0.014727540907750 1.000000000000000 0.159448519391460
0.098814229249012 0.454166666666667 0.000000000000000 0.000000000000000 0.000000000000000 0.026615969059983 0.001284713584017 0.018633538469967 0.000761403291432 0.009295120814721 0.000810372769938 0.022091310367516 0.003897116324330 0.772388062796558 0.195294122380623 0.538899446194312 0.022091310367516 0.984127000000000 0.145283960101436
0.189723320158103 0.420833333333333 0.000000000000000 0.333333323333334 0.000000000000000 0.045627380615594 0.001389283086812 0.034782605293006 0.001239617845372 0.026594372009121 0.008103728428717 0.047864506790394 0.021823850293878 0.697761201360269 0.240000002117647 0.542694510491882 0.047864506790394 0.867664750000000 0.102147505424814
0.209486166007905 0.479166666666667 0.000000000000000 0.000000000000000 0.000000000000000 0.022813686885744 0.000313709284813 0.011180122858377 0.000120221622612 0.009811515873323 0.000000000000000 0.024300441868185 0.003897116324330 0.763059704067582 0.203529415626298 0.535104378481181 0.024300441868185 1.000000000000000 0.136693501915630
0.098814229249012 0.295833333333333 0.000000000000000 0.000000000000000 0.000000000000000 0.053231932644682 0.000478033179580 0.047204963527642 0.003163163349549 0.038987866661127 0.012965964610745 0.067746684331762 0.033515197162426 0.641791042269993 0.278823534830450 0.537001913191636 0.067746684331762 0.843607000000000 0.099416929516908
0.122529644268775 0.350000000000000 0.000000000000000 0.000000000000000 0.000000000000000 0.043726231486648 0.001049431774181 0.049689439646619 0.002233448603596 0.021946810904626 0.005672609608368 0.049337262007826 0.008573655071749 0.714552245729143 0.268235299598616 0.480075917988039 0.049337262007826 0.919597100000000 0.149784875086363
0.177865612648221 0.320833333333333 0.000000000000000 0.000000000000000 0.000000000000000 0.051330800626003 0.001378079906554 0.034782609765055 0.000919026891943 0.022979603810367 0.004862236911363 0.050810013248822 0.010911925146939 0.701492540822009 0.270588238408304 0.489563581293635 0.050810013248822 0.929573540000000 0.138942179886012
0.264822134387352 0.408333333333333 0.000000000000000 0.000000000000000 0.000000000000000 0.051330800626003 0.003260334082740 0.024844716469272 0.001367854125758 0.013684482995646 0.002431118382748 0.031664211327951 0.005455962573470 0.751865673928631 0.221176481051903 0.518026579749324 0.031664211327951 0.969135800000000 0.150695990392595
0.039525691699605 0.445833333333333 0.000000000000000 0.000000000000000 0.000000000000000 0.009505703211265 0.000153119927996 0.008695652553065 0.000045417023532 0.004905757936662 0.000000000000000 0.013254786353058 0.000779423194718 0.798507464215304 0.172941180394464 0.548387111207688 0.013254786353058 1.000000000000000 0.153028843115067
0.106719367588933 0.429166666666667 0.000000000000000 0.000000000000000 0.000000000000000 0.028517110318206 0.000436952001697 0.026086953410748 0.000184339690672 0.012909889013474 0.000810372769938 0.030927837032932 0.005455962573470 0.746268659698708 0.221176481051903 0.523719178757350 0.030927837032932 0.984127000000000 0.137915328492642
0.146245059288538 0.437500000000000 0.000000000000000 0.000000000000000 0.000000000000000 0.032319394887883 0.000242751087405 0.027329190352224 0.000790790900089 0.019623031746647 0.004051864214359 0.037555226895764 0.015588464595839 0.720149259959066 0.222352939868512 0.548387111207688 0.037555226895764 0.912698400000000 0.104742921594173
0.185770750988142 0.308333333333333 0.000000000000000 0.000000000000000 0.000000000000000 0.106463878977577 0.013564186164137 0.045962731058215 0.004950457666059 0.029950941284305 0.009724473822727 0.058910162305522 0.018706157094118 0.684701496453135 0.277647065425605 0.495256180301661 0.058910162305522 0.885824500000000 0.129708844165992
0.067193675889328 0.329166666666667 0.000000000000000 0.000000000000000 0.000000000000000 0.036121672613454 0.000377197962647 0.014906832117588 0.000160295466544 0.019623031746647 0.004051864214359 0.045655375952464 0.007014808822609 0.720149259959066 0.261176472581315 0.485768511872725 0.045655375952464 0.926146400000000 0.147709146516867
0.086956521739130 0.425000000000000 0.000000000000000 0.000000000000000 0.000000000000000 0.020912544600905 0.000287566853655 0.014906829881563 0.000352649915976 0.009811515873323 0.000810372769938 0.022827687313493 0.004676539448900 0.768656721655714 0.196470591785467 0.540796977489207 0.022827687313493 0.981481500000000 0.135413807295050
0.371541501976285 0.483333333333333 0.000000000000000 0.000000000000000 0.000000000000000 0.007604562979659 0.000074692634522 0.004968943741059 0.000021372727271 0.004389362180925 0.000000000000000 0.012518408744342 0.000000000000000 0.802238810393462 0.171764709930796 0.546489579912793 0.012518408744342 1.000000000000000 0.159448519391460
0.537549407114625 0.391666666666667 0.000000000000000 0.000000000000000 0.500000000000000 0.366920228274230 0.016645270471940 0.698136619991514 0.469173966766653 0.298734841169166 0.260940050736953 0.349042716133706 0.281371768312649 0.477611971625083 0.443529420920415 0.438330190221403 0.349042716133706 0.375780050000000 0.111461389700982
0.063241106719368 0.412500000000000 0.000000000000000 0.333333323333334 0.000000000000000 0.043726238330755 0.001273509597079 0.060869563175804 0.002161315808587 0.027627162823460 0.010534845790396 0.042709868831297 0.028059235290437 0.707089561768350 0.210588242643599 0.580645175839505 0.042709868831297 0.806657850000000 0.071436798720356
0.517786561264822 0.470833333333333 0.000000000000000 0.000000000000000 0.000000000000000 0.007604562637453 0.000074692649647 0.004968943517457 0.000053431797368 0.007487735321076 0.000000000000000 0.021354934084279 0.000000000000000 0.779850748436456 0.200000007411765 0.523719178757350 0.021354934084279 1.000000000000000 0.159448519391460
0.292490118577075 0.462500000000000 0.000000000000000 0.000000000000000 0.000000000000000 0.024714831566020 0.000242751006737 0.018633538469967 0.000280517106540 0.011102504914098 0.000000000000000 0.029455082478239 0.002338269654302 0.753731348696814 0.222352939868512 0.514231515451753 0.029455082478239 1.000000000000000 0.149509368134518
0.185770750988142 0.300000000000000 0.000000000000000 0.000000000000000 0.000000000000000 0.077946778925531 0.004052075165692 0.052173909057521 0.001218244927598 0.043635424279951 0.016207456128099 0.078792341835108 0.032735776843779 0.630597023884774 0.310588251114187 0.497153716719896 0.078792341835108 0.827350260000000 0.117376353223718
0.304347826086957 0.366666666666667 0.000000000000000 0.000000000000000 0.000000000000000 0.055133078351574 0.008085478700405 0.068322971408511 0.010656974920337 0.028918151167100 0.008103728428717 0.059646538588759 0.016367888421890 0.680970156991395 0.285882351259516 0.485768511872725 0.059646538588759 0.910899940000000 0.132373258785908
0.173913043478261 0.325000000000000 0.000000000000000 0.000000000000000 0.000000000000000 0.026615968033367 0.000343586344672 0.017391302199298 0.000341963507581 0.016008263547894 0.000810372769938 0.042709868831297 0.002338269654302 0.723880606137224 0.263529421979239 0.478178381569804 0.042709868831297 0.986111100000000 0.154494481005322
0.015810276679842 0.445833333333333 0.000000000000000 0.000000000000000 0.000000000000000 0.007604562979659 0.000074692654689 0.007453415835192 0.000064118187728 0.006454944506737 0.000000000000000 0.016936671745680 0.001558846389436 0.787313437434562 0.183529417743945 0.542694510491882 0.016936671745680 1.000000000000000 0.146541125300934
0.134387351778656 0.516666666666667 0.000000000000000 0.000000000000000 0.000000000000000 0.007604564006275 0.000119508265653 0.004968944411867 0.000085490922285 0.001549186709502 0.000000000000000 0.004418262338599 0.000000000000000 0.822761195903180 0.145882358671280 0.567362442942221 0.004418262338599 0.333333340000000 0.159448519391460
0.217391304347826 0.400000000000000 0.000000000000000 0.000000000000000 0.500000000000000 0.155893557851061 0.013519370014714 0.151552804002931 0.016724149657696 0.055512524570489 0.033225282035861 0.086156111294874 0.044427123712327 0.662313442891652 0.291764708871972 0.495256180301661 0.086156111294874 0.730592200000000 0.126314624036928
0.284584980237154 0.441666666666667 0.000000000000000 0.000000000000000 0.000000000000000 0.053231932644682 0.000971005115968 0.013664595176112 0.000558362484099 0.009295120814721 0.001620745539876 0.023564064922209 0.001558846389436 0.777985078705586 0.202352944103806 0.521821647462454 0.023564064922209 0.968253970000000 0.159448519391460
0.276679841897233 0.350000000000000 0.000000000000000 0.000000000000000 0.000000000000000 0.072243345226908 0.003659939757092 0.059627321762278 0.002564727278239 0.066356827772481 0.034846028888542 0.102356409408274 0.058456744864949 0.595149265416156 0.320000016941176 0.518026579749324 0.102356409408274 0.698901600000000 0.100587183529415
0.316205533596838 0.479166666666667 0.000000000000000 0.000000000000000 0.500000000000000 0.066539921794445 0.001139063266347 0.023602481763821 0.000205712428114 0.020655822560986 0.004051864214359 0.043446242463577 0.012470771396079 0.712686570960960 0.245882359730104 0.518026579749324 0.043446242463577 0.935706260000000 0.126762039537119
0.209486166007905 0.333333333333333 0.000000000000000 0.000000000000000 0.000000000000000 0.049429654919111 0.001553607354668 0.018633538469967 0.000184339863791 0.022721404886798 0.004051864214359 0.053019145412230 0.008573655071749 0.697761201360269 0.282352943044983 0.474383318980013 0.053019145412230 0.944810750000000 0.143948579870029
0.320158102766798 0.454166666666667 0.000000000000000 0.000000000000000 0.000000000000000 0.193916386437567 0.047325255838754 0.132919252116817 0.043325185688371 0.048541184308015 0.024311183098146 0.084683358728399 0.033515197162426 0.651119407715388 0.316470598138408 0.466793188677092 0.084683358728399 0.822892500000000 0.134982138886494
0.264822134387352 0.383333333333333 0.000000000000000 0.000000000000000 0.000000000000000 0.022813692018824 0.000582602621873 0.024844716469272 0.000694613772753 0.014975470642152 0.000810372769938 0.037555226895764 0.004676539448900 0.731343290098017 0.243529410332180 0.502846310604582 0.037555226895764 0.987654300000000 0.144159637904190
0.494071146245059 0.541666666666667 0.000000000000000 0.000000000000000 0.000000000000000 0.047528512634272 0.001363141694255 0.019875774069828 0.000598436154912 0.022721404886798 0.003241491152686 0.050810013248822 0.011691347570028 0.692164175376615 0.271764707813149 0.497153716719896 0.050810013248822 0.953086440000000 0.132129951110988
0.169960474308300 0.466666666666667 0.000000000000000 0.000000000000000 0.000000000000000 0.036121676035507 0.001004616300353 0.022360249294394 0.000609122577733 0.010327910931926 0.001620745539876 0.024300441868185 0.003897116324330 0.770522393065688 0.201176472581315 0.531309314183610 0.024300441868185 0.961904760000000 0.148139304010447
0.126482213438735 0.441666666666667 0.000000000000000 0.000000000000000 0.000000000000000 0.009505704580087 0.000018673154597 0.002484471870530 0.000021372738091 0.007487735321076 0.000000000000000 0.020618557138302 0.000779423194718 0.779850748436456 0.196470591785467 0.529411781180935 0.020618557138302 1.000000000000000 0.153028843115067
0.019762845849802 0.291666666666667 0.000000000000000 0.000000000000000 0.500000000000000 0.140684412728245 0.008813736843039 0.127950320003086 0.020563232755664 0.087012658001941 0.055915720469333 0.125184100698202 0.076383474625613 0.591417909163372 0.335294108615917 0.497153716719896 0.125184100698202 0.628155800000000 0.110064129107349
0.375494071146245 0.450000000000000 0.000000000000000 0.000000000000000 0.000000000000000 0.011406843442872 0.000089631169493 0.012422358234636 0.000149609094216 0.010069713402625 0.000000000000000 0.027982327260808 0.000779423194718 0.761194030978503 0.220000001058824 0.510436447738623 0.027982327260808 1.000000000000000 0.156204366695371
0.205533596837945 0.516666666666667 0.000000000000000 0.000000000000000 0.000000000000000 0.019011405738120 0.000209139509764 0.007453415835192 0.000064118209368 0.005163955465963 0.000000000000000 0.013991163961773 0.000779423194718 0.796641792805330 0.175294121321799 0.546489579912793 0.013991163961773 0.888888900000000 0.152221225484670
0.549407114624506 0.470833333333333 0.000000000000000 0.000000000000000 0.000000000000000 0.034220533750669 0.000448155988635 0.024844720941322 0.000758731487361 0.017557448723701 0.001620745539876 0.040500735342410 0.008573655071749 0.718283585190883 0.245882359730104 0.512333982449078 0.040500735342410 0.973765430000000 0.130394161623079
0.245059288537549 0.462500000000000 0.000000000000000 0.000000000000000 0.000000000000000 0.000000000000000 0.000000000000000 0.000000000000000 0.000000000011469 0.002323780133967 0.000000000000000 0.006627393176529 0.000000000000000 0.817164181673257 0.152941181453287 0.561669843934195 0.006627393176529 1.000000000000000 0.159448519391460
0.383399209486166 0.400000000000000 0.000000000000000 0.000000000000000 0.000000000000000 0.159695818466365 0.003764509461557 0.088198758000077 0.012356105617413 0.060676482127854 0.035656403044217 0.096465385887589 0.046765390981593 0.641791042269993 0.317647056955017 0.474383318980013 0.096465385887589 0.697225870000000 0.128264761996056
0.213438735177866 0.341666666666667 0.000000000000000 0.333333323333334 0.000000000000000 0.028517114766876 0.000302505025620 0.031055901176652 0.001295721258615 0.020914020787421 0.004051864214359 0.047864506790394 0.008573655071749 0.710820897871881 0.265882360788927 0.487666046583180 0.047864506790394 0.935670200000000 0.144471272511899
0.189723320158103 0.533333333333333 0.000000000000000 0.000000000000000 0.000000000000000 0.005703423090257 0.000078427293474 0.007453416505999 0.000064118187728 0.003098373488718 0.000000000000000 0.008836524677198 0.000000000000000 0.811567165764229 0.160000005294118 0.555977243218389 0.008836524677198 0.777777800000000 0.159448519391460
0.438735177865613 0.379166666666667 0.000000000000000 0.000000000000000 0.000000000000000 0.019011405738120 0.000209139398845 0.034782605293006 0.000341963738407 0.023495998868970 0.004051864214359 0.050810013248822 0.013250193819168 0.692164175376615 0.268235299598616 0.502846310604582 0.050810013248822 0.940740760000000 0.129102060711753
0.086956521739130 0.491666666666667 0.000000000000000 0.000000000000000 0.000000000000000 0.017110266875334 0.000078427298515 0.008695651211450 0.000109535221431 0.003614768895887 0.000000000000000 0.010309278569151 0.000000000000000 0.807835822944280 0.164705888207612 0.552182177213039 0.010309278569151 0.777777800000000 0.159448519391460
0.067193675889328 0.300000000000000 0.000000000000000 0.000000000000000 0.500000000000000 0.211026619092368 0.010072306816128 0.288198742347904 0.020763602913053 0.100180738967645 0.065640195021395 0.150220907583057 0.080280593755866 0.563432863200322 0.395294132968858 0.428842516669127 0.150220907583057 0.664784500000000 0.129262083395624
0.422924901185771 0.200000000000000 0.000000000000000 0.000000000000000 0.000000000000000 0.017110309651002 0.000168058977226 0.023602490707920 0.000205712695005 0.879421677131578 0.850081076580884 0.930780523337404 0.851909529168838 0.350746262015482 0.585882367141868 0.337760929125154 0.930780523337404 0.170091000000000 0.123481725609279
0.268774703557312 0.025000000000000 0.000000000000000 0.000000000000000 0.000000000000000 0.020912576768207 0.000108302356798 0.014906832117588 0.000224411139790 0.908339842241359 0.880875225939021 0.953608247764299 0.885424742465324 0.354477635059311 0.563529437861592 0.370018995293973 0.953608247764299 0.160603600000000 0.118301587191000
0.110671936758893 0.170833333333333 0.000000000000000 0.000000000000000 0.000000000000000 0.013307999415924 0.000018672770415 0.029813664235176 0.000128236962691 0.876839701838566 0.842787721578507 0.929307850299648 0.852689014725206 0.319029876590693 0.590588223584775 0.362428853036593 0.929307850299648 0.175849350000000 0.116790621851474
0.616600790513834 0.191666666666667 0.000000000000000 0.000000000000000 0.000000000000000 0.041825024182796 0.000478032009893 0.027329143395705 0.000598433702392 0.869351959546149 0.833063199619637 0.925625935746495 0.843335889529668 0.305970154892515 0.607058837605536 0.349146116894527 0.925625935746495 0.182073180000000 0.118184675947770
0.782608695652174 0.229166666666667 0.000000000000000 0.000000000000000 0.000000000000000 0.043726265707182 0.001587214878740 0.032298095633659 0.002073153559679 0.854376509818017 0.809562405263877 0.926362371676271 0.819953181762956 0.251865665533109 0.678823545418685 0.288425064224478 0.926362371676271 0.205802810000000 0.123740780375833
0.553359683794466 0.083333333333333 0.000000000000000 0.000000000000000 0.000000000000000 0.049429648075004 0.000388399267373 0.027329201532348 0.000854908427152 0.884069190830959 0.854132936419230 0.935935243476176 0.856586126840651 0.345149286404961 0.589411743591696 0.337760929125154 0.935935243476176 0.170717880000000 0.123124310277806
0.245059288537549 0.008333333333333 0.000000000000000 0.000000000000000 0.000000000000000 0.020912664372773 0.000197933223786 0.026086953410748 0.000729344816432 0.922024304322984 0.895461935943776 0.963917489220048 0.901792676483471 0.356343287999137 0.550588253231834 0.388994325320726 0.963917489220048 0.155824620000000 0.114787148593703
0.486166007905138 0.075000000000000 0.000000000000000 0.000000000000000 0.000000000000000 0.034220578237363 0.000717045887220 0.023602434807302 0.000654546305372 0.895429896062894 0.869529974631523 0.946980854587770 0.864380315997496 0.369403009697315 0.590588223584775 0.311195456841021 0.946980854587770 0.165616140000000 0.129778715589646
0.652173913043478 0.183333333333333 0.000000000000000 0.000000000000000 0.000000000000000 0.047528488679899 0.000825359698882 0.026086982479069 0.000504931697242 0.865220813020010 0.830632069129920 0.923416826778963 0.835541700372823 0.319029876590693 0.615294134027682 0.322580661688192 0.923416826778963 0.182623040000000 0.123558597605653
0.328063241106719 0.120833333333333 0.000000000000000 0.000000000000000 0.000000000000000 0.039923868209744 0.000168058331881 0.027329172464027 0.001528145418762 0.888200407070501 0.856563993975397 0.942562636652705 0.859703823547815 0.332089547915739 0.602352928221453 0.330170803945573 0.942562636652705 0.174208640000000 0.123460002009517
0.909090909090909 0.158333333333333 0.000000000000000 0.000000000000000 0.000000000000000 0.019011422848387 0.000388402615097 0.014906888018206 0.000192355297643 0.841466598496254 0.788492741397834 0.923416826778963 0.804364726286369 0.199626845904573 0.723529425155709 0.269449751275524 0.923416826778963 0.223878960000000 0.122333480591584
0.640316205533597 0.133333333333333 0.000000000000000 0.000000000000000 0.000000000000000 0.028517154804900 0.000436951487438 0.018633567538288 0.000440812482268 0.881745433981268 0.855753673061213 0.931516959267180 0.852689014725206 0.373134332368011 0.578823508359862 0.326375724277983 0.931516959267180 0.165192100000000 0.128254588501887
0.675889328063241 0.204166666666667 0.000000000000000 0.000000000000000 0.000000000000000 0.028517110318206 0.000392133764988 0.023602490707920 0.000237770001451 0.862122393869013 0.831442470271009 0.916789433602434 0.832423961576805 0.347014939344787 0.597647061190311 0.322580661688192 0.916789433602434 0.175843750000000 0.126041971035592
0.031620553359684 0.254166666666667 0.000000000000000 0.000000000000000 0.000000000000000 0.026615957767207 0.000567662150869 0.033540341519233 0.000536991225382 0.874515875275473 0.832252871412098 0.935198807546401 0.849571318018041 0.263059717500417 0.629411766885813 0.356736259151907 0.935198807546401 0.191289620000000 0.113818652094283
0.292490118577075 0.158333333333333 0.000000000000000 0.000000000000000 0.000000000000000 0.028517199291594 0.000392135811940 0.026086982479069 0.000504931697242 0.888200407070501 0.853322535278141 0.948453593899458 0.856586126840651 0.309701527936344 0.630588225702422 0.307400394251230 0.948453593899458 0.182398160000000 0.125294420669451
0.754940711462451 0.120833333333333 0.000000000000000 0.000000000000000 0.000000000000000 0.041825068669490 0.000209139903021 0.029813635166855 0.000352651531753 0.868835557516206 0.834683928968265 0.931516959267180 0.833982799408175 0.320895546321563 0.637647084484429 0.284630018712486 0.931516959267180 0.185748740000000 0.129931267638358
0.790513833992095 0.120833333333333 0.000000000000000 0.000000000000000 0.000000000000000 0.036121686301667 0.000601274575525 0.033540341519233 0.001114051998531 0.862897021313618 0.826580253051704 0.925625935746495 0.830085729381583 0.307835824623385 0.636470604491349 0.299810251993850 0.925625935746495 0.188503410000000 0.126241059265556
0.940711462450593 0.087500000000000 0.000000000000000 0.000000000000000 0.000000000000000 0.026615998831848 0.000209139903021 0.033540399655876 0.000857579726292 0.846630514225578 0.803889779610128 0.915316628016814 0.813717823422671 0.268656709901983 0.661176472581315 0.299810251993850 0.915316628016814 0.201897700000000 0.123355228449925
0.513833992094862 0.016666666666667 0.000000000000000 0.333333323333334 0.000000000000000 0.030418309409131 0.001060630013520 0.042236002345590 0.001560216012095 0.907307038181473 0.872771462502200 0.963181185838136 0.879968764459275 0.305970154892515 0.614117664622837 0.337760929125154 0.963181185838136 0.176493900000000 0.120739784263166
0.375494071146245 0.008333333333333 0.000000000000000 0.000000000000000 0.000000000000000 0.028517024766872 0.000481769482143 0.012422397365068 0.000149607904023 0.918667673700005 0.890599711431116 0.959499205011051 0.901013190927102 0.347014939344787 0.544705885031142 0.407969655347479 0.959499205011051 0.156568300000000 0.110451930617777
0.699604743083004 0.133333333333333 0.000000000000000 0.000000000000000 0.000000000000000 0.039923912696437 0.001109186337573 0.024844709761198 0.000534315309734 0.873224922485668 0.843598042492691 0.929307850299648 0.840997608230784 0.350746262015482 0.607058837605536 0.303605348739238 0.929307850299648 0.174947530000000 0.129858374384753
0.359683794466403 0.187500000000000 0.000000000000000 0.000000000000000 0.000000000000000 0.015209068126615 0.000029876833988 0.018633538469967 0.000408754079402 0.878388873071693 0.845218779134674 0.932253328923024 0.851909529168838 0.324626868992259 0.597647061190311 0.345351054304736 0.932253328923024 0.176060530000000 0.120435435623229
0.450592885375494 0.266666666666667 0.000000000000000 0.000000000000000 0.000000000000000 0.032319422264310 0.000780541129417 0.023602551080587 0.000430125806982 0.878905240244934 0.845218779134674 0.935935243476176 0.849571318018041 0.320895546321563 0.612941163453287 0.324478192983088 0.935935243476176 0.179353190000000 0.123285810300764
0.411067193675889 0.212500000000000 0.000000000000000 0.000000000000000 0.000000000000000 0.028517154804900 0.000168057948708 0.026086982479069 0.000601108211448 0.881745433981268 0.857374431583261 0.930044219955492 0.852689014725206 0.384328350753230 0.571764723695502 0.326375724277983 0.930044219955492 0.162225280000000 0.129057304052585
0.450592885375494 0.116666666666667 0.000000000000000 0.000000000000000 0.000000000000000 0.024714842858796 0.000063488314828 0.027329087495088 0.000341963911526 0.885876580507408 0.848460318058836 0.944035309690462 0.858924337991447 0.292910500358514 0.619999990470588 0.341555991714945 0.944035309690462 0.183241980000000 0.118883927398521
0.363636363636364 0.145833333333333 0.000000000000000 0.000000000000000 0.000000000000000 0.072243376025388 0.001643239250174 0.039751568711083 0.001303736454429 0.878647091515015 0.846029180275763 0.934462437890556 0.849571318018041 0.328358242036087 0.607058837605536 0.326375724277983 0.934462437890556 0.177194950000000 0.124186953568156
0.561264822134387 0.054166666666667 0.000000000000000 0.000000000000000 0.000000000000000 0.043726221220488 0.000914983124242 0.019875756628835 0.000822855722787 0.889749578303628 0.858184752497445 0.938880722099553 0.866718632370424 0.332089547915739 0.577647049543253 0.370018995293973 0.938880722099553 0.169396920000000 0.116663302082855
0.549407114624506 0.058333333333333 0.000000000000000 0.000000000000000 0.000000000000000 0.034220490975002 0.001478917503194 0.024844709761198 0.000085490207448 0.892331553596640 0.858995160931890 0.943299006308549 0.869056843521221 0.319029876590693 0.587058825958477 0.368121463999078 0.943299006308549 0.172503640000000 0.115773574617501
0.260869565217391 0.250000000000000 0.000000000000000 0.000000000000000 0.000000000000000 0.057034220636412 0.000896314014139 0.033540341519233 0.000216397718447 0.878130654628370 0.842787721578507 0.933726068234712 0.851909529168838 0.309701527936344 0.605882378788927 0.347248602677430 0.933726068234712 0.179672180000000 0.118257149502770
0.806324110671937 0.150000000000000 0.000000000000000 0.000000000000000 0.000000000000000 0.041825113156183 0.000612481527014 0.034782645541451 0.000598435217184 0.863413388486860 0.832252871412098 0.926362371676271 0.825409152754196 0.343283616674091 0.637647084484429 0.261859609018143 0.926362371676271 0.183540280000000 0.135022883227005
0.988142292490119 0.054166666666667 0.000000000000000 0.000000000000000 0.000000000000000 0.039923953761078 0.000974736981788 0.036024804222062 0.000301890125300 0.847921536728785 0.807941675915249 0.913107585323214 0.816056111736364 0.287313424001727 0.644705869148789 0.307400394251230 0.913107585323214 0.195976530000000 0.123603052081827
0.833992094861660 0.154166666666667 0.000000000000000 0.000000000000000 0.000000000000000 0.019011378361693 0.000253955487767 0.012422340346438 0.000053431635068 0.853085487314810 0.818476489614882 0.915316628016814 0.819173801428720 0.322761199261389 0.631764684519031 0.292220109736470 0.915316628016814 0.187362460000000 0.128523598519337
0.881422924901186 0.216666666666667 0.000000000000000 0.000000000000000 0.000000000000000 0.026615911911692 0.000298767926460 0.014906859844294 0.000128236089883 0.838110002729977 0.790923798954002 0.911634779737594 0.804364726286369 0.240671680729978 0.682352943044983 0.294117675186963 0.911634779737594 0.211484040000000 0.122264968991408
0.359683794466403 0.237500000000000 0.000000000000000 0.000000000000000 0.000000000000000 0.036121734210415 0.000153120119582 0.017391321652713 0.000470199946660 0.876839701838566 0.843598042492691 0.934462437890556 0.846453579222024 0.324626868992259 0.615294134027682 0.316888067803506 0.934462437890556 0.179628710000000 0.124827917276734
0.577075098814229 0.166666666666667 0.000000000000000 0.333333323333334 0.000000000000000 0.039923912696437 0.001109180892479 0.033540314686937 0.001402578562060 0.880712671749424 0.853322535278141 0.929307850299648 0.854247845541766 0.363805983713661 0.572941193100346 0.345351054304736 0.929307850299648 0.165549500000000 0.123809090520679
0.474308300395257 0.212500000000000 0.000000000000000 0.000000000000000 0.000000000000000 0.019011422848387 0.000209139570265 0.024844738829519 0.000406081409736 0.874257726545553 0.848460318058836 0.919734978499743 0.849571318018041 0.376865705411839 0.556470579079585 0.358633790446802 0.919734978499743 0.161657990000000 0.122252008698505
0.007905138339921 0.041666666666667 0.000000000000000 0.000000000000000 0.000000000000000 0.015209154704565 0.000612479611148 0.027329172464027 0.000085490391387 0.907307038181473 0.880875225939021 0.949190029829234 0.886983573281884 0.361940330773835 0.547058802664360 0.388994325320726 0.949190029829234 0.156679910000000 0.115332689627594
0.138339920948617 0.041666666666667 0.000000000000000 0.000000000000000 0.000000000000000 0.034220446146102 0.000806674455168 0.029813664235176 0.000352649699577 0.905241430061702 0.880064817504577 0.944771745620238 0.886204199962457 0.371268679428185 0.535294108615917 0.398481998873002 0.944771745620238 0.153496940000000 0.114039010649516
0.308300395256917 0.150000000000000 0.000000000000000 0.333333323333334 0.000000000000000 0.022813775859131 0.000358526049330 0.022360276126691 0.000833537961897 0.880970848364705 0.846029180275763 0.938880722099553 0.851909529168838 0.311567197667214 0.617647072837370 0.326375724277983 0.938880722099553 0.181012380000000 0.122280497839769
0.328063241106719 0.225000000000000 0.000000000000000 0.000000000000000 0.000000000000000 0.024714801794155 0.000377195351019 0.044720494116739 0.000512943762486 0.876065074393961 0.841166963056458 0.938880722099553 0.841777058713108 0.313432850607039 0.640000002117647 0.288425064224478 0.938880722099553 0.185657860000000 0.129339610121821
0.118577075098814 0.129166666666667 0.000000000000000 0.333333323333334 0.000000000000000 0.043726221220488 0.000690905745018 0.021118001172795 0.000558361257839 0.885618431777488 0.853322535278141 0.939617158029329 0.858144964672020 0.328358242036087 0.599999978823530 0.337760929125154 0.939617158029329 0.174633550000000 0.122510962737395
0.225296442687747 0.033333333333333 0.000000000000000 0.000000000000000 0.000000000000000 0.055133023598720 0.000422009947582 0.033540314686937 0.000921695450031 0.905757797234943 0.882495955287650 0.945508115276082 0.884645362131088 0.384328350753230 0.536470567432526 0.383301714358241 0.945508115276082 0.151811880000000 0.118088178844655
0.802371541501976 0.004166666666667 0.000000000000000 0.000000000000000 0.000000000000000 0.026615957767207 0.000522848895412 0.039751568711083 0.000566375551991 0.888458555800420 0.842787721578507 0.948453593899458 0.867498005689852 0.235074621164235 0.629411766885813 0.385199262730935 0.948453593899458 0.192519620000000 0.107654035053731
0.197628458498024 0.016666666666667 0.000000000000000 0.000000000000000 0.000000000000000 0.024714974265645 0.000287566188144 0.027329172464027 0.000566376670051 0.921766155593065 0.897082665292404 0.963181185838136 0.900233845666910 0.369403009697315 0.548235282657439 0.379506651768450 0.963181185838136 0.153615860000000 0.118041793754902
0.102766798418972 0.212500000000000 0.000000000000000 0.000000000000000 0.000000000000000 0.038022845696773 0.000567665579261 0.037267135076575 0.000961774386549 0.873741331486951 0.844408450927135 0.924153130160875 0.847233036719157 0.352611965328441 0.579999988352941 0.345351054304736 0.924153130160875 0.169635420000000 0.122542507284499
0.739130434782609 0.100000000000000 0.000000000000000 0.000000000000000 0.000000000000000 0.041825113156183 0.001060633845253 0.024844765661816 0.000406081647774 0.868319190342965 0.834683928968265 0.928571414369872 0.835541700372823 0.324626868992259 0.625882369259515 0.299810251993850 0.928571414369872 0.183109000000000 0.127798627938111
0.660079051383399 0.008333333333333 0.000000000000000 0.333333323333334 0.000000000000000 0.045627291642206 0.000448156734815 0.029813664235176 0.000288533232868 0.909114427857922 0.872771462502200 0.963917489220048 0.884645362131088 0.292910500358514 0.609411755238754 0.358633790446802 0.963917489220048 0.177190910000000 0.115657418831759
0.644268774703557 0.158333333333333 0.000000000000000 0.000000000000000 0.000000000000000 0.039923912696437 0.000436953413388 0.033540341519233 0.000216399204386 0.879679895574900 0.848460318058836 0.939617158029329 0.844894720346228 0.337686590690437 0.627058849252595 0.284630018712486 0.939617158029329 0.179413100000000 0.131019395027965
0.304347826086957 0.254166666666667 0.000000000000000 0.000000000000000 0.000000000000000 0.038022845696773 0.001015822132573 0.023602551080587 0.000526304514030 0.875290530605439 0.841166963056458 0.931516959267180 0.847233036719157 0.319029876590693 0.608235296422145 0.333965866535363 0.931516959267180 0.179330260000000 0.121433159933456
0.197628458498024 0.187500000000000 0.000000000000000 0.000000000000000 0.000000000000000 0.030418179028897 0.000164323834266 0.016149048934842 0.000077476479539 0.881487215537946 0.847649909624391 0.938880722099553 0.851909529168838 0.319029876590693 0.615294134027682 0.322580661688192 0.938880722099553 0.179482680000000 0.123646331401908
0.403162055335968 0.116666666666667 0.000000000000000 0.000000000000000 0.000000000000000 0.017110180297384 0.000302502141737 0.024844709761198 0.000309902940727 0.888974992687064 0.850081076580884 0.946980854587770 0.863600935663260 0.281716414809117 0.619999990470588 0.352941196562116 0.946980854587770 0.184263410000000 0.116040637233427
0.399209486166008 0.258333333333333 0.000000000000000 0.000000000000000 0.000000000000000 0.013307999415924 0.000063490069358 0.036024833290383 0.000878952860465 0.875032312162117 0.841977283970643 0.931516959267180 0.845674205902597 0.326492572305217 0.609411755238754 0.324478192983088 0.931516959267180 0.178635570000000 0.123690030420594
0.438735177865613 0.100000000000000 0.000000000000000 0.000000000000000 0.000000000000000 0.038022801210079 0.001239900358812 0.032298126938005 0.000598437258546 0.889233211130386 0.856563993975397 0.944771745620238 0.860483196867242 0.324626868992259 0.608235296422145 0.328273255572879 0.944771745620238 0.176083160000000 0.123076800395793
0.470355731225296 0.025000000000000 0.000000000000000 0.000000000000000 0.000000000000000 0.047528447615258 0.000556459273116 0.042236031413911 0.000822845624176 0.903175891655334 0.866288515934267 0.951399138796766 0.886204199962457 0.291044813836600 0.576470590726644 0.413662249232165 0.951399138796766 0.172627670000000 0.105966695572709
0.810276679841897 0.191666666666667 0.000000000000000 0.000000000000000 0.000000000000000 0.036121734210415 0.000197936309339 0.019875784355541 0.000245788190782 0.852827310699529 0.811993543046949 0.921207651537499 0.818394343931587 0.279850761869291 0.661176472581315 0.288425064224478 0.921207651537499 0.198923810000000 0.125406211589708
0.083003952569170 0.191666666666667 0.000000000000000 0.000000000000000 0.000000000000000 0.030418223857796 0.000746927605659 0.014906803049267 0.000352650161228 0.879163493544957 0.844408450927135 0.930780523337404 0.856586126840651 0.313432850607039 0.587058825958477 0.373814057883764 0.930780523337404 0.175605090000000 0.114436918502337
0.363636363636364 0.075000000000000 0.000000000000000 0.000000000000000 0.000000000000000 0.041825154220824 0.001239904694720 0.031055936953047 0.001135431552536 0.895688114506216 0.867909245282895 0.946244418657994 0.867498005689852 0.356343287999137 0.585882367141868 0.332068318162669 0.946244418657994 0.166484340000000 0.125307666357405
0.853754940711462 0.141666666666667 0.000000000000000 0.333333323333334 0.000000000000000 0.030418223857796 0.000209139650933 0.034782645541451 0.000598435217184 0.847146951112222 0.810372806404966 0.910162040425905 0.814497273904995 0.309701527936344 0.634117633916955 0.301707817444343 0.910162040425905 0.190912430000000 0.126162592414485
0.276679841897233 0.704166666666667 0.000000000000000 0.333333323333334 0.000000000000000 0.041825089201810 0.000567663663395 0.067080741175109 0.001346480053856 0.155693270509474 0.133711513239153 0.142120768467446 0.190958676041818 0.632462693615644 0.103529416685121 0.829222029759226 0.180412361705358 0.327382600000000 0.923002144408049
0.754940711462451 0.608333333333333 0.000000000000000 0.000000000000000 0.000000000000000 0.036121686301667 0.000511644837889 0.017391307565757 0.000117549905101 0.127807909459579 0.101296598065613 0.114138443194857 0.167575996334341 0.610074640054160 0.096470593903114 0.863377610145141 0.158321066580846 0.418184070000000 0.920447791550141
0.363636363636364 0.937500000000000 0.000000000000000 0.333333323333334 0.000000000000000 0.060836501784036 0.002718812618582 0.044720491880715 0.000673240782845 0.087270848559902 0.069692054859741 0.071428572375342 0.120810601845344 0.684701496453135 0.076470592844291 0.819734356206950 0.114138443194857 0.447246580000000 0.891670250193250
0.316205533596838 0.908333333333333 0.000000000000000 0.333333323333334 0.000000000000000 0.083650192091833 0.000791742091303 0.045962724350141 0.002321611645966 0.076168347828609 0.054294977992666 0.070692196092105 0.102883865069872 0.658582086638867 0.123529416685121 0.770398491306273 0.097201768798220 0.496141970000000 0.940398987317631
0.075098814229249 0.662500000000000 0.000000000000000 0.000000000000000 0.000000000000000 0.026615968033367 0.000791741183788 0.024844700817099 0.000406081214977 0.136328427926520 0.110210697003328 0.125184100698202 0.173031946281155 0.610074640054160 0.110588240525952 0.840607217528598 0.163475693936114 0.387466880000000 0.931490179346447
0.889328063241107 0.925000000000000 0.000000000000000 0.000000000000000 0.000000000000000 0.095057025268545 0.001329530741791 0.039751555294934 0.000790790683690 0.081590502915275 0.060777963215381 0.072901324941816 0.110678096315570 0.664179112622521 0.109411769003460 0.787476290038131 0.104565538257986 0.473944130000000 0.926827159972572
0.909090909090909 0.925000000000000 0.000000000000000 0.000000000000000 0.000000000000000 0.049429651497058 0.000746926698143 0.026086948938699 0.000248457881358 0.087787243618505 0.064829823053726 0.078792341835108 0.119251749984357 0.647388068253648 0.109411769003460 0.804554088769988 0.112665684000989 0.478221630000000 0.929339509394156
0.418972332015810 0.829166666666667 0.000000000000000 0.000000000000000 0.000000000000000 0.032319394887883 0.000601275825880 0.040993790000386 0.000472871065467 0.105344696525010 0.081847648961488 0.094256257037877 0.139516761043905 0.638059702808253 0.103529416685121 0.823529418796741 0.131811493874731 0.435769140000000 0.924306332639180
0.549407114624506 0.708333333333333 0.000000000000000 0.333333323333334 0.000000000000000 0.028517110318206 0.000481767556193 0.028571425057675 0.001231602361027 0.134521052192751 0.112641820199691 0.122238588937860 0.168355411742622 0.639925389330168 0.104705887148789 0.819734356206950 0.159057436236690 0.357668100000000 0.923781205745405
0.450592885375494 0.716666666666667 0.000000000000000 0.000000000000000 0.000000000000000 0.026615977272912 0.000388401556329 0.044720485172641 0.001057949378750 0.126258710341091 0.102106970033282 0.114874819478094 0.161340602920012 0.626865684423034 0.107058829134948 0.829222029759226 0.152430043060162 0.392364230000000 0.927932343913459
0.976284584980237 0.575000000000000 0.000000000000000 0.000000000000000 0.000000000000000 0.039923967449291 0.000795477294764 0.023602477291772 0.000462185039378 0.132455464987001 0.105348465197313 0.131075117591494 0.159781765088643 0.604477614070506 0.156470592844291 0.772296022601169 0.150957297121080 0.363716780000000 0.971320550600920
0.403162055335968 0.854166666666667 0.000000000000000 0.000000000000000 0.000000000000000 0.030418250549813 0.000657295155560 0.048447193761044 0.000825521251292 0.101471726614151 0.079416533058481 0.090574375621691 0.134060783037856 0.649253737984518 0.103529416685121 0.812144231027368 0.126656840009891 0.431695760000000 0.921947189996131
0.138339920948617 0.966666666666667 0.000000000000000 0.333333323333334 0.000000000000000 0.064638789775767 0.001867315661381 0.044720494116739 0.000512944844480 0.092951201175870 0.072123178056104 0.080265094401583 0.126266558806966 0.660447773160782 0.092941181453287 0.817836824912054 0.119293077177518 0.452228600000000 0.908645060974233
0.581027667984190 0.658333333333333 0.000000000000000 0.333333323333334 0.000000000000000 0.036121665769347 0.000780537499355 0.040993778820262 0.001883470185776 0.136586625455821 0.110210697003328 0.123711348131728 0.175370220565231 0.608208953532245 0.102352947280277 0.855787467887761 0.165684829413219 0.396121300000000 0.925339244480397
0.822134387351779 0.991666666666667 0.000000000000000 0.000000000000000 0.000000000000000 0.083650192091833 0.003659940765443 0.062111802353304 0.003034926708499 0.073328168034955 0.055105347042993 0.053755528322861 0.111457518738659 0.684701496453135 0.055294122380623 0.853889936592866 0.105301914541223 0.533306900000000 0.873133321206842
0.675889328063241 0.862500000000000 0.000000000000000 0.000000000000000 0.000000000000000 0.087452476661510 0.002449919251271 0.036024835526408 0.001744548131766 0.104053708878504 0.086709888060858 0.091310751904928 0.134060783037856 0.680970156991395 0.095294123439446 0.793168883922817 0.126656840009891 0.386455660000000 0.907610168155603
0.347826086956522 0.875000000000000 0.000000000000000 0.000000000000000 0.000000000000000 0.047528516056326 0.001497587218307 0.032298135882103 0.001143441410512 0.098115158733235 0.077795789123143 0.082474229878688 0.134060783037856 0.662313442891652 0.080000004235294 0.836812154938807 0.126656840009891 0.446011540000000 0.900066656532344
0.707509881422925 0.887500000000000 0.000000000000000 0.000000000000000 0.000000000000000 0.127376433844642 0.003738366153134 0.080745327407123 0.004052805073885 0.105861091583612 0.085089144125520 0.088365240144586 0.144193288567629 0.656716433699042 0.072941184629758 0.853889936592866 0.136229744946762 0.443374600000000 0.896884216319040
0.596837944664032 0.870833333333333 0.000000000000000 0.000000000000000 0.000000000000000 0.032319400363169 0.000690907217210 0.032298142590177 0.001560209231599 0.101988128644094 0.084278764864496 0.086892487578111 0.134840205460944 0.679104487260526 0.083529419861592 0.814041762322264 0.127393216293128 0.416705070000000 0.898332898385680
0.486166007905138 0.716666666666667 0.000000000000000 0.000000000000000 0.000000000000000 0.060836505206090 0.000433217231827 0.050931665407971 0.003026911656951 0.126775105399693 0.103727713968620 0.113402053656833 0.162899440751381 0.634328363346514 0.097647063307958 0.836812154938807 0.153902788999243 0.389882270000000 0.918669411047861
0.786561264822134 0.641666666666667 0.000000000000000 0.333333323333334 0.000000000000000 0.077946778925531 0.004007262343827 0.039751546350836 0.000662554475437 0.120836569197105 0.094003243063235 0.108983802584803 0.159002328635937 0.610074640054160 0.103529416685121 0.851992422375769 0.150220907583057 0.430819540000000 0.925917605945148
0.225296442687747 0.920833333333333 0.000000000000000 0.000000000000000 0.000000000000000 0.085551351486939 0.001467709180348 0.057142854587400 0.000598435794247 0.102504523702696 0.081847648961488 0.089837992711060 0.135619641913651 0.658582086638867 0.095294123439446 0.815939293617159 0.128129605831152 0.423483160000000 0.914443700831784
0.909090909090909 0.779166666666667 0.000000000000000 0.333333323333334 0.000000000000000 0.034220523484509 0.000134446774407 0.024844716469272 0.000886968128411 0.110250456553074 0.090761755192559 0.094256257037877 0.145752147443425 0.664179112622521 0.081176476816609 0.833017092349016 0.137702510768023 0.400903250000000 0.901355668461941
0.731225296442688 0.862500000000000 0.000000000000000 0.000000000000000 0.000000000000000 0.039923953761078 0.000750660923504 0.026086951174724 0.000472871152027 0.095533183440223 0.077795789123143 0.083946982445162 0.124707720975597 0.680970156991395 0.098823533771626 0.787476290038131 0.117820331238436 0.401346830000000 0.911057992190416
0.984189723320158 0.670833333333333 0.000000000000000 0.000000000000000 0.000000000000000 0.032319384621723 0.000511644333714 0.029813664235176 0.000512944700214 0.112057839258182 0.089951375931535 0.099410897647932 0.146531569866514 0.645522398522778 0.097647063307958 0.825426967169435 0.138438887051260 0.409835460000000 0.916936828057288
0.446640316205534 0.708333333333333 0.000000000000000 0.000000000000000 0.000000000000000 0.038022801210079 0.000388402221840 0.019875770044983 0.000790790755823 0.138910410190873 0.115883308070367 0.124447724414965 0.176149635973511 0.630597023884774 0.095294123439446 0.844402280118389 0.166421199069063 0.366580520000000 0.917460830158803
0.189723320158103 0.570833333333333 0.000000000000000 0.000000000000000 0.000000000000000 0.026615968033367 0.000253954166828 0.149068309995757 0.024108433996425 0.111283246670279 0.087520260028527 0.111929314345145 0.133281367629575 0.634328363346514 0.161176474698962 0.734345362547663 0.128865982114389 0.403708100000000 1.000000000000000
0.094861660079051 0.783333333333333 0.000000000000000 0.000000000000000 0.000000000000000 0.038022818320346 0.000612479157390 0.023602488471895 0.000333948542593 0.122127549872271 0.095623986998574 0.118556707521674 0.151208097390239 0.611940309785030 0.143529417743945 0.785578758743235 0.142857138123291 0.393002150000000 0.962668849994766
0.513833992094862 0.820833333333333 0.000000000000000 0.000000000000000 0.000000000000000 0.047528522900433 0.000422013517144 0.013664592940087 0.000173653289491 0.112832424874746 0.093192871095566 0.099410897647932 0.145752147443425 0.662313442891652 0.094117651916955 0.814041762322264 0.137702510768023 0.383167500000000 0.912621319127823
0.849802371541502 0.658333333333333 0.000000000000000 0.000000000000000 0.000000000000000 0.028517110318206 0.000392136316116 0.043478254939239 0.000301889396757 0.115672604668400 0.093192871095566 0.103829161974748 0.149649259558870 0.641791042269993 0.102352947280277 0.821631887501845 0.141384392184209 0.400756450000000 0.921650597386402
0.731225296442688 0.675000000000000 0.000000000000000 0.000000000000000 0.000000000000000 0.049429661763218 0.000836558593649 0.047204972471741 0.001431972518416 0.119545574579259 0.098865474869250 0.103092779064118 0.156664068381479 0.652985077446258 0.081176476816609 0.844402280118389 0.148011785360738 0.396433260000000 0.902673337412244
0.019762845849802 0.679166666666667 0.000000000000000 0.000000000000000 0.000000000000000 0.064638782931660 0.001015818704181 0.064596262820108 0.002906690355980 0.132971860045604 0.110210697003328 0.117820331238436 0.170693686026697 0.634328363346514 0.090588241584775 0.848197359785978 0.161266571713795 0.381867440000000 0.913128751528437
0.948616600790514 0.862500000000000 0.000000000000000 0.000000000000000 0.000000000000000 0.060836501784036 0.003525493123855 0.037267072467884 0.000737358930251 0.058869099422745 0.039708267987911 0.048600884399110 0.088074817986755 0.682835826722265 0.096470593903114 0.789373821333026 0.083210599534532 0.569265900000000 0.907491981028616
0.624505928853755 0.829166666666667 0.000000000000000 0.000000000000000 0.000000000000000 0.051330797203950 0.001378078293193 0.034782605293006 0.001560208943067 0.090369225882858 0.068881690185427 0.079528718118345 0.122369446691522 0.656716433699042 0.101176476816609 0.808349168437578 0.115611195761331 0.460436500000000 0.918791543341729
0.031620553359684 0.937500000000000 0.000000000000000 0.000000000000000 0.000000000000000 0.062737650912982 0.003484412510648 0.068322971408511 0.003988685815632 0.077201137945814 0.068881690185427 0.062592050349101 0.100545590785796 0.751865673928631 0.080000004235294 0.745730567394834 0.094992633321115 0.376553540000000 0.860785821842475
0.616600790513834 0.720833333333333 0.000000000000000 0.000000000000000 0.000000000000000 0.043726234908702 0.000780538548039 0.029813664235176 0.000609122866265 0.135553842309956 0.111021068970997 0.120765823116599 0.174590805156951 0.621268658439380 0.092941181453287 0.857685033338254 0.164948459757375 0.388210300000000 0.917229542651913
0.375494071146245 0.937500000000000 0.000000000000000 0.000000000000000 0.000000000000000 0.058935362921251 0.003872814097228 0.038509316117434 0.000814835117003 0.097340566145331 0.078606161090812 0.082474229878688 0.130943107375117 0.673507478067916 0.083529419861592 0.819734356206950 0.123711348131728 0.424235140000000 0.900640451676280
0.363636363636364 0.916666666666667 0.000000000000000 0.000000000000000 0.000000000000000 0.083650192091833 0.002449919251271 0.059627326234328 0.002276195449006 0.085721663384095 0.064019451086057 0.073637701225054 0.119251749984357 0.656716433699042 0.094117651916955 0.819734356206950 0.112665684000989 0.485215960000000 0.912505683768350
0.169960474308300 0.608333333333333 0.000000000000000 0.000000000000000 0.000000000000000 0.028517133245964 0.000302505479378 0.065838504233633 0.005495462633127 0.169377753505120 0.140194481687151 0.160530182175772 0.206547152562832 0.578358221047282 0.129411769850519 0.842504765901292 0.195139913879677 0.350043180000000 0.948263417281728
0.403162055335968 0.895833333333333 0.000000000000000 0.000000000000000 0.000000000000000 0.058935356077144 0.001721665545381 0.036024835526408 0.001263661485223 0.093983998264415 0.074554293959111 0.078792341835108 0.128604833091042 0.669776121815131 0.081176476816609 0.827324481386531 0.121502212654623 0.442456040000000 0.897824022221866
0.367588932806324 0.887500000000000 0.000000000000000 0.000000000000000 0.000000000000000 0.047528512634272 0.001856112279454 0.021118005644844 0.000398067007384 0.093725800735114 0.072933550023773 0.078792341835108 0.129384255514131 0.660447773160782 0.082352948339100 0.834914623643912 0.122238588937860 0.457642940000000 0.901895938081361
0.806324110671937 0.604166666666667 0.000000000000000 0.000000000000000 0.000000000000000 0.074144490933800 0.001288448515224 0.044720494116739 0.001699131934805 0.127291514400976 0.098055110194936 0.114874819478094 0.168355411742622 0.591417909163372 0.102352947280277 0.872865266619619 0.159057436236690 0.440576880000000 0.926693695816385
0.818181818181818 0.954166666666667 0.000000000000000 0.333333323333334 0.000000000000000 0.036121679457561 0.000870169657032 0.054658380704448 0.003611989862035 0.098631560763178 0.079416533058481 0.086156111294874 0.130163670922411 0.669776121815131 0.095294123439446 0.804554088769988 0.122974958593704 0.421620970000000 0.912703848661384
0.703557312252964 0.579166666666667 0.000000000000000 0.000000000000000 0.000000000000000 0.036121655503187 0.000197935522826 0.038509316117434 0.001167483391305 0.131939069928399 0.098055110194936 0.132547863530575 0.163678877204088 0.557835820425624 0.165882358671280 0.804554088769988 0.154639178537267 0.424421760000000 0.979719156160701
0.905138339920949 0.704166666666667 0.000000000000000 0.333333323333334 0.000000000000000 0.038022818320346 0.000522848320652 0.043478254939239 0.000911011840395 0.096565966586087 0.070502434120765 0.086892487578111 0.131722529798206 0.623134344961294 0.108235298539792 0.831119561054121 0.124447724414965 0.486882950000000 0.928724600574937
0.830039525691700 0.812500000000000 0.000000000000000 0.000000000000000 0.000000000000000 0.032319400363169 0.001139063468017 0.048447209413217 0.000793462704160 0.112057839258182 0.098865474869250 0.096465385887589 0.141075591860465 0.707089561768350 0.083529419861592 0.785578758743235 0.133284233186419 0.327360300000000 0.889180698799855
0.640316205533597 0.645833333333333 0.000000000000000 0.000000000000000 0.000000000000000 0.060836498361983 0.001105452011377 0.054658394120597 0.000758731703760 0.118254586932752 0.089951375931535 0.108247426301565 0.155884631928772 0.600746274608766 0.111764712048443 0.848197359785978 0.147275395822714 0.446213700000000 0.933409796823066
0.201581027667984 0.725000000000000 0.000000000000000 0.000000000000000 0.000000000000000 0.057034220636412 0.001434098530389 0.021118009222484 0.000686599240562 0.134262854663450 0.108589953067990 0.120765823116599 0.173031946281155 0.613805979515900 0.098823533771626 0.855787467887761 0.163475693936114 0.396457940000000 0.922667258497659
0.221343873517787 0.691666666666667 0.000000000000000 0.000000000000000 0.000000000000000 0.032319410287124 0.000556460009212 0.032298131410054 0.001239618999499 0.136586625455821 0.115072936102698 0.122238588937860 0.172252523858066 0.641791042269993 0.095294123439446 0.833017092349016 0.162739317652877 0.358990400000000 0.916191493699778
0.501976284584980 0.770833333333333 0.000000000000000 0.000000000000000 0.000000000000000 0.057034234324626 0.001254835546058 0.042236017997763 0.002778454796924 0.136844829956463 0.114262564135029 0.122974958593704 0.173031946281155 0.634328363346514 0.097647063307958 0.836812154938807 0.163475693936114 0.365296570000000 0.920233577382476
0.177865612648221 0.933333333333333 0.000000000000000 0.000000000000000 0.000000000000000 0.066539928638552 0.001856112481124 0.038509316117434 0.002578083918206 0.075910150299308 0.055105347042993 0.061855674065864 0.110678096315570 0.666044782353391 0.082352948339100 0.829222029759226 0.104565538257986 0.520399400000000 0.899903914201518
0.596837944664032 0.783333333333333 0.000000000000000 0.000000000000000 0.000000000000000 0.038022811476239 0.000522848824828 0.018633547414065 0.000184339416566 0.125225927195226 0.111021068970997 0.102356409408274 0.162899440751381 0.695895531629399 0.051764714166090 0.848197359785978 0.153902788999243 0.348062570000000 0.868555869984423
0.280632411067194 0.879166666666667 0.000000000000000 0.333333323333334 0.000000000000000 0.081749049806994 0.002662792583056 0.036024839998457 0.001648370687044 0.104311906407805 0.085089144125520 0.086892487578111 0.141075591860465 0.667910452084261 0.072941184629758 0.842504765901292 0.133284233186419 0.425440900000000 0.893974395531184
0.620553359683794 0.866666666666667 0.000000000000000 0.333333323333334 0.000000000000000 0.077946778925531 0.003559106193855 0.047204967999691 0.002938750057240 0.103795511349203 0.083468400190182 0.089837992711060 0.137957916197727 0.660447773160782 0.089411770062284 0.823529418796741 0.130338741308257 0.426012160000000 0.907030900141866
0.920948616600791 0.691666666666667 0.000000000000000 0.000000000000000 0.000000000000000 0.038022811476239 0.000478032171229 0.019875774069828 0.000406082058932 0.113348833876029 0.091572119866873 0.102356409408274 0.145752147443425 0.647388068253648 0.105882358671280 0.810246682654674 0.137702510768023 0.396398800000000 0.924393478857389
0.549407114624506 0.983333333333333 0.000000000000000 0.000000000000000 0.000000000000000 0.085551341220779 0.003215518134987 0.059627326234328 0.002564726340511 0.056545314687694 0.043760130014264 0.039027982775935 0.087295402578475 0.727611942240755 0.061176477875432 0.800759026180197 0.082474229878688 0.563466900000000 0.866603902139380
0.909090909090909 0.620833333333333 0.000000000000000 0.000000000000000 0.000000000000000 0.089353612102242 0.008309555414118 0.294409927055284 0.100881904539193 0.285050365144860 0.248784434755141 0.343151705867808 0.257989095619981 0.492537312680998 0.477647076013841 0.368121463999078 0.343151705867808 0.339618030000000 0.118915404793848
0.972332015810277 0.616666666666667 0.000000000000000 0.000000000000000 0.000000000000000 0.087452466395350 0.005094036774955 0.351552723506042 0.121869964229248 0.249419078215928 0.222042145235350 0.298232692943795 0.223694466915215 0.565298516140148 0.424705878678201 0.379506651768450 0.301178191449351 0.289217920000000 0.083071045488530
0.841897233201581 0.625000000000000 0.000000000000000 0.000000000000000 0.000000000000000 0.127376433844642 0.000735726563105 0.257142841171252 0.013649163572175 0.281951973879225 0.257698562866277 0.329160536604120 0.254871405927626 0.576492551316412 0.424705878678201 0.368121463999078 0.329160536604120 0.298056130000000 0.141897764609687
0.569169960474308 0.633333333333333 0.000000000000000 0.000000000000000 0.000000000000000 0.106463892665790 0.013609005338612 0.417391263516071 0.019652234848395 0.274980633616751 0.247974070080827 0.316642133161693 0.256430243758995 0.559701490156494 0.396470591785467 0.430740047964022 0.318851242129225 0.281536130000000 0.103892343614634
0.802371541501976 0.625000000000000 0.000000000000000 0.000000000000000 0.000000000000000 0.043726310193876 0.000511644737054 0.206211162347133 0.052726509702790 0.307255366607448 0.277147490090336 0.361561126203526 0.278254092649911 0.527985104731705 0.464705891384083 0.352941196562116 0.361561126203526 0.308104300000000 0.135291120999024
0.553359683794466 0.633333333333333 0.000000000000000 0.000000000000000 0.000000000000000 0.026615933812834 0.000433218290595 0.419875732926973 0.001335774371541 0.283759377498354 0.256888154431833 0.324005895994066 0.266562735259151 0.557835820425624 0.391764703577855 0.440227721516298 0.324005895994066 0.270055770000000 0.110082142571448
0.774703557312253 0.625000000000000 0.000000000000000 0.000000000000000 0.000000000000000 0.068441053813124 0.005601944564102 0.257142841171252 0.071868449438097 0.295378266316910 0.269043770413645 0.342415322957177 0.270459861404213 0.557835820425624 0.427058838664360 0.383301714358241 0.343151705867808 0.275039880000000 0.108888133617934
0.592885375494071 0.633333333333333 0.000000000000000 0.000000000000000 0.000000000000000 0.070342209786176 0.002304269336941 0.406211139986886 0.030287852275937 0.278853610498950 0.252025944505883 0.318114872473381 0.262665609114089 0.559701490156494 0.385882356553633 0.447817855234779 0.318851242129225 0.263846500000000 0.088419583774821
0.754940711462451 0.629166666666667 0.000000000000000 0.000000000000000 0.000000000000000 0.081749042962888 0.002214637441435 0.334161459989971 0.158385259441539 0.281951973879225 0.251215579831569 0.327687764155466 0.262665609114089 0.531716427402400 0.417647062249135 0.425047454079336 0.333578781048757 0.307814150000000 0.078994026094005
0.877470355731225 0.625000000000000 0.000000000000000 0.000000000000000 0.000000000000000 0.047528533166593 0.003066128449366 0.201242201165081 0.022377249224459 0.293054488553199 0.262560780085582 0.346097184491184 0.265783319850871 0.529850774462575 0.455294114968858 0.366223915626384 0.346097184491184 0.308416460000000 0.127904005863693
0.770750988142292 0.625000000000000 0.000000000000000 0.000000000000000 0.000000000000000 0.095057025268545 0.005587004335102 0.263353981158138 0.067794301681608 0.292538093494596 0.266612654510637 0.339469791314655 0.267342150667431 0.561567193469452 0.425882369259515 0.381404200141145 0.340206174225286 0.282124940000000 0.110109624436061
0.557312252964427 0.633333333333333 0.000000000000000 0.000000000000000 0.000000000000000 0.051330780093683 0.000885108464258 0.395031016457701 0.002340352288520 0.281951973879225 0.255267425083204 0.321796767144354 0.265003904442591 0.559701490156494 0.389411775356401 0.442125252811194 0.321796767144354 0.268978200000000 0.109362443404692
0.790513833992095 0.625000000000000 0.000000000000000 0.000000000000000 0.000000000000000 0.087452490349724 0.000522849127333 0.257142863531499 0.069720474772364 0.291505310348732 0.260940050736953 0.340942550508523 0.268121566075711 0.529850774462575 0.437647073896194 0.394686919205412 0.340942550508523 0.302982960000000 0.118388766985098
0.142292490118577 0.641666666666667 0.000000000000000 0.000000000000000 0.000000000000000 0.081749056651101 0.008175102932445 0.367701852937773 0.017237096366163 0.249677268773889 0.224473268431712 0.284241536934893 0.236944669152154 0.580223890778152 0.356470579079585 0.474383318980013 0.284241536934893 0.273646600000000 0.096366509696591
0.731225296442688 0.629166666666667 0.000000000000000 0.000000000000000 0.000000000000000 0.055133119416214 0.000601275472957 0.277018596458472 0.048198173287509 0.307255366607448 0.273095615665281 0.362297502486764 0.281371768312649 0.499999991604478 0.468235310186851 0.375711589178660 0.362297502486764 0.301507600000000 0.110381454828133
0.976284584980237 0.620833333333333 0.000000000000000 0.000000000000000 0.000000000000000 0.102661601252006 0.008963125016134 0.048447231773464 0.002717009290331 0.306222576490242 0.270664499762273 0.378497780717984 0.263445052581604 0.490671642950128 0.550588253231834 0.252371952543666 0.378497780717984 0.354036780000000 0.156192245799677
0.766798418972332 0.625000000000000 0.000000000000000 0.000000000000000 0.000000000000000 0.072243334960748 0.001822498301937 0.234782571752635 0.065873401508713 0.289181511671000 0.262560780085582 0.338733421658811 0.261886214750235 0.557835820425624 0.437647073896194 0.366223915626384 0.339469791314655 0.294706260000000 0.122160665494253
0.711462450592885 0.629166666666667 0.000000000000000 0.000000000000000 0.000000000000000 0.091254709900387 0.007215305272142 0.299378843516842 0.006970161932526 0.294087271699063 0.265802260662903 0.340206174225286 0.272018713265200 0.544776149100578 0.422352950456747 0.404174592757688 0.340206174225286 0.285522820000000 0.120318003953729
0.747035573122530 0.629166666666667 0.000000000000000 0.000000000000000 0.000000000000000 0.072243334960748 0.004018461591516 0.311801212931602 0.111899569030300 0.288148721553795 0.255267425083204 0.338733421658811 0.265783319850871 0.514925383033526 0.442352951515571 0.402277061462793 0.340206174225286 0.298470900000000 0.092261118676412
0.584980237154150 0.633333333333333 0.000000000000000 0.000000000000000 0.000000000000000 0.089353601836082 0.012253323120757 0.313043458817176 0.035265000560718 0.290472520231527 0.258508934833946 0.340206174225286 0.268121566075711 0.520522409017180 0.438823532712803 0.402277061462793 0.340206174225286 0.297547340000000 0.110755792407333
0.735177865612648 0.629166666666667 0.000000000000000 0.000000000000000 0.000000000000000 0.051330834846537 0.001154001176140 0.260869556467729 0.052737185377803 0.301316802519498 0.268233405739331 0.355670109310235 0.275136374898320 0.509328357049872 0.463529421979239 0.373814057883764 0.355670109310235 0.300182250000000 0.109540278097332
0.940711462450593 0.620833333333333 0.000000000000000 0.000000000000000 0.000000000000000 0.062737647490928 0.000929922143221 0.132919214104397 0.003315444351780 0.314743101928524 0.276337125416022 0.386597926460987 0.275136374898320 0.468283572597600 0.550588253231834 0.275142311004613 0.386597926460987 0.352125880000000 0.147931284594182
1.000000000000000 0.616666666666667 0.000000000000000 0.000000000000000 0.000000000000000 0.121673000146019 0.007603710892124 0.331676990579069 0.110146998284497 0.255357614418516 0.228525128270058 0.306332825432012 0.226812170637189 0.567164185871018 0.436470604491349 0.358633790446802 0.306332825432012 0.294845370000000 0.122099238406519
0.703557312252964 0.629166666666667 0.000000000000000 0.000000000000000 0.000000000000000 0.066539935482659 0.001318325443997 0.314285704702751 0.004277210647970 0.280919183762020 0.252836316473552 0.326215004961598 0.259547926436542 0.550373124711100 0.415294134027682 0.409867186642374 0.326215004961598 0.289651720000000 0.118015369530771
0.707509881422925 0.629166666666667 0.000000000000000 0.000000000000000 0.000000000000000 0.106463827646776 0.005811088107269 0.289441010593726 0.006777795646079 0.289181511671000 0.260129671475929 0.335051553497411 0.268121566075711 0.541044776056750 0.419999990470588 0.411764717937270 0.335051553497411 0.291106430000000 0.118993586249868
1.000000000000000 0.616666666666667 0.000000000000000 0.000000000000000 0.000000000000000 0.121673000146019 0.007603710892124 0.331676990579069 0.110146998284497 0.255357614418516 0.228525128270058 0.306332825432012 0.226812170637189 0.567164185871018 0.436470604491349 0.358633790446802 0.306332825432012 0.294845370000000 0.122099238406519
0.750988142292490 0.629166666666667 0.000000000000000 0.000000000000000 0.000000000000000 0.089353625790456 0.001900926412175 0.316770174113654 0.152144404094988 0.285566753232123 0.254457060408890 0.332106028482283 0.265783319850871 0.527985104731705 0.422352950456747 0.421252391489545 0.335787929780649 0.298124000000000 0.082007781044245
0.537549407114625 0.633333333333333 0.000000000000000 0.000000000000000 0.000000000000000 0.049429648075004 0.000791742645896 0.422360179977629 0.003996709667398 0.273947843499546 0.246353340732199 0.315169373967825 0.256430243758995 0.555970167485798 0.394117663564014 0.438330190221403 0.315169373967825 0.284813230000000 0.108947378272925
0.984189723320158 0.620833333333333 0.000000000000000 0.000000000000000 0.000000000000000 0.072243358915121 0.001195083503543 0.034782600820956 0.001976977052686 0.298476650611205 0.265802260662903 0.366715746931401 0.257209666182084 0.513059730093701 0.529411782768166 0.263757123235240 0.366715746931401 0.347142250000000 0.158118393786580
0.766798418972332 0.625000000000000 0.000000000000000 0.000000000000000 0.000000000000000 0.072243334960748 0.001822498301937 0.234782571752635 0.065873401508713 0.289181511671000 0.262560780085582 0.338733421658811 0.261886214750235 0.557835820425624 0.437647073896194 0.366223915626384 0.339469791314655 0.294706260000000 0.122160665494253
0.683794466403162 0.420833333333333 0.000000000000000 0.000000000000000 0.000000000000000 0.081749025852621 0.001004614969330 0.014906823173489 0.000577062977459 0.220500913106148 0.176661256699038 0.289396177544947 0.189399838210449 0.460820927256209 0.514117638152249 0.341555991714945 0.289396177544947 0.445039500000000 0.134203312580357
0.735177865612648 0.516666666666667 0.000000000000000 0.000000000000000 0.000000000000000 0.112167302410039 0.002483532422107 0.018633547414065 0.000344635232306 0.184353224147273 0.147487836689529 0.245213547531564 0.155105209505683 0.520522409017180 0.467058819605536 0.356736259151907 0.245213547531564 0.454231680000000 0.139707508685033
0.636363636363636 0.345833333333333 0.000000000000000 0.000000000000000 0.000000000000000 0.328897382577457 0.039590822354410 0.012422364048300 0.000181668290545 0.107152079230119 0.077795789123143 0.157584690297609 0.081839438602044 0.597014935147026 0.398823520006920 0.388994325320726 0.157584690297609 0.599593640000000 0.151329735285178
0.675889328063241 0.529166666666667 0.000000000000000 0.000000000000000 0.000000000000000 0.083650192091833 0.010158203175418 0.175155272350604 0.035801989177845 0.084947070796191 0.059967583954356 0.127393216293128 0.063912701826572 0.634328363346514 0.355294109674741 0.421252391489545 0.127393216293128 0.615250100000000 0.146403648826090
0.924901185770751 0.320833333333333 0.000000000000000 0.000000000000000 0.000000000000000 0.011406850286979 0.000044815643231 0.009937888823734 0.000053431797368 0.085463465854794 0.055105347042993 0.139911626362948 0.056897900018772 0.597014935147026 0.412941174041522 0.366223915626384 0.139911626362948 0.641774900000000 0.152350274411538
0.940711462450593 0.341666666666667 0.000000000000000 0.000000000000000 0.000000000000000 0.117870712154288 0.013609005338612 0.023602481763821 0.000622480133788 0.100438943468286 0.072123178056104 0.151693673404318 0.073265784933257 0.606343300592420 0.401176479993080 0.375711589178660 0.151693673404318 0.577002350000000 0.152213217635299
0.932806324110672 0.333333333333333 0.000000000000000 0.000000000000000 0.000000000000000 0.020912540152236 0.000018673186864 0.013664590033255 0.000141594259068 0.084688880238230 0.055105347042993 0.136966134484785 0.057677315427052 0.602611944339636 0.402352938809689 0.377609120473555 0.136966134484785 0.634463670000000 0.150521429349070
0.798418972332016 0.508333333333333 0.000000000000000 0.000000000000000 0.000000000000000 0.003802281489829 0.000029877064901 0.002484471870530 0.000021372738091 0.004131164651624 0.000000000000000 0.011782032461104 0.000000000000000 0.804104480124332 0.169411770062284 0.548387111207688 0.011782032461104 1.000000000000000 0.159448519391460
0.735177865612648 0.512500000000000 0.000000000000000 0.333333323333334 0.000000000000000 0.102661594407899 0.002061518471373 0.024844729885421 0.000277844999511 0.186160599881041 0.148298223243908 0.248159046037120 0.156664068381479 0.513059730093701 0.472941156041523 0.354838727857012 0.248159046037120 0.457751570000000 0.138956348910895
0.723320158102767 0.333333333333333 0.000000000000000 0.000000000000000 0.000000000000000 0.041825089201810 0.000388402221840 0.008695660826356 0.000077476248714 0.167828561357972 0.129659653400808 0.231222391522663 0.137178479745020 0.516791035973352 0.475294105439446 0.347248602677430 0.231222391522663 0.489990000000000 0.141312570451657
0.940711462450593 0.412500000000000 0.000000000000000 0.000000000000000 0.000000000000000 0.009505711424193 0.000063488829087 0.004968946200687 0.000021372752518 0.065840439685219 0.044570501981933 0.105301914541223 0.044427123712327 0.666044782353391 0.336470599197232 0.419354860194650 0.105301914541223 0.620642700000000 0.155105427869716
0.924901185770751 0.312500000000000 0.000000000000000 0.000000000000000 0.000000000000000 0.009505705264497 0.000018673162664 0.006211180682535 0.000045417074025 0.085979860913396 0.056726093895673 0.139911626362948 0.056897900018772 0.604477614070506 0.410588245820069 0.362428853036593 0.139911626362948 0.630928340000000 0.155124247155136
0.790513833992095 0.508333333333333 0.000000000000000 0.000000000000000 0.000000000000000 0.020912548022958 0.000242751057155 0.004968943741059 0.000053431808188 0.005163955465963 0.002431118382748 0.011782032461104 0.000779423194718 0.813432838853308 0.164705888207612 0.546489579912793 0.011782032461104 0.962963000000000 0.175452835907667
0.656126482213439 0.516666666666667 0.000000000000000 0.000000000000000 0.000000000000000 0.020912556235886 0.000108304308965 0.013664600542571 0.000109535170938 0.217402528811852 0.175040520057054 0.285714276246581 0.185502726095005 0.472014945641429 0.510588261702422 0.335863397830259 0.285714276246581 0.443135680000000 0.137052377798246
0.652173913043478 0.412500000000000 0.000000000000000 0.000000000000000 0.500000000000000 0.020912556235886 0.000242750633648 0.047204972471741 0.001656387109118 0.204234454817489 0.167747165054677 0.268041225566707 0.171473108449786 0.516791035973352 0.485882340671280 0.330170803945573 0.268041225566707 0.431824900000000 0.144738452643434
0.936758893280632 0.312500000000000 0.000000000000000 0.000000000000000 0.000000000000000 0.015209111928898 0.000029877009441 0.007453408679913 0.000032059031794 0.083656083149685 0.055105347042993 0.135493375290918 0.056118470580874 0.610074640054160 0.400000010588235 0.373814057883764 0.135493375290918 0.629503100000000 0.153746242333470
0.683794466403162 0.433333333333333 0.000000000000000 0.000000000000000 0.000000000000000 0.083650178403620 0.003435861430019 0.081987564348598 0.008848308912313 0.205525442463995 0.168557529728991 0.265832096716995 0.176929058396600 0.513059730093701 0.469411779591695 0.360531321741698 0.265832096716995 0.421493350000000 0.138587803172435
0.648221343873518 0.450000000000000 0.000000000000000 0.000000000000000 0.000000000000000 0.036121665769347 0.001587219920494 0.032298126938005 0.000598435794247 0.205525442463995 0.169367901696660 0.267304875793042 0.174590805156951 0.518656705704222 0.476470606608996 0.343453523009841 0.267304875793042 0.425713480000000 0.143770913056832
0.830039525691700 0.400000000000000 0.000000000000000 0.333333323333334 0.000000000000000 0.087452476661510 0.002270657678631 0.045962735530265 0.002033080610195 0.116705394785605 0.085899516093189 0.170839476650667 0.088854247424653 0.583955230239892 0.418823521065744 0.370018995293973 0.170839476650667 0.547173400000000 0.148524872724300
0.861660079051383 0.508333333333333 0.000000000000000 0.000000000000000 0.000000000000000 0.028517110318206 0.000302505751633 0.009937892401373 0.000021372755403 0.068680605536192 0.045380876137608 0.110456561778670 0.046765390981593 0.651119407715388 0.348235303833910 0.415559797604859 0.110456561778670 0.627269450000000 0.152003401909007
0.683794466403162 0.425000000000000 0.000000000000000 0.000000000000000 0.000000000000000 0.085551310422298 0.001019553534552 0.022360240350296 0.000673240393327 0.221533710194693 0.178282015221086 0.290132560455578 0.190179253618729 0.464552249926904 0.512941179335640 0.339658460420050 0.290132560455578 0.441506500000000 0.135205468907846
0.664031620553360 0.525000000000000 0.000000000000000 0.000000000000000 0.000000000000000 0.051330817736270 0.000481767162937 0.188819876470815 0.036119905730418 0.176607291296895 0.136142636435516 0.242268049026008 0.145752147443425 0.498134338664652 0.488235311245675 0.345351054304736 0.242268049026008 0.502568540000000 0.139531755697471
0.984189723320158 0.316666666666667 0.000000000000000 0.000000000000000 0.000000000000000 0.024714823353091 0.000242751087405 0.013664590033255 0.000269830568306 0.077717539975756 0.048622365466956 0.129602351770233 0.050662508708885 0.608208953532245 0.398823520006920 0.377609120473555 0.129602351770233 0.659328900000000 0.152024655446332
0.964426877470356 0.491666666666667 0.000000000000000 0.000000000000000 0.000000000000000 0.000000000000000 0.000000000000000 0.000000000000000 0.000000000011469 0.000000000000000 0.000000000000000 0.000000000000000 0.000000000000000 0.833955226042131 0.131764710989619 0.578747642666052 0.000000000000000 0.000000000000000 0.511054416358307
0.932806324110672 0.300000000000000 0.000000000000000 0.000000000000000 0.000000000000000 0.024714832592636 0.000422013396141 0.130434778233865 0.015091809373748 0.068938810036834 0.043760130014264 0.112665684000989 0.046765390981593 0.638059702808253 0.357647069660900 0.413662249232165 0.112665684000989 0.676581100000000 0.150070488380602
0.833992094861660 0.345833333333333 0.000000000000000 0.000000000000000 0.000000000000000 0.058935356077144 0.002393899316580 0.027329190352224 0.000694612806171 0.108959468906568 0.076985409862118 0.164948459757375 0.080280593755866 0.578358221047282 0.425882369259515 0.364326401409287 0.164948459757375 0.576659560000000 0.148524419449807
0.679841897233202 0.329166666666667 0.000000000000000 0.000000000000000 0.000000000000000 0.022813690307797 0.000268893266476 0.018633525053818 0.000248457881358 0.163955591447114 0.126418158236776 0.228276893017107 0.131722529798206 0.522388078748050 0.478823556006920 0.335863397830259 0.228276893017107 0.496718800000000 0.144667271760134
0.826086956521739 0.429166666666667 0.000000000000000 0.000000000000000 0.000000000000000 0.043726238330755 0.001318325141492 0.013664590033255 0.000045417081238 0.112832424874746 0.083468400190182 0.165684829413219 0.084957128294400 0.595149265416156 0.411764715224913 0.370018995293973 0.165684829413219 0.546207200000000 0.151513815093050
0.948616600790514 0.516666666666667 0.000000000000000 0.000000000000000 0.000000000000000 0.007604564006275 0.000029877056834 0.003726707917596 0.000056103410286 0.001032791162906 0.000000000000000 0.002945508115276 0.000000000000000 0.826492539562681 0.141176475757785 0.571157509801461 0.002945508115276 0.333333340000000 0.159448519391460
0.972332015810277 0.337500000000000 0.000000000000000 0.000000000000000 0.000000000000000 0.030418250549813 0.000522848421487 0.009937885022492 0.000085490965565 0.084172478208287 0.055105347042993 0.136229744946762 0.056897900018772 0.606343300592420 0.401176479993080 0.375711589178660 0.136229744946762 0.632126800000000 0.152153150371043
0.731225296442688 0.325000000000000 0.000000000000000 0.000000000000000 0.000000000000000 0.020912556235886 0.000197935603494 0.023602486235870 0.000205712514673 0.158017041301845 0.119935175202068 0.222385869496422 0.126266558806966 0.520522409017180 0.477647076013841 0.339658460420050 0.222385869496422 0.509462200000000 0.143709183786103
0.928853754940711 0.433333333333333 0.000000000000000 0.000000000000000 0.000000000000000 0.150190124152439 0.003693552423753 0.009937881668455 0.000053431671135 0.102762721231998 0.077795789123143 0.147275395822714 0.079501164317968 0.628731354153904 0.369411774297578 0.404174592757688 0.147275395822714 0.533125900000000 0.149840778940464
0.743083003952569 0.283333333333333 0.000000000000000 0.000000000000000 0.000000000000000 0.093155910360133 0.002349083570497 0.029813677651324 0.000545004581806 0.288665116612397 0.277147490090336 0.329160536604120 0.256430243758995 0.662313442891652 0.394117663564014 0.330170803945573 0.329160536604120 0.265534600000000 0.177883747012061
0.747035573122530 0.291666666666667 0.000000000000000 0.000000000000000 0.000000000000000 0.041825068669490 0.000657295357230 0.040993787764361 0.000248456691164 0.299251236227769 0.287682325670035 0.341678946673940 0.265003904442591 0.658582086638867 0.405882368200692 0.314990519430812 0.341678946673940 0.267251340000000 0.180261121362483
0.707509881422925 0.466666666666667 0.000000000000000 0.333333323333334 0.000000000000000 0.058935335544824 0.002125004840084 0.024844723177346 0.000374022501938 0.400722955870580 0.383306334548674 0.454344650557109 0.360093510207529 0.585820899970762 0.483529391273357 0.263757123235240 0.454344650557109 0.251193800000000 0.171685789114378
0.735177865612648 0.287500000000000 0.000000000000000 0.000000000000000 0.000000000000000 0.045627356661220 0.000717049718952 0.029813664235176 0.000512943546087 0.282468389851848 0.275526760741708 0.315905750251062 0.253312533022212 0.695895531629399 0.358823539065744 0.352941196562116 0.315905750251062 0.244729680000000 0.184915360641555
0.691699604743083 0.370833333333333 0.000000000000000 0.000000000000000 0.000000000000000 0.066539914950339 0.000780538911046 0.032298140354153 0.000470199585995 0.386005689729069 0.367098858728516 0.443298973171583 0.342946216899572 0.580223890778152 0.497647077072664 0.246679324503383 0.443298973171583 0.268620520000000 0.174256359126359
0.936758893280632 0.362500000000000 0.000000000000000 0.000000000000000 0.000000000000000 0.045627401147914 0.001299650687131 0.028571416113577 0.000430126708644 0.368448243793904 0.346839559536787 0.428571447506838 0.325019466094483 0.567164185871018 0.507058811134948 0.244781810286286 0.428571447506838 0.285109640000000 0.170968776018690
0.861660079051383 0.479166666666667 0.000000000000000 0.000000000000000 0.000000000000000 0.013307999415924 0.000063488798836 0.314285659982257 0.032008359208903 0.252259230124221 0.244732589503506 0.284977906590737 0.224473882323495 0.701492540822009 0.348235303833910 0.364326401409287 0.284977906590737 0.258408730000000 0.185002540435652
0.853754940711462 0.275000000000000 0.000000000000000 0.000000000000000 0.000000000000000 0.053231932644682 0.002763627255479 0.037267076939933 0.000384709040172 0.280402781732077 0.271474864436587 0.319587611785069 0.247077139607883 0.682835826722265 0.385882356553633 0.322580661688192 0.319587611785069 0.269191830000000 0.186700305230007
0.798418972332016 0.454166666666667 0.000000000000000 0.000000000000000 0.000000000000000 0.114068427584611 0.003943770126681 0.095652172940859 0.006681648208661 0.344435838712187 0.327390610432663 0.393225319637516 0.308651588194806 0.606343300592420 0.447058839723183 0.301707817444343 0.393225319637516 0.263466600000000 0.169378957705377
0.790513833992095 0.475000000000000 0.000000000000000 0.000000000000000 0.000000000000000 0.034220533750669 0.000448155474377 0.222360224698123 0.074839261854046 0.298476650611205 0.285251209767028 0.343151705867808 0.263445052581604 0.647388068253648 0.416470603432526 0.309297925546126 0.343151705867808 0.270638020000000 0.179824147963568
0.664031620553360 0.379166666666667 0.000000000000000 0.000000000000000 0.000000000000000 0.034220533750669 0.000358524002378 0.019875784355541 0.000213726664559 0.405886906456604 0.389789295703317 0.461708413389481 0.361652376098133 0.593283595685286 0.495294106498270 0.237191668028906 0.461708413389481 0.259759960000000 0.177715632539098
0.782608695652174 0.454166666666667 0.000000000000000 0.000000000000000 0.000000000000000 0.119771861283234 0.004111828519063 0.186335384699666 0.038919745768380 0.274206041028847 0.258508934833946 0.316642133161693 0.243959477974763 0.638059702808253 0.400000010588235 0.345351054304736 0.316642133161693 0.272751600000000 0.167446749270627
0.083003952569170 0.437500000000000 0.000000000000000 0.000000000000000 0.000000000000000 0.013307980594630 0.000108304343249 0.007453413822769 0.000096177268645 0.039246063493294 0.049432738893296 0.046391752235701 0.021823850293878 0.891791044788650 0.175294121321799 0.449715389945234 0.048600884399110 0.575396840000000 0.326450203474080
0.577075098814229 0.416666666666667 0.000000000000000 0.000000000000000 0.000000000000000 0.013307986754326 0.000153119877578 0.009937888823734 0.000085490922285 0.039504260325461 0.051053485016641 0.046391752235701 0.021044426467828 0.901119403517626 0.174117651916955 0.442125252811194 0.048600884399110 0.591269850000000 0.336219091401207
0.106719367588933 0.500000000000000 0.000000000000000 0.000000000000000 0.000000000000000 0.007604560926427 0.000074692619397 0.017391302199298 0.000149609000443 0.036147688958875 0.048622365466956 0.039764359059173 0.020265002641777 0.908582094194837 0.157647063307958 0.461100582837946 0.044182620072293 0.566137550000000 0.364220183624855
0.391304347826087 0.470833333333333 0.000000000000000 0.000000000000000 0.000000000000000 0.009505700131417 0.000063488728252 0.022360245716755 0.000320590820633 0.049315778987321 0.059967583954356 0.058173786022284 0.029618082241057 0.891791044788650 0.185882356553633 0.432637596336717 0.059646538588759 0.531172800000000 0.316804203298311
0.699604743083004 0.462500000000000 0.000000000000000 0.000000000000000 0.000000000000000 0.019011405738120 0.000119508168851 0.017391299292466 0.000085490896317 0.040795251457638 0.053484604566326 0.045655375952464 0.023382695841537 0.908582094194837 0.164705888207612 0.449715389945234 0.049337262007826 0.549603160000000 0.352818176240006
0.849802371541502 0.479166666666667 0.000000000000000 0.000000000000000 0.000000000000000 0.019011405738120 0.000209139449263 0.012422360470661 0.000053431728841 0.034340304162364 0.047001622990289 0.038291604504480 0.017926733969548 0.910447757209289 0.158823534830450 0.457305520248155 0.043446242463577 0.611111100000000 0.363705455183702
0.790513833992095 0.516666666666667 0.000000000000000 0.000000000000000 0.000000000000000 0.019011405738120 0.000298770538088 0.019875777647467 0.000053431754088 0.038471469511122 0.051863856984310 0.042709868831297 0.021044426467828 0.914179103387447 0.161176474698962 0.449715389945234 0.049337262007826 0.599426800000000 0.361275932442291
0.422924901185771 0.466666666666667 0.000000000000000 0.000000000000000 0.000000000000000 0.020912551445012 0.000242751087405 0.014906833235600 0.000192354525820 0.046991999132208 0.059967583954356 0.053019145412230 0.028059235290437 0.908582094194837 0.171764709930796 0.438330190221403 0.055964657172572 0.524470900000000 0.345570731763823
0.296442687747036 0.516666666666667 0.000000000000000 0.000000000000000 0.000000000000000 0.015209128012549 0.000119508229352 0.018633538469967 0.000088162476776 0.034856701312369 0.050243113048972 0.036082475654768 0.018706157094118 0.929104474667242 0.145882358671280 0.459203051543051 0.045655375952464 0.613756600000000 0.394877125259300
0.252964426877470 0.550000000000000 0.000000000000000 0.000000000000000 0.000000000000000 0.011406846864925 0.000134446774407 0.009937888823734 0.000053431819007 0.035114898841670 0.047811992040616 0.039027982775935 0.018706157094118 0.910447757209289 0.158823534830450 0.457305520248155 0.044182620072293 0.595238100000000 0.358717897988225
0.470355731225296 0.520833333333333 0.000000000000000 0.000000000000000 0.000000000000000 0.020912550076190 0.000422013648229 0.022360249294394 0.000320590820633 0.043635424279951 0.056726093895673 0.047864506790394 0.026500388339816 0.910447757209289 0.162352945162630 0.451612914409010 0.053019145412230 0.529541430000000 0.355831983232873
0.936758893280632 0.445833333333333 0.000000000000000 0.000000000000000 0.000000000000000 0.011406841731845 0.000179262318820 0.017391302199298 0.000053431844254 0.034856701312369 0.045380876137608 0.041237113613865 0.017926733969548 0.895522389287703 0.170588240525952 0.453510449119465 0.044182620072293 0.617063460000000 0.335251467874884
0.573122529644269 0.537500000000000 0.000000000000000 0.000000000000000 0.000000000000000 0.036121679457561 0.000466829192642 0.022360249294394 0.000416768077808 0.044151822824224 0.057536468051349 0.048600884399110 0.026500388339816 0.912313430298368 0.163529416685121 0.447817855234779 0.054491897978705 0.537017000000000 0.358407112850491
0.142292490118577 0.479166666666667 0.000000000000000 0.000000000000000 0.000000000000000 0.013307988465353 0.000063488768586 0.009937888823734 0.000181668160706 0.040278854307633 0.054294977992666 0.044918997681009 0.021823850293878 0.917910447886500 0.163529416685121 0.442125252811194 0.049337262007826 0.581349200000000 0.360666761742390
0.944664031620553 0.558333333333333 0.000000000000000 0.000000000000000 0.000000000000000 0.013307987780942 0.000153119998580 0.011180124870800 0.000088162498416 0.028401758199900 0.038897894561571 0.033136965882644 0.013250193819168 0.897388059018573 0.161176474698962 0.466793188677092 0.036082475654768 0.655555550000000 0.349976526257058
0.110671936758893 0.416666666666667 0.000000000000000 0.000000000000000 0.000000000000000 0.013307983674478 0.000242750976487 0.013664595176112 0.000109535235858 0.037696876226084 0.050243113048972 0.041973491222581 0.021044426467828 0.908582094194837 0.161176474698962 0.455407983829920 0.045655375952464 0.564153430000000 0.360322392322336
0.146245059288538 0.562500000000000 0.000000000000000 0.000000000000000 0.000000000000000 0.017110263453281 0.000123242817719 0.014906832117588 0.000192354525820 0.035631293900272 0.041329010464579 0.044918997681009 0.020265002641777 0.861940298870851 0.184705887148789 0.464895653966636 0.045655375952464 0.571428600000000 0.299802011380379
0.126482213438735 0.441666666666667 0.000000000000000 0.000000000000000 0.000000000000000 0.017110266875334 0.000123242787469 0.022360247058370 0.000224413563457 0.044926416806396 0.053484604566326 0.054491897978705 0.026500388339816 0.878731344918829 0.188235300657439 0.442125252811194 0.054491897978705 0.538580240000000 0.304016070763199
0.233201581027668 0.500000000000000 0.000000000000000 0.000000000000000 0.000000000000000 0.011406844811693 0.000089631143276 0.007453413822769 0.000064118166089 0.036405888579578 0.052674231139986 0.036082475654768 0.021044426467828 0.934701492255374 0.138823534830450 0.464895653966636 0.047864506790394 0.581349200000000 0.406763939932400
0.086956521739130 0.566666666666667 0.000000000000000 0.000000000000000 0.000000000000000 0.011406845838309 0.000134446774407 0.016149065705027 0.000301889526597 0.032016526398653 0.029983791977178 0.049337262007826 0.015588464595839 0.809701496033359 0.222352939868512 0.457305520248155 0.050810013248822 0.698444800000000 0.248868093848973
0.110671936758893 0.416666666666667 0.000000000000000 0.000000000000000 0.000000000000000 0.013307983674478 0.000242750976487 0.013664595176112 0.000109535235858 0.037696876226084 0.050243113048972 0.041973491222581 0.021044426467828 0.908582094194837 0.161176474698962 0.455407983829920 0.045655375952464 0.564153430000000 0.360322392322336
0.418972332015810 0.491666666666667 0.000000000000000 0.000000000000000 0.000000000000000 0.019011410528994 0.000567664419658 0.019875775411443 0.000630495495507 0.046475600587935 0.061588335183050 0.050073635640106 0.028059235290437 0.923507465474632 0.160000005294118 0.442125252811194 0.055964657172572 0.530555550000000 0.369380233589134
0.114624505928854 0.470833333333333 0.000000000000000 0.000000000000000 0.000000000000000 0.020912548022958 0.000108304282748 0.013664592940087 0.000077476176581 0.041828041574843 0.054294977992666 0.047864506790394 0.023382695841537 0.906716421105758 0.170588240525952 0.442125252811194 0.051546390857538 0.571649000000000 0.345210905683567
0.122529644268775 0.425000000000000 0.000000000000000 0.000000000000000 0.000000000000000 0.017110268928566 0.000078427172472 0.006211180682535 0.000109535235858 0.042860831692047 0.052674231139986 0.051546390857538 0.024162118966107 0.888059703647806 0.183529417743945 0.440227721516298 0.052282769128993 0.563492060000000 0.313719855042817
0.853754940711462 0.558333333333333 0.000000000000000 0.000000000000000 0.000000000000000 0.019011409160173 0.000164323773765 0.016149065705027 0.000045417059598 0.036922281546779 0.046191249563949 0.043446242463577 0.021044426467828 0.886194032237831 0.171764709930796 0.461100582837946 0.046391752235701 0.564153430000000 0.331596682064289
0.106719367588933 0.420833333333333 0.000000000000000 0.000000000000000 0.000000000000000 0.024714827459556 0.000422013275139 0.012422358234636 0.000117549991660 0.041311644424838 0.051863856984310 0.047864506790394 0.024162118966107 0.893656717877729 0.172941180394464 0.451612914409010 0.050073635640106 0.544091700000000 0.333391447600084
0.719367588932806 0.416666666666667 0.000000000000000 0.000000000000000 0.000000000000000 0.022813690307797 0.000313709073059 0.023602481763821 0.000366007861548 0.039762461340433 0.050243113048972 0.046391752235701 0.022603273418448 0.893656717877729 0.172941180394464 0.451612914409010 0.048600884399110 0.566137550000000 0.332251798009806
0.604743083003953 0.487500000000000 0.000000000000000 0.000000000000000 0.000000000000000 0.017110266875334 0.000302505297875 0.007453413822769 0.000032059088058 0.041569844045541 0.053484604566326 0.047864506790394 0.023382695841537 0.902985073248496 0.171764709930796 0.444022784106089 0.050810013248822 0.563712540000000 0.342326579067734
0.458498023715415 0.566666666666667 0.000000000000000 0.000000000000000 0.000000000000000 0.020912548022958 0.000108304282748 0.017391304882528 0.000406081698267 0.047250194570107 0.039708267987911 0.072901324941816 0.027279811464386 0.766791048566635 0.265882360788927 0.430740047964022 0.072901324941816 0.643677950000000 0.211660251293700
0.375494071146245 0.433333333333333 0.000000000000000 0.000000000000000 0.000000000000000 0.013307986754326 0.000153119907829 0.007453415835192 0.000128236342348 0.047250194570107 0.056726093895673 0.056701026828417 0.028059235290437 0.884328359148753 0.188235300657439 0.436432658926507 0.057437409739047 0.538580240000000 0.307860274947913
0.134387351778656 0.504166666666667 0.000000000000000 0.000000000000000 0.000000000000000 0.017110261742254 0.000078427394309 0.004968942399445 0.000117549970020 0.037438679393917 0.051863856984310 0.040500735342410 0.020265002641777 0.921641792385554 0.155294123439446 0.451612914409010 0.047128128518939 0.593253970000000 0.375343496027259
0.893280632411067 0.445833333333333 0.000000000000000 0.000000000000000 0.000000000000000 0.001901138999667 0.000018673126363 0.023602486235870 0.000077476017889 0.039246063493294 0.051053485016641 0.044182620072293 0.022603273418448 0.902985073248496 0.164705888207612 0.455407983829920 0.047128128518939 0.545634900000000 0.349751257228154
0.051383399209486 0.512500000000000 0.000000000000000 0.000000000000000 0.000000000000000 0.013307983674478 0.000063488782703 0.008695652553065 0.000045417091337 0.036922281546779 0.049432738893296 0.041237113613865 0.020265002641777 0.908582094194837 0.161176474698962 0.455407983829920 0.046391752235701 0.587301600000000 0.357842457063364
0.426877470355731 0.479166666666667 0.000000000000000 0.000000000000000 0.000000000000000 0.028517106896153 0.000212874007380 0.014906829210756 0.000256472622733 0.050864962071726 0.064019451086057 0.054491897978705 0.034294621689957 0.908582094194837 0.161176474698962 0.455407983829920 0.058910162305522 0.450308650000000 0.357667155671501
0.691699604743083 0.504166666666667 0.000000000000000 0.000000000000000 0.000000000000000 0.017110266875334 0.000123242878220 0.021118010116894 0.000237771458537 0.040020658869734 0.054294977992666 0.041237113613865 0.024941542792158 0.919776117617370 0.147058828076125 0.466793188677092 0.050073635640106 0.529982400000000 0.389170857706980
0.407114624505929 0.462500000000000 0.000000000000000 0.000000000000000 0.000000000000000 0.015209128012549 0.000029877009441 0.011180121293160 0.000120221528839 0.044668216488558 0.059157219280042 0.047864506790394 0.027279811464386 0.919776117617370 0.157647063307958 0.449715389945234 0.053755528322861 0.520061730000000 0.371358659234196
0.909090909090909 0.466666666666667 0.000000000000000 0.000000000000000 0.000000000000000 0.022813692018824 0.000089631219911 0.008695652553065 0.000109535243071 0.040537053928336 0.051863856984310 0.045655375952464 0.024162118966107 0.899253730428548 0.165882358671280 0.457305520248155 0.048600884399110 0.531746030000000 0.345120176918071
0.541501976284585 0.508333333333333 0.000000000000000 0.000000000000000 0.000000000000000 0.022813690307797 0.000448155776882 0.026086953410748 0.000152280530409 0.044926416806396 0.056726093895673 0.052282769128993 0.025720965916727 0.901119403517626 0.177647065425605 0.436432658926507 0.054491897978705 0.558201100000000 0.330137541108429
0.229249011857708 0.416666666666667 0.000000000000000 0.000000000000000 0.000000000000000 0.009505700131417 0.000153119927996 0.011180121293160 0.000088162455136 0.037955076543922 0.047001622990289 0.046391752235701 0.020265002641777 0.884328359148753 0.181176473640138 0.447817855234779 0.047864506790394 0.601190450000000 0.312723675223454
0.213438735177866 0.487500000000000 0.000000000000000 0.000000000000000 0.000000000000000 0.011406846864925 0.000044815628106 0.008695652553065 0.000109535178151 0.035114898841670 0.050243113048972 0.036082475654768 0.019485579517207 0.927238801578163 0.144705887148789 0.462998119256181 0.045655375952464 0.593915340000000 0.395452515257933
0.592885375494071 0.429166666666667 0.000000000000000 0.000000000000000 0.000000000000000 0.020912548022958 0.000197935492575 0.022360249294394 0.000384708823773 0.043377228842052 0.055105347042993 0.049337262007826 0.025720965916727 0.901119403517626 0.170588240525952 0.447817855234779 0.052282769128993 0.537918870000000 0.341361809491920
0.695652173913043 0.500000000000000 0.000000000000000 0.000000000000000 0.000000000000000 0.015209125274906 0.000433217332662 0.017391304882528 0.000149609058150 0.041569844045541 0.055105347042993 0.044182620072293 0.025720965916727 0.914179103387447 0.154117652975779 0.461100582837946 0.050073635640106 0.515873000000000 0.375937352764483
0.276679841897233 0.425000000000000 0.000000000000000 0.000000000000000 0.000000000000000 0.024714825748529 0.000242751087405 0.016149064587015 0.000109535250284 0.038213273376089 0.051863856984310 0.041973491222581 0.021044426467828 0.916044778155630 0.158823534830450 0.451612914409010 0.047128128518939 0.580026450000000 0.368155082999176
0.853754940711462 0.462500000000000 0.000000000000000 0.000000000000000 0.000000000000000 0.011406838651997 0.000134446794574 0.011180123529185 0.000216398829294 0.041828041574843 0.052674231139986 0.048600884399110 0.024162118966107 0.895522389287703 0.174117651916955 0.447817855234779 0.050810013248822 0.551807760000000 0.334539239343286
0.699604743083004 0.487500000000000 0.000000000000000 0.000000000000000 0.000000000000000 0.015209122195058 0.000343586122835 0.019875770044983 0.000149609137496 0.041311644424838 0.057536468051349 0.042709868831297 0.024162118966107 0.932835822524504 0.148235299598616 0.451612914409010 0.052282769128993 0.563712540000000 0.389962941452632
0.086956521739130 0.545833333333333 0.000000000000000 0.000000000000000 0.000000000000000 0.013307986754326 0.000108304333166 0.021118010116894 0.000269830525027 0.035114898841670 0.047811992040616 0.038291604504480 0.019485579517207 0.910447757209289 0.155294123439446 0.462998119256181 0.043446242463577 0.574735460000000 0.371762879354027
0.612648221343874 0.466666666666667 0.000000000000000 0.000000000000000 0.000000000000000 0.013307983674478 0.000153119927996 0.008695652553065 0.000045417091337 0.042602634162746 0.058346840019018 0.044918997681009 0.024941542792158 0.929104474667242 0.152941181453287 0.447817855234779 0.053019145412230 0.555776000000000 0.383189341737154
0.565217391304348 0.445833333333333 0.000000000000000 0.000000000000000 0.000000000000000 0.019011409160173 0.000388401828584 0.014906829210756 0.000288531768569 0.044926416806396 0.055105347042993 0.053755528322861 0.025720965916727 0.889925373378676 0.184705887148789 0.436432658926507 0.055964657172572 0.564329800000000 0.320588004459885
0.897233201581028 0.550000000000000 0.000000000000000 0.000000000000000 0.000000000000000 0.017110268928566 0.000347320670868 0.014906834353613 0.000224413476897 0.036922281546779 0.048622365466956 0.041237113613865 0.021044426467828 0.902985073248496 0.161176474698962 0.461100582837946 0.044918997681009 0.556437400000000 0.357476204558078
0.047430830039526 0.545833333333333 0.000000000000000 0.000000000000000 0.000000000000000 0.013307983674478 0.000063488768586 0.028571425057675 0.000109534976179 0.032016526398653 0.045380876137608 0.034609720437336 0.016367888421890 0.916044778155630 0.151764709930796 0.462998119256181 0.041973491222581 0.630158700000000 0.380723964983370
0.241106719367589 0.554166666666667 0.000000000000000 0.000000000000000 0.000000000000000 0.009505700131417 0.000063488728252 0.016149065705027 0.000237771552310 0.033565713665863 0.043760130014264 0.038291604504480 0.018706157094118 0.893656717877729 0.162352945162630 0.468690713140868 0.041237113613865 0.574603200000000 0.348359293230908
0.897233201581028 0.429166666666667 0.000000000000000 0.000000000000000 0.000000000000000 0.013307980594630 0.000063488728252 0.018633537351954 0.000088162433496 0.041053448986939 0.051053485016641 0.049337262007826 0.022603273418448 0.889925373378676 0.181176473640138 0.442125252811194 0.049337262007826 0.567460300000000 0.317684647030536
0.743083003952569 0.433333333333333 0.000000000000000 0.000000000000000 0.000000000000000 0.005703425143489 0.000033611723852 0.007453413822769 0.000096177225365 0.046475600587935 0.059967583954356 0.052282769128993 0.027279811464386 0.912313430298368 0.170588240525952 0.436432658926507 0.055964657172572 0.538580240000000 0.349026503211408
0.126482213438735 0.575000000000000 0.000000000000000 0.000000000000000 0.000000000000000 0.019011409160173 0.000253954802089 0.016149068388257 0.000109535113232 0.037955076543922 0.029983791977178 0.057437409739047 0.024941542792158 0.766791048566635 0.234117655093426 0.481973452698494 0.057437409739047 0.578338900000000 0.177695738825252
0.592885375494071 0.566666666666667 0.000000000000000 0.000000000000000 0.000000000000000 0.015209130407986 0.000433217534332 0.016149065705027 0.000077476154941 0.042086239104144 0.041329010464579 0.061119291155233 0.022603273418448 0.815298508584178 0.232941175100346 0.434535110553813 0.063328420004945 0.652247700000000 0.257830069239358
0.059288537549407 0.441666666666667 0.000000000000000 0.000000000000000 0.000000000000000 0.009505703211265 0.000153119927996 0.011180124870800 0.000152280653035 0.041053448986939 0.050243113048972 0.049337262007826 0.023382695841537 0.884328359148753 0.181176473640138 0.447817855234779 0.049337262007826 0.553571400000000 0.313008432332540
0.067193675889328 0.558333333333333 0.000000000000000 0.000000000000000 0.000000000000000 0.013307987780942 0.000018673139472 0.013664595176112 0.000269830654866 0.027368965991293 0.040518637038239 0.026509572706115 0.015588464595839 0.916044778155630 0.134117652128720 0.491461117711870 0.036818849287048 0.600529100000000 0.415205327889115
0.411067193675889 0.412500000000000 0.000000000000000 0.000000000000000 0.000000000000000 0.017110266875334 0.000123242878220 0.043478259411288 0.001712488502639 0.029434548317105 0.031604539559194 0.041973491222581 0.014029617645218 0.839552240943696 0.198823535889273 0.464895653966636 0.041973491222581 0.708333300000000 0.252560048167969
0.731225296442688 0.495833333333333 0.000000000000000 0.000000000000000 0.000000000000000 0.017110273719441 0.000123242878220 0.008695652553065 0.000109535243071 0.037180482561750 0.050243113048972 0.041237113613865 0.020265002641777 0.912313430298368 0.160000005294118 0.453510449119465 0.046391752235701 0.587963000000000 0.361805613905320
0.221343873517787 0.441666666666667 0.000000000000000 0.000000000000000 0.000000000000000 0.015209128012549 0.000209139398845 0.008695652553065 0.000045417009105 0.044151822824224 0.055915720469333 0.049337262007826 0.027279811464386 0.901119403517626 0.167058828076125 0.453510449119465 0.053019145412230 0.510361550000000 0.345870017159797
0.371541501976285 0.500000000000000 0.000000000000000 0.000000000000000 0.000000000000000 0.019011405738120 0.000164323864516 0.029813664235176 0.000512945421543 0.037180482561750 0.050243113048972 0.040500735342410 0.021044426467828 0.912313430298368 0.156470592844291 0.459203051543051 0.047864506790394 0.592813100000000 0.368225458061155
0.885375494071146 0.550000000000000 0.000000000000000 0.000000000000000 0.000000000000000 0.015209128012549 0.000209139398845 0.009937887034914 0.000117549941167 0.037955076543922 0.049432738893296 0.044918997681009 0.019485579517207 0.901119403517626 0.174117651916955 0.442125252811194 0.046391752235701 0.601851900000000 0.335079492174761
0.758893280632411 0.545833333333333 0.000000000000000 0.333333323333334 0.000000000000000 0.013307984701094 0.000063488718168 0.038509316117434 0.000109535437830 0.033565713665863 0.049432738893296 0.034609720437336 0.017147310143498 0.932835822524504 0.144705887148789 0.457305520248155 0.044918997681009 0.646164000000000 0.397715144009923
0.130434782608696 0.433333333333333 0.000000000000000 0.000000000000000 0.000000000000000 0.017110266875334 0.000392136316116 0.017391306000540 0.000438140858530 0.043893621809252 0.053484604566326 0.052282769128993 0.025720965916727 0.886194032237831 0.182352945162630 0.444022784106089 0.053019145412230 0.541887100000000 0.313719855042817
0.438735177865613 0.429166666666667 0.000000000000000 0.000000000000000 0.000000000000000 0.024714836014689 0.000063488698001 0.014906834353613 0.000032059063532 0.036664084017477 0.047811992040616 0.040500735342410 0.021823850293878 0.899253730428548 0.158823534830450 0.468690713140868 0.044182620072293 0.534391500000000 0.358181701124062
0.407114624505929 0.470833333333333 0.000000000000000 0.000000000000000 0.000000000000000 0.020912548022958 0.000153119817077 0.014906827645539 0.000224413563457 0.043119029221349 0.055915720469333 0.048600884399110 0.024941542792158 0.908582094194837 0.168235298539792 0.444022784106089 0.052282769128993 0.550044100000000 0.350252755090503
0.581027667984190 0.437500000000000 0.000000000000000 0.000000000000000 0.000000000000000 0.017110263453281 0.000481767505776 0.026086960118822 0.000440812265869 0.042602634162746 0.051863856984310 0.050810013248822 0.024941542792158 0.884328359148753 0.181176473640138 0.447817855234779 0.051546390857538 0.544733050000000 0.315769444783234
0.573122529644269 0.537500000000000 0.000000000000000 0.000000000000000 0.000000000000000 0.036121679457561 0.000466829192642 0.022360249294394 0.000416768077808 0.044151822824224 0.057536468051349 0.048600884399110 0.026500388339816 0.912313430298368 0.163529416685121 0.447817855234779 0.054491897978705 0.537017000000000 0.358407112850491
0.604743083003953 0.454166666666667 0.000000000000000 0.000000000000000 0.000000000000000 0.015209125274906 0.000029877025575 0.009937888823734 0.000085490853037 0.041569844045541 0.056726093895673 0.044918997681009 0.023382695841537 0.925373138563711 0.157647063307958 0.444022784106089 0.051546390857538 0.569444400000000 0.373325618713387
0.893280632411067 0.437500000000000 0.000000000000000 0.000000000000000 0.000000000000000 0.013307980594630 0.000153119927996 0.004968944411867 0.000053431858681 0.037696876226084 0.047811992040616 0.044918997681009 0.020265002641777 0.891791044788650 0.175294121321799 0.449715389945234 0.045655375952464 0.580026450000000 0.327537340374981
0.889328063241107 0.541666666666667 0.000000000000000 0.000000000000000 0.000000000000000 0.017110263453281 0.000436951961363 0.017391299292466 0.000277845446735 0.037696876226084 0.051053485016641 0.041237113613865 0.021044426467828 0.914179103387447 0.157647063307958 0.455407983829920 0.046391752235701 0.574074100000000 0.369409219653545
0.770750988142292 0.491666666666667 0.000000000000000 0.000000000000000 0.000000000000000 0.028517108607179 0.000436952001697 0.014906832117588 0.000128236320708 0.044151822824224 0.057536468051349 0.048600884399110 0.026500388339816 0.912313430298368 0.163529416685121 0.447817855234779 0.054491897978705 0.540123460000000 0.354459394201998
0.940711462450593 0.462500000000000 0.000000000000000 0.000000000000000 0.000000000000000 0.009505703211265 0.000063488718168 0.007453415835192 0.000128236320708 0.038729666343289 0.051053485016641 0.044182620072293 0.021044426467828 0.906716421105758 0.167058828076125 0.447817855234779 0.047864506790394 0.581349200000000 0.350992319431600
0.130434782608696 0.487500000000000 0.000000000000000 0.000000000000000 0.000000000000000 0.015209125274906 0.000119508213219 0.014906829210756 0.000352649959255 0.039504260325461 0.054294977992666 0.043446242463577 0.021044426467828 0.923507465474632 0.160000005294118 0.442125252811194 0.049337262007826 0.597442700000000 0.370438857845648
0.411067193675889 0.533333333333333 0.000000000000000 0.000000000000000 0.000000000000000 0.009505705264497 0.000108304369466 0.018633537351954 0.000376694205023 0.042602634162746 0.055105347042993 0.047864506790394 0.024941542792158 0.906716421105758 0.167058828076125 0.447817855234779 0.050073635640106 0.532627900000000 0.348891967984383
0.280632411067194 0.445833333333333 0.000000000000000 0.000000000000000 0.000000000000000 0.009505703211265 0.000063488718168 0.012422360470661 0.000085490853037 0.038213273376089 0.047811992040616 0.044182620072293 0.022603273418448 0.888059703647806 0.169411770062284 0.462998119256181 0.047128128518939 0.545855400000000 0.334219110035825
0.059288537549407 0.487500000000000 0.000000000000000 0.000000000000000 0.000000000000000 0.017110266875334 0.000078427269273 0.014906833235600 0.000224413650016 0.038729666343289 0.050243113048972 0.044182620072293 0.021823850293878 0.901119403517626 0.167058828076125 0.453510449119465 0.047128128518939 0.561507940000000 0.345557056304498
0.541501976284585 0.437500000000000 0.000000000000000 0.000000000000000 0.000000000000000 0.020912548022958 0.000153119958246 0.009937888823734 0.000149609058150 0.045184613638563 0.055105347042993 0.054491897978705 0.025720965916727 0.888059703647806 0.187058829134948 0.434535110553813 0.055228280889335 0.559171100000000 0.311098232892602
0.632411067193676 0.520833333333333 0.000000000000000 0.000000000000000 0.000000000000000 0.020912548022958 0.000197935492575 0.009937887034914 0.000053431764908 0.039246063493294 0.051863856984310 0.042709868831297 0.023382695841537 0.908582094194837 0.157647063307958 0.461100582837946 0.047864506790394 0.535714270000000 0.360545023965210
0.407114624505929 0.520833333333333 0.000000000000000 0.000000000000000 0.000000000000000 0.017110268928566 0.000123242878220 0.014906829210756 0.000064118166089 0.047508394190810 0.060777963215381 0.053019145412230 0.028838657713526 0.910447757209289 0.169411770062284 0.440227721516298 0.057437409739047 0.526234570000000 0.349230293744535
0.300395256916996 0.470833333333333 0.000000000000000 0.000000000000000 0.000000000000000 0.017110268928566 0.000123242817719 0.013664595176112 0.000045417030745 0.035631293900272 0.050243113048972 0.037555226895764 0.019485579517207 0.923507465474632 0.149411769003460 0.459203051543051 0.045655375952464 0.595899460000000 0.384696731244572
0.782608695652174 0.537500000000000 0.000000000000000 0.000000000000000 0.000000000000000 0.015209125274906 0.000253955013843 0.011180124870800 0.000280517077687 0.041828041574843 0.054294977992666 0.045655375952464 0.025720965916727 0.906716421105758 0.160000005294118 0.459203051543051 0.050073635640106 0.513888900000000 0.356669124141895
0.241106719367589 0.466666666666667 0.000000000000000 0.000000000000000 0.000000000000000 0.015209125274906 0.000209139408929 0.011180123529185 0.000088162498416 0.040537053928336 0.055105347042993 0.044182620072293 0.022603273418448 0.921641792385554 0.158823534830450 0.445920320524324 0.050073635640106 0.573412700000000 0.370438987112819
0.379446640316206 0.437500000000000 0.000000000000000 0.000000000000000 0.000000000000000 0.024714831566020 0.000197935522826 0.012422358234636 0.000149609058150 0.046217403755768 0.055105347042993 0.055964657172572 0.027279811464386 0.880597014649699 0.189411772179931 0.438330190221403 0.056701026828417 0.546516800000000 0.303900334676061
0.383399209486166 0.516666666666667 0.000000000000000 0.000000000000000 0.000000000000000 0.020912551445012 0.000153119867495 0.023602483999846 0.000269830525027 0.039762461340433 0.054294977992666 0.042709868831297 0.022603273418448 0.921641792385554 0.155294123439446 0.451612914409010 0.049337262007826 0.565476200000000 0.378870206611747
0.901185770750988 0.470833333333333 0.000000000000000 0.000000000000000 0.000000000000000 0.030418256025098 0.000074692558896 0.019875775411443 0.000245786293686 0.041053448986939 0.051863856984310 0.047128128518939 0.024162118966107 0.895522389287703 0.170588240525952 0.453510449119465 0.050073635640106 0.545855400000000 0.336852198351911
0.588932806324111 0.425000000000000 0.000000000000000 0.000000000000000 0.000000000000000 0.017110266875334 0.000257689622377 0.017391302199298 0.000149609094216 0.038987866661127 0.051863856984310 0.044182620072293 0.021044426467828 0.910447757209289 0.165882358671280 0.445920320524324 0.047128128518939 0.579365100000000 0.352818305507176
0.051383399209486 0.529166666666667 0.000000000000000 0.000000000000000 0.000000000000000 0.017110268928566 0.000123242817719 0.011180124870800 0.000056103400187 0.034598503783068 0.049432738893296 0.036082475654768 0.018706157094118 0.925373138563711 0.147058828076125 0.461100582837946 0.044918997681009 0.603836000000000 0.389695432277391
0.549407114624506 0.475000000000000 0.000000000000000 0.000000000000000 0.000000000000000 0.009505708002140 0.000063488798836 0.014906833235600 0.000224413650016 0.043119029221349 0.053484604566326 0.050810013248822 0.024941542792158 0.891791044788650 0.178823536948097 0.444022784106089 0.051546390857538 0.545634900000000 0.322724203204298
0.754940711462451 0.545833333333333 0.000000000000000 0.333333323333334 0.000000000000000 0.017110268928566 0.000123242817719 0.033540372823579 0.000376693988624 0.032532920062987 0.049432738893296 0.032400589599407 0.016367888421890 0.940298509843506 0.138823534830450 0.459203051543051 0.044918997681009 0.662037000000000 0.409510175634632
0.474308300395257 0.466666666666667 0.000000000000000 0.000000000000000 0.000000000000000 0.053231932644682 0.002494734795684 0.019875773175418 0.000790791044355 0.048541184308015 0.057536468051349 0.055964657172572 0.031956349510324 0.880597014649699 0.178823536948097 0.455407983829920 0.055964657172572 0.475000000000000 0.312842483504376
0.592885375494071 0.529166666666667 0.000000000000000 0.000000000000000 0.000000000000000 0.015209125274906 0.000074692634522 0.009937885022492 0.000053431819007 0.037955076543922 0.051053485016641 0.041973491222581 0.021044426467828 0.912313430298368 0.160000005294118 0.453510449119465 0.046391752235701 0.567460300000000 0.363233092798467
0.379446640316206 0.495833333333333 0.000000000000000 0.000000000000000 0.000000000000000 0.024714827459556 0.000511644605969 0.023602483999846 0.000494244091441 0.040795251457638 0.053484604566326 0.045655375952464 0.023382695841537 0.908582094194837 0.164705888207612 0.449715389945234 0.050810013248822 0.570105800000000 0.349378398666836
0.932806324110672 0.516666666666667 0.000000000000000 0.000000000000000 0.000000000000000 0.019011409160173 0.000209139257676 0.014906833235600 0.000256472622733 0.028918151167100 0.041329010464579 0.031664211327951 0.014029617645218 0.910447757209289 0.151764709930796 0.468690713140868 0.037555226895764 0.647222200000000 0.375433395468313
0.592885375494071 0.550000000000000 0.000000000000000 0.000000000000000 0.000000000000000 0.013307978883604 0.000063488728252 0.011180121293160 0.000024044300517 0.039504260325461 0.055105347042993 0.042709868831297 0.021044426467828 0.929104474667242 0.156470592844291 0.442125252811194 0.050073635640106 0.601190450000000 0.377268290905861
0.422924901185771 0.425000000000000 0.000000000000000 0.000000000000000 0.000000000000000 0.015209125274906 0.000209139408929 0.009937887034914 0.000085490954024 0.038471469511122 0.050243113048972 0.044182620072293 0.021044426467828 0.902985073248496 0.168235298539792 0.449715389945234 0.045655375952464 0.566137550000000 0.344969924817710
0.770750988142292 0.512500000000000 0.000000000000000 0.000000000000000 0.000000000000000 0.019011409160173 0.000253955013843 0.017391301528491 0.000213727241622 0.042344438724847 0.054294977992666 0.047128128518939 0.025720965916727 0.902985073248496 0.164705888207612 0.455407983829920 0.051546390857538 0.529982400000000 0.348829568874681
0.715415019762846 0.512500000000000 0.000000000000000 0.000000000000000 0.000000000000000 0.020912551445012 0.000242751087405 0.016149065705027 0.000045417059598 0.041053448986939 0.055915720469333 0.044182620072293 0.023382695841537 0.923507465474632 0.156470592844291 0.447817855234779 0.052282769128993 0.577601430000000 0.375736451436549
0.067193675889328 0.529166666666667 0.000000000000000 0.000000000000000 0.000000000000000 0.030418250549813 0.000567664066735 0.018633537351954 0.000216398728308 0.040020658869734 0.053484604566326 0.043446242463577 0.023382695841537 0.914179103387447 0.157647063307958 0.455407983829920 0.048600884399110 0.543871200000000 0.366324256959295
0.695652173913043 0.491666666666667 0.000000000000000 0.000000000000000 0.000000000000000 0.015209122195058 0.000253955074344 0.024844716469272 0.000213727068503 0.044668216488558 0.058346840019018 0.049337262007826 0.026500388339816 0.914179103387447 0.164705888207612 0.444022784106089 0.054491897978705 0.541887100000000 0.357819836987383
0.047430830039526 0.575000000000000 0.000000000000000 0.000000000000000 0.000000000000000 0.030418252603045 0.000791741990468 0.022360245716755 0.000897654334833 0.038471469511122 0.029983791977178 0.058173786022284 0.025720965916727 0.763059704067582 0.235294124498270 0.483870987408949 0.058173786022284 0.588163400000000 0.173766554067127
0.071146245059289 0.566666666666667 0.000000000000000 0.000000000000000 0.000000000000000 0.007604564006275 0.000074692674856 0.011180121293160 0.000056103400187 0.028918151167100 0.028363046583169 0.044182620072293 0.013250193819168 0.820895524493206 0.211764707813149 0.462998119256181 0.046391752235701 0.713227500000000 0.263324326881083
0.422924901185771 0.495833333333333 0.000000000000000 0.000000000000000 0.000000000000000 0.032319400363169 0.000601276077967 0.022360249294394 0.000480886203574 0.046217403755768 0.061588335183050 0.047864506790394 0.029618082241057 0.925373138563711 0.150588240525952 0.455407983829920 0.055964657172572 0.501014100000000 0.382781675052385
0.225296442687747 0.462500000000000 0.000000000000000 0.000000000000000 0.000000000000000 0.009505705264497 0.000108304353333 0.012422361365071 0.000085490896317 0.039246063493294 0.051053485016641 0.044182620072293 0.022603273418448 0.902985073248496 0.164705888207612 0.455407983829920 0.047864506790394 0.551587300000000 0.349084901754013
0.450592885375494 0.495833333333333 0.000000000000000 0.000000000000000 0.000000000000000 0.019011400262834 0.000343586143002 0.018633537351954 0.000408753141673 0.050864962071726 0.062398699857364 0.057437409739047 0.032735776843779 0.897388059018573 0.175294121321799 0.444022784106089 0.059646538588759 0.481593730000000 0.333663160476546
0.055335968379447 0.466666666666667 0.000000000000000 0.000000000000000 0.000000000000000 0.015209126301522 0.000119508199102 0.009937886587709 0.000085490965565 0.031758326080816 0.043760130014264 0.035346098046052 0.016367888421890 0.906716421105758 0.156470592844291 0.464895653966636 0.039764359059173 0.611640200000000 0.367761367096016
0.130434782608696 0.525000000000000 0.000000000000000 0.000000000000000 0.000000000000000 0.017110273719441 0.000168058523468 0.024844716469272 0.000341963651847 0.040795251457638 0.056726093895673 0.042709868831297 0.023382695841537 0.930970147756321 0.150588240525952 0.449715389945234 0.051546390857538 0.573633130000000 0.386106508929382
0.110671936758893 0.475000000000000 0.000000000000000 0.000000000000000 0.000000000000000 0.013307980594630 0.000063488798836 0.014906832117588 0.000128236219722 0.040795251457638 0.052674231139986 0.045655375952464 0.024162118966107 0.902985073248496 0.164705888207612 0.455407983829920 0.048600884399110 0.529761900000000 0.352530476204306
0.853754940711462 0.558333333333333 0.000000000000000 0.000000000000000 0.000000000000000 0.019011409160173 0.000164323773765 0.016149065705027 0.000045417059598 0.036922281546779 0.046191249563949 0.043446242463577 0.021044426467828 0.886194032237831 0.171764709930796 0.461100582837946 0.046391752235701 0.564153430000000 0.331596682064289
0.940711462450593 0.550000000000000 0.000000000000000 0.000000000000000 0.000000000000000 0.011406842758461 0.000044815594830 0.014906832117588 0.000096177311925 0.031500129248648 0.044570501981933 0.036082475654768 0.014029617645218 0.914179103387447 0.161176474698962 0.449715389945234 0.040500735342410 0.674074050000000 0.363607497529444
0.446640316205534 0.458333333333333 0.000000000000000 0.000000000000000 0.000000000000000 0.015209125274906 0.000119508213219 0.013664597412137 0.000077476068382 0.044668216488558 0.058346840019018 0.049337262007826 0.026500388339816 0.914179103387447 0.164705888207612 0.444022784106089 0.053019145412230 0.528218700000000 0.357558136440827
0.770750988142292 0.470833333333333 0.000000000000000 0.000000000000000 0.000000000000000 0.007604558530989 0.000029877021542 0.018633536233942 0.000280516983914 0.043377228842052 0.055105347042993 0.049337262007826 0.025720965916727 0.901119403517626 0.170588240525952 0.447817855234779 0.053019145412230 0.542107600000000 0.341246963165823
0.624505928853755 0.416666666666667 0.000000000000000 0.000000000000000 0.000000000000000 0.015209128012549 0.000074692619397 0.013664596517727 0.000109535250284 0.041311644424838 0.055915720469333 0.045655375952464 0.022603273418448 0.921641792385554 0.162352945162630 0.440227721516298 0.050810013248822 0.581349200000000 0.364551725376766
0.312252964426877 0.470833333333333 0.000000000000000 0.000000000000000 0.000000000000000 0.019011409160173 0.000164323743514 0.009937887034914 0.000021372755403 0.035631293900272 0.048622365466956 0.039764359059173 0.018706157094118 0.912313430298368 0.160000005294118 0.453510449119465 0.044918997681009 0.608465600000000 0.363705455183702
0.051383399209486 0.441666666666667 0.000000000000000 0.000000000000000 0.000000000000000 0.011406841731845 0.000134446774407 0.012422360470661 0.000053431865894 0.040278854307633 0.046191249563949 0.050073635640106 0.024162118966107 0.861940298870851 0.188235300657439 0.459203051543051 0.050073635640106 0.543650800000000 0.283763111699174
0.608695652173913 0.537500000000000 0.000000000000000 0.000000000000000 0.000000000000000 0.015209125274906 0.000119508310020 0.014906833235600 0.000064118166089 0.034856701312369 0.047811992040616 0.036818849287048 0.020265002641777 0.912313430298368 0.149411769003460 0.470588247851323 0.044182620072293 0.564153430000000 0.379496178686177
0.861660079051383 0.512500000000000 0.000000000000000 0.000000000000000 0.000000000000000 0.009505707317729 0.000108304403750 0.014906832117588 0.000320590820633 0.033049318607260 0.047001622990289 0.034609720437336 0.017926733969548 0.919776117617370 0.147058828076125 0.466793188677092 0.042709868831297 0.603703700000000 0.388424393520827
0.691699604743083 0.445833333333333 0.000000000000000 0.000000000000000 0.000000000000000 0.013307986754326 0.000153119968330 0.016149064587015 0.000141594259068 0.042344438724847 0.055915720469333 0.046391752235701 0.024941542792158 0.914179103387447 0.161176474698962 0.449715389945234 0.050810013248822 0.537698400000000 0.363607497529444
0.873517786561265 0.429166666666667 0.000000000000000 0.000000000000000 0.000000000000000 0.009505703211265 0.000063488718168 0.009937885022492 0.000053431819007 0.037955076543922 0.044570501981933 0.048600884399110 0.020265002641777 0.867537314779879 0.191764708871972 0.447817855234779 0.048600884399110 0.603174600000000 0.290371383740423
0.739130434782609 0.508333333333333 0.000000000000000 0.000000000000000 0.000000000000000 0.011406844811693 0.000268893609315 0.011180123529185 0.000056103378548 0.046475600587935 0.060777963215381 0.051546390857538 0.027279811464386 0.917910447886500 0.167058828076125 0.436432658926507 0.055964657172572 0.538580240000000 0.355796611034498
0.146245059288538 0.420833333333333 0.000000000000000 0.000000000000000 0.000000000000000 0.019011410528994 0.000388401788250 0.022360249294394 0.000064118115595 0.043377228842052 0.051053485016641 0.053755528322861 0.024941542792158 0.873134329009802 0.191764708871972 0.442125252811194 0.053755528322861 0.559171100000000 0.297177333824325
0.379446640316206 0.479166666666667 0.000000000000000 0.000000000000000 0.000000000000000 0.036121672613454 0.000377197962647 0.022360249294394 0.000609122649866 0.045184613638563 0.055915720469333 0.053019145412230 0.026500388339816 0.893656717877729 0.180000002117647 0.440227721516298 0.055228280889335 0.551587300000000 0.323343258645728
0.533596837944664 0.533333333333333 0.000000000000000 0.000000000000000 0.000000000000000 0.022813690307797 0.000179262318820 0.017391299292466 0.000149608957164 0.037180482561750 0.047811992040616 0.042709868831297 0.021044426467828 0.895522389287703 0.167058828076125 0.459203051543051 0.045655375952464 0.566798900000000 0.342346321690083
0.292490118577075 0.575000000000000 0.000000000000000 0.000000000000000 0.000000000000000 0.017110266875334 0.000123242878220 0.023602486235870 0.000366007774989 0.052414150036070 0.040518637038239 0.078792341835108 0.035853466536135 0.735074629559757 0.270588238408304 0.455407983829920 0.078792341835108 0.578708350000000 0.172167821355457
0.762845849802372 0.445833333333333 0.000000000000000 0.000000000000000 0.000000000000000 0.015209128012549 0.000119508199102 0.009937888823734 0.000117549991660 0.043635424279951 0.055105347042993 0.050810013248822 0.024941542792158 0.899253730428548 0.176470593903114 0.440227721516298 0.051546390857538 0.543871200000000 0.330382947276370
0.695652173913043 0.479166666666667 0.000000000000000 0.000000000000000 0.000000000000000 0.015209125274906 0.000119508310020 0.013664595176112 0.000301889822342 0.037696876226084 0.055915720469333 0.037555226895764 0.020265002641777 0.947761192125195 0.140000005294118 0.449715389945234 0.050810013248822 0.623015900000000 0.408163440037786
0.422924901185771 0.416666666666667 0.000000000000000 0.000000000000000 0.000000000000000 0.019011405738120 0.000164323773765 0.057142847879326 0.000277846911034 0.026594372009121 0.029983791977178 0.036818849287048 0.012470771396079 0.848880599001030 0.187058829134948 0.474383318980013 0.036818849287048 0.715608500000000 0.269771384294425
0.573122529644269 0.470833333333333 0.000000000000000 0.000000000000000 0.000000000000000 0.017110263453281 0.000168058432716 0.008695648528221 0.000077476108776 0.042086239104144 0.054294977992666 0.048600884399110 0.023382695841537 0.904850748016680 0.172941180394464 0.440227721516298 0.050810013248822 0.563492060000000 0.339023299232262
0.150197628458498 0.416666666666667 0.000000000000000 0.000000000000000 0.000000000000000 0.024714831566020 0.000377197962647 0.019875775411443 0.000309904397812 0.042086239104144 0.051053485016641 0.050810013248822 0.024162118966107 0.882462686059674 0.183529417743945 0.445920320524324 0.052282769128993 0.562918840000000 0.313666385440622
0.395256916996047 0.495833333333333 0.000000000000000 0.000000000000000 0.000000000000000 0.020912544600905 0.000242751168074 0.014906829210756 0.000416768077808 0.040278854307633 0.054294977992666 0.044182620072293 0.022603273418448 0.917910447886500 0.160000005294118 0.447817855234779 0.050073635640106 0.575396840000000 0.364748280305954
0.264822134387352 0.287500000000000 0.000000000000000 0.000000000000000 0.000000000000000 0.039923953761078 0.000168057303364 0.038509351893829 0.001231603298755 0.774335136307828 0.750405164103770 0.843888082151045 0.722525308728751 0.421641812534807 0.648235319716263 0.165085427589484 0.843888082151045 0.198052060000000 0.158726268457190
0.944664031620553 0.195833333333333 0.000000000000000 0.000000000000000 0.000000000000000 0.036121645237027 0.000780535835576 0.022360276126691 0.000512942824758 0.646269071146989 0.560777934041961 0.785714309383547 0.579890886051726 0.037313478572621 0.952941223806228 0.064516166493236 0.785714309383547 0.351331170000000 0.135121898521746
0.976284584980237 0.008333333333333 0.000000000000000 0.000000000000000 0.000000000000000 0.026615998831848 0.000209139832436 0.024844738829519 0.000213725330100 0.725794007770535 0.643435969557828 0.851251805219059 0.671083358656793 0.033582088737748 0.904705882913495 0.146110063407134 0.851251805219059 0.313159020000000 0.127100652371117
0.371541501976285 0.150000000000000 0.000000000000000 0.000000000000000 0.000000000000000 0.024714757307461 0.000332382156064 0.033540341519233 0.000344634503763 0.746708028557956 0.679902744569714 0.853461046734455 0.696804361752007 0.134328354950991 0.820000001058824 0.180265660870849 0.853461046734455 0.275957100000000 0.129788167202216
0.723320158102767 0.137500000000000 0.000000000000000 0.000000000000000 0.000000000000000 0.017110309651002 0.000123242716884 0.022360247058370 0.000545005411335 0.690162685984901 0.619935175202068 0.804860052983357 0.635229941224320 0.128731362549426 0.844705911501730 0.146110063407134 0.804860052983357 0.300018670000000 0.132563264738073
0.094861660079051 0.029166666666667 0.000000000000000 0.000000000000000 0.000000000000000 0.022813645821103 0.000089631482082 0.012422312172527 0.000277844768685 0.795765593981893 0.747163668939738 0.877025074543262 0.755261064528104 0.244403020191718 0.709411781709342 0.246679324503383 0.877025074543262 0.225725220000000 0.128549216922147
0.308300395256917 0.212500000000000 0.000000000000000 0.000000000000000 0.000000000000000 0.019011422848387 0.000388400477394 0.019875727336911 0.000438139141766 0.768138451375320 0.734197717457032 0.842415336211964 0.720966477912191 0.354477635059311 0.669411790179931 0.199241025053199 0.842415336211964 0.208012630000000 0.145387978203541
0.984189723320158 0.108333333333333 0.000000000000000 0.000000000000000 0.000000000000000 0.020912534334745 0.000242748969869 0.023602434807302 0.000686598295621 0.668732298024239 0.584278801331271 0.802650977152791 0.607170705933883 0.037313478572621 0.931764753342560 0.098671763956951 0.802650977152791 0.338486700000000 0.131908266308166
0.656126482213439 0.141666666666667 0.000000000000000 0.000000000000000 0.000000000000000 0.032319377777617 0.000735721450767 0.013664558058102 0.000205712045809 0.705654537742976 0.635332286347912 0.821796753889567 0.649259558869538 0.123134370147860 0.855294146733564 0.134724875637762 0.821796753889567 0.297414330000000 0.133692388287353
0.652173913043478 0.225000000000000 0.000000000000000 0.000000000000000 0.000000000000000 0.026615957767207 0.000791744511345 0.016149048934842 0.000237771386404 0.678543804137686 0.603727735848685 0.802650977152791 0.618082626871937 0.100746266213244 0.887058852429066 0.106261889136532 0.802650977152791 0.316474000000000 0.135148205230267
0.592885375494071 0.191666666666667 0.000000000000000 0.000000000000000 0.000000000000000 0.036121686301667 0.000780534675973 0.036024804222062 0.000301888300337 0.700232368713629 0.628849259553073 0.810014706848198 0.651597770020334 0.117537310582117 0.823529441038062 0.191650882795819 0.810014706848198 0.294514750000000 0.126924177501956
0.667984189723320 0.104166666666667 0.000000000000000 0.000000000000000 0.000000000000000 0.038022801210079 0.000343588704213 0.040993814596657 0.001049935914127 0.718306265478118 0.653160491516698 0.829896886377784 0.661730317638961 0.154850789154738 0.836470636256055 0.132827361420665 0.829896886377784 0.284653500000000 0.136289365735521
0.205533596837945 0.175000000000000 0.000000000000000 0.000000000000000 0.000000000000000 0.034220578237363 0.000448155474377 0.024844680692877 0.000309903864028 0.788794253719419 0.760940058030308 0.863033918534360 0.735775475891645 0.389925376736884 0.674117625446367 0.155597719881611 0.863033918534360 0.200484070000000 0.155652463030639
0.944664031620553 0.020833333333333 0.000000000000000 0.000000000000000 0.000000000000000 0.015209111928898 0.000164323259506 0.037267076939933 0.000833534860181 0.714691486125220 0.638573781511943 0.828424147066096 0.666406838147877 0.080223882382630 0.845882306788928 0.193548414090714 0.828424147066096 0.299601320000000 0.124517323521563
0.185770750988142 0.291666666666667 0.000000000000000 0.000000000000000 0.000000000000000 0.020912534334745 0.000242753124274 0.019875812529453 0.000309903777469 0.787245082486292 0.770664492468918 0.854197350116367 0.731098948367920 0.468283572597600 0.638823543301038 0.132827361420665 0.854197350116367 0.193079780000000 0.169673703641246
0.549407114624506 0.020833333333333 0.000000000000000 0.000000000000000 0.000000000000000 0.017110266875334 0.000347319410429 0.019875812529453 0.000277844263755 0.779499086893852 0.722852546376439 0.868924875781113 0.738113757190530 0.194029887085096 0.744705895619377 0.240986713540898 0.868924875781113 0.244020800000000 0.125950157768902
0.920948616600791 0.195833333333333 0.000000000000000 0.000000000000000 0.000000000000000 0.039923998247772 0.000392135307765 0.022360276126691 0.000384709790354 0.649367448469944 0.564019472966122 0.787187048695235 0.584567420590260 0.037313478572621 0.945882312083045 0.075901337184810 0.787187048695235 0.348862650000000 0.133944106722304
0.916996047430830 0.220833333333333 0.000000000000000 0.000000000000000 0.000000000000000 0.034220578237363 0.000806683681577 0.017391294820416 0.000149608185341 0.647043621906851 0.563209064531678 0.786450639275032 0.579111470643446 0.048507446584707 0.952941223806228 0.053130927490467 0.786450639275032 0.349210300000000 0.136861330993542
0.719367588932806 0.075000000000000 0.000000000000000 0.000000000000000 0.000000000000000 0.026615998831848 0.000612482232860 0.017391321652713 0.000309904325679 0.719855436711245 0.647487865862949 0.837260688974516 0.664068549834184 0.104477656048117 0.864705859619377 0.138519921149754 0.837260688974516 0.297205300000000 0.132114052927855
0.964426877470356 0.341666666666667 0.000000000000000 0.333333323333334 0.000000000000000 0.098859374857236 0.003928845527117 0.043478250467189 0.003539858149020 0.601600835835812 0.515397111145844 0.743004438564032 0.533904921000626 0.046641793644882 0.951764659107267 0.056926024235856 0.743004438564032 0.369637730000000 0.136421772251224
0.869565217391304 0.100000000000000 0.000000000000000 0.000000000000000 0.000000000000000 0.022813690307797 0.000134446774407 0.021118058415027 0.000077476108776 0.688355296308452 0.607779602980386 0.812223882089662 0.633671082348524 0.057835879194279 0.888235247716263 0.148007628857627 0.812223882089662 0.320014770000000 0.128147766813105
0.549407114624506 0.033333333333333 0.000000000000000 0.333333323333334 0.000000000000000 0.036121600750333 0.000556459676457 0.042236002345590 0.001431966964179 0.768913002135182 0.712317652449900 0.863033918534360 0.722525308728751 0.197761192964747 0.764705907266436 0.204933584782288 0.863033918534360 0.249894800000000 0.130919792155178
0.889328063241107 0.300000000000000 0.000000000000000 0.000000000000000 0.000000000000000 0.030418266291258 0.000522848623158 0.023602405738981 0.000366007125792 0.631809988592099 0.543760166481039 0.774668598861056 0.564302367441859 0.024253790456531 0.965882376671280 0.056926024235856 0.774668598861056 0.362061770000000 0.135163482259466
0.027667984189723 0.116666666666667 0.000000000000000 0.333333323333334 0.000000000000000 0.047528577653287 0.001139062257996 0.040993787764361 0.000504929865065 0.790343424952546 0.747974106547602 0.874815899301797 0.740452073563458 0.289179144105730 0.723529425155709 0.178368129575953 0.874815899301797 0.222953590000000 0.142028912029578
0.588932806324111 0.345833333333333 0.000000000000000 0.000000000000000 0.000000000000000 0.038022801210079 0.000612476081920 0.028571389281280 0.000366009397980 0.664342898198076 0.589951354051470 0.790132527318612 0.601714727927834 0.108209012300901 0.891764730048443 0.091081621699570 0.790132527318612 0.321505200000000 0.137167761338557
0.288537549407115 0.320833333333333 0.000000000000000 0.000000000000000 0.000000000000000 0.024714801794155 0.000332385110531 0.011180151479494 0.000152280768448 0.770978575398252 0.740680751545225 0.845360847972306 0.720187020415058 0.378731375142709 0.670588248996540 0.172675518613469 0.845360847972306 0.204675300000000 0.151920167281791
0.822134387351779 0.229166666666667 0.000000000000000 0.000000000000000 0.000000000000000 0.036121686301667 0.000466831007673 0.024844765661816 0.000438139055206 0.651432986876313 0.576985446328893 0.777614150385757 0.588464490616851 0.111940318180552 0.890588207702422 0.089184090404675 0.777614150385757 0.325711160000000 0.137548763731594
0.051383399209486 0.070833333333333 0.000000000000000 0.000000000000000 0.000000000000000 0.019011335243820 0.000074693098363 0.027329172464027 0.000309902017425 0.770203989781688 0.713938389091883 0.868924875781113 0.718628161539262 0.199626845904573 0.787058836546713 0.166982958884380 0.868924875781113 0.253298550000000 0.135195010018625
0.031620553359684 0.345833333333333 0.000000000000000 0.000000000000000 0.000000000000000 0.020912534334745 0.000556459878127 0.022360276126691 0.000480884710423 0.789052472162741 0.779578584113279 0.845360847972306 0.737334376856294 0.516791035973352 0.588235284775087 0.165085427589484 0.845360847972306 0.176789480000000 0.172725802255981
0.608695652173913 0.287500000000000 0.000000000000000 0.000000000000000 0.000000000000000 0.034220490975002 0.000179263982598 0.032298153770301 0.000502257411798 0.671572463875212 0.601296568892193 0.790868936738815 0.611847198383563 0.134328354950991 0.862352941986159 0.111954465943420 0.790868936738815 0.309059320000000 0.136899439626817
0.573122529644269 0.212500000000000 0.000000000000000 0.000000000000000 0.000000000000000 0.030418266291258 0.000209137654399 0.022360276126691 0.000256472067310 0.694810227569643 0.624797392421373 0.804860052983357 0.644582961197725 0.128731362549426 0.823529441038062 0.180265660870849 0.804860052983357 0.294583320000000 0.128769038263166
0.019762845849802 0.179166666666667 0.000000000000000 0.000000000000000 0.000000000000000 0.020912491216872 0.000108305139846 0.021118001172795 0.000398069387771 0.814097639476302 0.795786096400211 0.877761377925174 0.763055330847846 0.447761205558031 0.629411766885813 0.168880473101477 0.877761377925174 0.181149240000000 0.162007539297849
0.023715415019763 0.154166666666667 0.000000000000000 0.000000000000000 0.000000000000000 0.020912534334745 0.000108304252497 0.029813606098534 0.000256473553248 0.807126299213828 0.783630443951624 0.877761377925174 0.753702205652308 0.414179116820283 0.661176472581315 0.151802674369619 0.877761377925174 0.197114100000000 0.160092941416538
0.952569169960474 0.191666666666667 0.000000000000000 0.000000000000000 0.000000000000000 0.041825154220824 0.000791739701512 0.022360276126691 0.000224413390338 0.647818277236817 0.557536438877929 0.790868936738815 0.582229132276566 0.003731389834873 0.970588211937716 0.070208726222325 0.790868936738815 0.359342930000000 0.132619185380118
0.335968379446640 0.091666666666667 0.000000000000000 0.000000000000000 0.000000000000000 0.039923912696437 0.000616214441519 0.013664558058102 0.000141593674791 0.766072808398848 0.705834705881967 0.865243027501892 0.717848788219835 0.173507503254482 0.788235295363322 0.191650882795819 0.865243027501892 0.258603540000000 0.130601778128683
0.790513833992095 0.337500000000000 0.000000000000000 0.000000000000000 0.000000000000000 0.028517154804900 0.000212874138465 0.017391350721034 0.000213727530154 0.629744422300370 0.546191224037206 0.765095693924185 0.565861268406508 0.055970192672365 0.929411793356401 0.083491479442190 0.765095693924185 0.351220130000000 0.134534051868536
0.758893280632411 0.229166666666667 0.000000000000000 0.333333323333334 0.000000000000000 0.047528577653287 0.001452772682245 0.019875756628835 0.000438143094651 0.663051945408271 0.588330661169616 0.787187048695235 0.602494108262070 0.106343325778987 0.883529412449827 0.106261889136532 0.787187048695235 0.320663840000000 0.135726214148191
0.470355731225296 0.262500000000000 0.000000000000000 0.000000000000000 0.000000000000000 0.011406887929566 0.000089631512333 0.011180151479494 0.000056103540125 0.710043902712437 0.649918996352666 0.816642100024727 0.653936051319219 0.192164234145270 0.810588277584775 0.136622389854859 0.816642100024727 0.276784400000000 0.138269184779949
0.747035573122530 0.354166666666667 0.000000000000000 0.000000000000000 0.000000000000000 0.013307999415924 0.000197935825331 0.021118030241116 0.000301890125300 0.633100941381904 0.554294980180672 0.766568459745446 0.566640683814788 0.087686611679243 0.921176518110726 0.064516166493236 0.766568459745446 0.342938150000000 0.138365530791566
0.802371541501976 0.058333333333333 0.000000000000000 0.000000000000000 0.000000000000000 0.020912534334745 0.000332380512452 0.018633538469967 0.000344633486689 0.714433267681898 0.641815240209200 0.832842391510733 0.657833198508708 0.104477656048117 0.868235341951557 0.132827361420665 0.832842391510733 0.299582750000000 0.132753539297346
0.996047430830040 0.266666666666667 0.000000000000000 0.000000000000000 0.000000000000000 0.022813732741259 0.000268892500129 0.019875756628835 0.000277846737914 0.617350940893910 0.525121560171163 0.768041205684527 0.545596257346960 0.000000000000000 1.000000000000000 0.026565506439731 0.768041205684527 0.378681660000000 0.136347569537973
0.664031620553360 0.362500000000000 0.000000000000000 0.000000000000000 0.000000000000000 0.024714801794155 0.000153118002046 0.037267076939933 0.000545003074227 0.643687102825317 0.564019472966122 0.774668598861056 0.580670301460006 0.078358229442804 0.911764678166090 0.089184090404675 0.774668598861056 0.338288400000000 0.135252592667143
0.960474308300395 0.283333333333333 0.000000000000000 0.000000000000000 0.000000000000000 0.019011378361693 0.000119507684843 0.023602434807302 0.000333950475756 0.623547625826418 0.536466811478661 0.764359364032700 0.557287558619250 0.033582088737748 0.954117619093426 0.066413680710333 0.764359364032700 0.362171530000000 0.134730403663599
0.245059288537549 0.091666666666667 0.000000000000000 0.000000000000000 0.000000000000000 0.020912534334745 0.000332380572953 0.016149048934842 0.000045416918939 0.776142567812318 0.713128060884344 0.874815899301797 0.731098948367920 0.151119399319865 0.788235295363322 0.214421258334564 0.874815899301797 0.259130060000000 0.126539783944195
0.474308300395257 0.183333333333333 0.000000000000000 0.000000000000000 0.000000000000000 0.051330845112697 0.002901803173159 0.032298182838622 0.000854908210753 0.718564414208038 0.656401950213954 0.822533156682377 0.667186288630201 0.175373189776397 0.799999989411765 0.170777987318573 0.822533156682377 0.274795350000000 0.133155812015652
0.549407114624506 0.095833333333333 0.000000000000000 0.000000000000000 0.000000000000000 0.017110223073051 0.000123242686634 0.019875727336911 0.000149609606360 0.735347288469320 0.665316034564960 0.843888082151045 0.686671814133381 0.115671624060203 0.825882401024221 0.189753317345326 0.843888082151045 0.283524360000000 0.127175241207083
0.079051383399209 0.329166666666667 0.000000000000000 0.000000000000000 0.000000000000000 0.022813732741259 0.000044815289300 0.017391321652713 0.000406081647774 0.791118010569110 0.772285229110901 0.851988241148835 0.743569735196579 0.451492528228726 0.610588214055363 0.195445928307811 0.851988241148835 0.179697230000000 0.158874438852473
0.094861660079051 0.125000000000000 0.000000000000000 0.000000000000000 0.000000000000000 0.034220533750669 0.000582599153147 0.033540341519233 0.000472869990687 0.790601643395868 0.757698519106147 0.869661311710889 0.737334376856294 0.354477635059311 0.697647045307959 0.153700188586716 0.869661311710889 0.208293480000000 0.151822259991366
0.458498023715415 0.137500000000000 0.000000000000000 0.000000000000000 0.000000000000000 0.043726265707182 0.000242752620099 0.029813664235176 0.000224412748355 0.738962067822218 0.678282015221086 0.840206194107465 0.689010095432265 0.179104495656048 0.791764692989619 0.180265660870849 0.840206194107465 0.266390530000000 0.132389358424371
0.217391304347826 0.087500000000000 0.000000000000000 0.000000000000000 0.000000000000000 0.032319422264310 0.000422013910400 0.018633510743260 0.000472873554054 0.781048327840382 0.723662874583978 0.878497813854950 0.731878405865054 0.188432877892486 0.783529428332180 0.184060757616237 0.878497813854950 0.251420380000000 0.132373107694410
0.304347826086957 0.212500000000000 0.000000000000000 0.333333323333334 0.000000000000000 0.022813690307797 0.000403339294703 0.036024804222062 0.000622480472813 0.767105647315435 0.735008125891476 0.837260688974516 0.722525308728751 0.367537306384356 0.649411778532872 0.218216355079952 0.837260688974516 0.202278880000000 0.144167444298231
0.924901185770751 0.100000000000000 0.000000000000000 0.000000000000000 0.000000000000000 0.015209154704565 0.000298771738026 0.027329172464027 0.000438144140579 0.682674978549186 0.605348465197313 0.808541967536510 0.622759154395662 0.082089535322455 0.896470565314879 0.110056934648524 0.808541967536510 0.319498780000000 0.133621946073598
0.407114624505929 0.237500000000000 0.000000000000000 0.000000000000000 0.000000000000000 0.034220533750669 0.000582605304086 0.019875784355541 0.000598435938513 0.737412896589091 0.693679126366930 0.827687744273286 0.682774744106789 0.296641806238165 0.738823516830450 0.146110063407134 0.827687744273286 0.239143460000000 0.146756128501976
0.371541501976285 0.250000000000000 0.000000000000000 0.000000000000000 0.000000000000000 0.036121600750333 0.001094244596047 0.049689419522396 0.002714336404266 0.736638269144485 0.705024297447523 0.811487446159886 0.686671814133381 0.380597028082535 0.664705870207613 0.180265660870849 0.811487446159886 0.212263630000000 0.151262012718379
0.249011857707510 0.158333333333333 0.000000000000000 0.000000000000000 0.000000000000000 0.032319465382183 0.000242751974754 0.016149133903781 0.000301890861056 0.759101468136374 0.708265836371684 0.854197350116367 0.706157402769839 0.240671680729978 0.767058824899654 0.157495285332104 0.854197350116367 0.246491000000000 0.139762338110707
0.948616600790514 0.270833333333333 0.000000000000000 0.000000000000000 0.000000000000000 0.028517067884744 0.000212877405522 0.029813664235176 0.000512944512668 0.627936990795879 0.543760166481039 0.772459523030489 0.554949347468454 0.052238802837492 0.972941129570934 0.017077798731857 0.772459523030489 0.360194200000000 0.140373452854542
0.335968379446640 0.233333333333333 0.000000000000000 0.000000000000000 0.000000000000000 0.034220533750669 0.000627417672194 0.023602490707920 0.000494244271773 0.758843284549753 0.725283603932606 0.832106061619248 0.712392838273021 0.360074661042965 0.662352931397924 0.204933584782288 0.832106061619248 0.207701950000000 0.146235719020514
0.826086956521739 0.150000000000000 0.000000000000000 0.000000000000000 0.000000000000000 0.017110266875334 0.000212875731659 0.014906832117588 0.000352650161228 0.676994625933218 0.602107006500057 0.804860052983357 0.612626655880697 0.100746266213244 0.904705882913495 0.077798868479705 0.804860052983357 0.320097030000000 0.137821903583311
0.782608695652174 0.058333333333333 0.000000000000000 0.000000000000000 0.000000000000000 0.034220533750669 0.000851491814612 0.028571389281280 0.000558363205428 0.722437412004258 0.649918996352666 0.840942530626344 0.665627387665553 0.102611935944114 0.870588259584775 0.130929830125770 0.840942530626344 0.297527820000000 0.132973008091537
0.158102766798419 0.341666666666667 0.000000000000000 0.000000000000000 0.000000000000000 0.024714757307461 0.000153119222150 0.023602463875623 0.001007186039134 0.782855682660130 0.757698519106147 0.848306326595682 0.736554926373969 0.410447794149587 0.630588225702422 0.204933584782288 0.848306326595682 0.188313200000000 0.151554156522901
0.359683794466403 0.145833333333333 0.000000000000000 0.000000000000000 0.000000000000000 0.020912576768207 0.000242752327677 0.024844738829519 0.000726674094355 0.749548187437589 0.684764969082374 0.854197350116367 0.699922051444363 0.147388059858125 0.810588277584775 0.182163226321342 0.854197350116367 0.271501240000000 0.129825151043232
0.201581027667984 0.229166666666667 0.000000000000000 0.333333323333334 0.000000000000000 0.039923912696437 0.000257690590393 0.040993814596657 0.001530825445988 0.796281961155134 0.779578584113279 0.853461046734455 0.750584544019188 0.464552249926904 0.594117663564014 0.208728681527676 0.853461046734455 0.174128250000000 0.158677113356648
0.466403162055336 0.308333333333333 0.000000000000000 0.000000000000000 0.000000000000000 0.017110223073051 0.000302503674430 0.019875727336911 0.000438142192989 0.704363584953171 0.647487865862949 0.812223882089662 0.643803580863489 0.216417890273447 0.815294165792387 0.104364323686039 0.812223882089662 0.275466700000000 0.144012541937334
0.229249011857708 0.354166666666667 0.000000000000000 0.000000000000000 0.000000000000000 0.020912534334745 0.000422016169106 0.013664613958720 0.000173653477037 0.777949915660726 0.754457023942115 0.849042696251527 0.724084139545311 0.423507465474632 0.656470605550173 0.149905160152523 0.849042696251527 0.197733550000000 0.160865556183331
0.992094861660079 0.250000000000000 0.000000000000000 0.000000000000000 0.000000000000000 0.024714801794155 0.000332381087212 0.029813664235176 0.000512944512668 0.621482087420049 0.530794185824912 0.765832129853961 0.554949347468454 0.009328399027483 0.970588211937716 0.064516166493236 0.765832129853961 0.370097460000000 0.133413725202003
0.347826086956522 0.133333333333333 0.000000000000000 0.000000000000000 0.000000000000000 0.036121645237027 0.000332382438402 0.019875784355541 0.000245785810395 0.746966212144577 0.686385771364552 0.849779132181302 0.695245523920638 0.177238842716222 0.801176448228374 0.166982958884380 0.849779132181302 0.266022980000000 0.133669489531500
0.304347826086957 0.204166666666667 0.000000000000000 0.000000000000000 0.000000000000000 0.015209198506849 0.000209139913104 0.017391294820416 0.000277844956231 0.765298257638986 0.726094041540470 0.849779132181302 0.712392838273021 0.319029876590693 0.717647046366782 0.157495285332104 0.849779132181302 0.223363830000000 0.147273180394602
0.656126482213439 0.191666666666667 0.000000000000000 0.000000000000000 0.000000000000000 0.032319465382183 0.000377196944213 0.017391350721034 0.000502259215121 0.687322492248567 0.612641820199691 0.805596488913133 0.632891624851391 0.098880579691329 0.861176430228374 0.149905160152523 0.805596488913133 0.308812800000000 0.130907872714815
0.233201581027668 0.170833333333333 0.000000000000000 0.000000000000000 0.000000000000000 0.024714842858796 0.000601280665963 0.017391294820416 0.000534320142641 0.778208134104048 0.736628855240104 0.856406525357831 0.734216638060276 0.298507459177991 0.690588260643598 0.222011383514145 0.856406525357831 0.218379350000000 0.136736176869722
0.644268774703557 0.141666666666667 0.000000000000000 0.000000000000000 0.000000000000000 0.036121686301667 0.000601278780347 0.022360247058370 0.000160293446822 0.710560339599081 0.642625641350289 0.825478668442720 0.653156670984983 0.138059744785864 0.850588194996540 0.127134733380382 0.825478668442720 0.292502940000000 0.135285832796609
0.252964426877470 0.245833333333333 0.000000000000000 0.000000000000000 0.000000000000000 0.022813645821103 0.000179261038214 0.024844653860581 0.000406081481868 0.784404888749958 0.758508920247236 0.846833587283994 0.742010904380019 0.404850768165933 0.616470614020761 0.233396622516914 0.846833587283994 0.186098810000000 0.146477347901016
0.169960474308300 0.037500000000000 0.000000000000000 0.000000000000000 0.000000000000000 0.020912534334745 0.000063489050924 0.032298095633659 0.000406081647774 0.793699985862122 0.748784427461786 0.877025074543262 0.747466882386068 0.270522379632853 0.718823515771626 0.204933584782288 0.877025074543262 0.224139200000000 0.136376663045227
0.849802371541502 0.016666666666667 0.000000000000000 0.000000000000000 0.000000000000000 0.030418309409131 0.000343588079035 0.027329257432965 0.000374022696697 0.742576847175115 0.662884904075242 0.868924875781113 0.684333602982584 0.046641793644882 0.912941200512111 0.119544591123001 0.868924875781113 0.306736980000000 0.130563753435128
0.648221343873518 0.366666666666667 0.000000000000000 0.000000000000000 0.000000000000000 0.030418309409131 0.000478032796407 0.017391321652713 0.000341963182983 0.651174838146393 0.576175045187804 0.782032394830395 0.583787963093127 0.108209012300901 0.912941200512111 0.056926024235856 0.782032394830395 0.330417570000000 0.140417487632112
0.098814229249012 0.329166666666667 0.000000000000000 0.000000000000000 0.000000000000000 0.020912576768207 0.000377200019683 0.028571474250219 0.000205712601233 0.788536070132798 0.770664492468918 0.850515501837146 0.738893214687663 0.458955223943250 0.615294134027682 0.180265660870849 0.850515501837146 0.181789410000000 0.162130712444257
0.308300395256917 0.154166666666667 0.000000000000000 0.000000000000000 0.000000000000000 0.036121600750333 0.001004619456491 0.022360219108061 0.000256472990611 0.752130127873900 0.691247995877212 0.855670089428055 0.699922051444363 0.173507503254482 0.805882368200692 0.163187862138992 0.855670089428055 0.265899240000000 0.133823317463969
0.916996047430830 0.291666666666667 0.000000000000000 0.000000000000000 0.000000000000000 0.020912621597106 0.000332383971095 0.023602522012266 0.000398067757567 0.630260817358972 0.551863886157730 0.771723087100714 0.554949347468454 0.091417967932027 0.958823570830450 0.000000000000000 0.771723087100714 0.350038680000000 0.144686057469666
0.762845849802372 0.254166666666667 0.000000000000000 0.000000000000000 0.000000000000000 0.034220533750669 0.000403338266185 0.026086953410748 0.000825519087304 0.651432986876313 0.577795774536432 0.776141404446676 0.589243941099176 0.117537310582117 0.883529412449827 0.094876667211562 0.776141404446676 0.323420900000000 0.137391746089731
0.833992094861660 0.291666666666667 0.000000000000000 0.000000000000000 0.000000000000000 0.024714757307461 0.000108305976777 0.018633510743260 0.000056104247028 0.642654326650793 0.563209064531678 0.784977873453771 0.567420064149024 0.080223882382630 0.965882376671280 0.000000000000000 0.784977873453771 0.347902450000000 0.143835076579466
0.695652173913043 0.308333333333333 0.000000000000000 0.000000000000000 0.000000000000000 0.028517110318206 0.000168059481401 0.019875756628835 0.000309904037147 0.652207642206279 0.577795774536432 0.782032394830395 0.585346793909687 0.111940318180552 0.908235322892733 0.060721069747848 0.782032394830395 0.328603480000000 0.140307174050942
0.822134387351779 0.991666666666667 0.000000000000000 0.000000000000000 0.000000000000000 0.083650192091833 0.002405103807694 0.064596262820108 0.002746394374335 0.059643685039309 0.058346840019018 0.050073635640106 0.070927510649181 0.805970153213410 0.100000005294118 0.658444033901753 0.067010308048525 0.309021830000000 0.832949916274325
0.403162055335968 0.766666666666667 0.000000000000000 0.333333323333334 0.000000000000000 0.070342209786176 0.001587218004627 0.045962731058215 0.002738379611319 0.059385487510007 0.046191249563949 0.045655375952464 0.086515973140578 0.723880606137224 0.080000004235294 0.774193570973863 0.081737846968057 0.501683500000000 0.878210515951443
0.936758893280632 0.704166666666667 0.000000000000000 0.333333323333334 0.000000000000000 0.019011410528994 0.000343586304338 0.038509313881409 0.001199543958160 0.094758583880979 0.081037276993819 0.078792341835108 0.124707720975597 0.708955224782802 0.077647065425605 0.793168883922817 0.117820331238436 0.376252700000000 0.882554547598061
0.814229249011858 0.858333333333333 0.000000000000000 0.000000000000000 0.000000000000000 0.026615973166448 0.000478032856908 0.045962731058215 0.000654540145219 0.043893621809252 0.036466775011886 0.027982327260808 0.067809820956826 0.768656721655714 0.065882357612457 0.751423161279521 0.064064802915576 0.582611860000000 0.842807394182860
0.245059288537549 0.870833333333333 0.000000000000000 0.000000000000000 0.000000000000000 0.104562757225058 0.015390416775569 0.081987573292697 0.004392095049163 0.057061709746296 0.047811992040616 0.042709868831297 0.081060009164146 0.751865673928631 0.076470592844291 0.751423161279521 0.076583206358003 0.486717280000000 0.862451219480462
0.454545454545455 0.945833333333333 0.000000000000000 0.000000000000000 0.000000000000000 0.039923950339025 0.000885107566825 0.023602483999846 0.001648370470646 0.059385487510007 0.054294977992666 0.037555226895764 0.087295402578475 0.779850748436456 0.041176482110727 0.779886164858549 0.082474229878688 0.540540040000000 0.820745937044706
0.245059288537549 0.791666666666667 0.000000000000000 0.000000000000000 0.000000000000000 0.049429661763218 0.000926188926211 0.021118006539254 0.000398066935252 0.054221534832580 0.045380876137608 0.036818849287048 0.081060009164146 0.755597021785893 0.061176477875432 0.772296022601169 0.076583206358003 0.543201270000000 0.843957133327586
0.513833992094862 0.929166666666667 0.000000000000000 0.000000000000000 0.000000000000000 0.028517110318206 0.000302505086121 0.019875774069828 0.000438140771970 0.040020658869734 0.029173420009509 0.029455082478239 0.061574434557305 0.746268659698708 0.090588241584775 0.734345362547663 0.058173786022284 0.556613740000000 0.879309354049433
0.241106719367589 0.883333333333333 0.000000000000000 0.000000000000000 0.000000000000000 0.085551334376672 0.005770007897403 0.037267076939933 0.001763249461868 0.046475600587935 0.035656403044217 0.030927837032932 0.073265784933257 0.744402986609629 0.068235299598616 0.772296022601169 0.069219443525630 0.593149800000000 0.854634416913988
0.833992094861660 0.929166666666667 0.000000000000000 0.000000000000000 0.000000000000000 0.015209128012549 0.000119508199102 0.023602481763821 0.000205712514673 0.049573974425220 0.043760130014264 0.027982327260808 0.077942319471790 0.777985078705586 0.040000002117647 0.783681227448340 0.073637701225054 0.621324360000000 0.819660428574390
0.916996047430830 0.720833333333333 0.000000000000000 0.000000000000000 0.000000000000000 0.017110273719441 0.000078427269273 0.017391301528491 0.000566377030716 0.082623286061140 0.071312806088434 0.065537555482050 0.111457518738659 0.729477615329834 0.069411769003460 0.785578758743235 0.105301914541223 0.405555550000000 0.868410268144599
0.422924901185771 0.837500000000000 0.000000000000000 0.000000000000000 0.000000000000000 0.068441064079284 0.001434098026214 0.034782605293006 0.001431972302017 0.056028919629091 0.043760130014264 0.044918997681009 0.079501164317968 0.731343290098017 0.091764712048443 0.747628098689730 0.075110453791528 0.513394650000000 0.887549128869380
0.059288537549407 0.979166666666667 0.000000000000000 0.333333323333334 0.000000000000000 0.081749049806994 0.001094246814418 0.038509309409360 0.001263662495084 0.065582242155918 0.069692054859741 0.067010308048525 0.060015582696319 0.841417912521580 0.154117652975779 0.535104378481181 0.068483067242393 0.163351460000000 0.311183750680226
0.932806324110672 0.750000000000000 0.000000000000000 0.000000000000000 0.000000000000000 0.034220533750669 0.000313709073059 0.033540370587555 0.000729344022970 0.051123163086698 0.038897894561571 0.036082475654768 0.078721741894879 0.733208959828887 0.071764713107266 0.777988633563654 0.074374077508291 0.535819700000000 0.867365520802739
0.920948616600791 0.637500000000000 0.000000000000000 0.000000000000000 0.000000000000000 0.017110273719441 0.000212874138465 0.067080741175109 0.005802698244982 0.095274985910921 0.085089144125520 0.099410897647932 0.100545590785796 0.733208959828887 0.174117651916955 0.612903240129767 0.111929314345145 0.299149930000000 0.993727956904676
0.750988142292490 0.641666666666667 0.000000000000000 0.000000000000000 0.000000000000000 0.011406844811693 0.000179262409571 0.054658376232399 0.000822850024285 0.099664343909042 0.087520260028527 0.093519880754640 0.117692912152988 0.718283585190883 0.125882357612457 0.705882370923094 0.116347565417176 0.318128650000000 0.946456933760900
0.162055335968379 0.787500000000000 0.000000000000000 0.000000000000000 0.000000000000000 0.019011405738120 0.000433217332662 0.009937885022492 0.000181668074147 0.053705141865380 0.042139383890919 0.039027982775935 0.080280593755866 0.736940304327940 0.074117649799308 0.770398491306273 0.075846836702159 0.515319900000000 0.864820048767299
0.620553359683794 0.729166666666667 0.000000000000000 0.000000000000000 0.000000000000000 0.030418250549813 0.000343586344672 0.033540368351530 0.001306406815841 0.084172478208287 0.068071318217758 0.071428572375342 0.113016356570028 0.695895531629399 0.090588241584775 0.785578758743235 0.106774660480304 0.428864500000000 0.900454055132112
0.003952569169960 0.975000000000000 0.000000000000000 0.000000000000000 0.000000000000000 0.064638782931660 0.002181025379785 0.070807449763512 0.002364357697914 0.044668216488558 0.045380876137608 0.039764359059173 0.049103661758265 0.824626867313154 0.118823534830450 0.609108174124416 0.047864506790394 0.191049380000000 0.805959015088249
0.865612648221344 0.870833333333333 0.000000000000000 0.333333323333334 0.000000000000000 0.077946778925531 0.001139063266347 0.050931672116045 0.002994854336079 0.044926416806396 0.041329010464579 0.035346098046052 0.058456744864949 0.794776123074460 0.096470593903114 0.675521832633610 0.055228280889335 0.427353830000000 0.844188639077751
0.474308300395257 0.941666666666667 0.000000000000000 0.000000000000000 0.000000000000000 0.045627370349434 0.001165204759738 0.034782600820956 0.000566377030716 0.052155953901037 0.044570501981933 0.033873342165881 0.078721741894879 0.764925378835765 0.056470594961938 0.770398491306273 0.074374077508291 0.557234760000000 0.836483291672651
0.513833992094862 0.845833333333333 0.000000000000000 0.000000000000000 0.000000000000000 0.026615969059983 0.000657294953890 0.028571425057675 0.000173653267851 0.047508394190810 0.036466775011886 0.031664211327951 0.074824629779435 0.742537313520550 0.067058830193772 0.776091085190959 0.070692196092105 0.568162400000000 0.856605523015390
0.245059288537549 0.700000000000000 0.000000000000000 0.000000000000000 0.000000000000000 0.022813693729850 0.000224078054819 0.034782609765055 0.000406081842533 0.082365095503179 0.071312806088434 0.062592050349101 0.113795793022734 0.731343290098017 0.056470594961938 0.804554088769988 0.107511050018328 0.419762160000000 0.854295686564382
0.296442687747036 0.991666666666667 0.000000000000000 0.333333323333334 0.000000000000000 0.070342216630283 0.002080191715713 0.052173913529571 0.003975328237937 0.093209398705171 0.089141003963866 0.086892487578111 0.103663287492961 0.776119407295611 0.123529416685121 0.650853905306612 0.099410897647932 0.203248890000000 0.941402822439538
0.217391304347826 0.966666666666667 0.000000000000000 0.000000000000000 0.000000000000000 0.076045633218639 0.005318115505369 0.057142854587400 0.000598435794247 0.045184613638563 0.037277146979555 0.032400589599407 0.066250976110648 0.764925378835765 0.081176476816609 0.730550299957872 0.062592050349101 0.525436940000000 0.852458867228430
0.596837944664032 0.983333333333333 0.000000000000000 0.000000000000000 1.000000000000000 0.055133068085413 0.001228694657677 0.159006192111417 0.003131111294381 0.152853090715820 0.153970819724237 0.166421199069063 0.137178479745020 0.792910451664485 0.232941175100346 0.457305520248155 0.166421199069063 0.215788040000000 0.216344826387895
0.873517786561265 0.970833333333333 0.000000000000000 0.333333323333334 0.000000000000000 0.100760458967167 0.000646091672797 0.050931672116045 0.001552194107918 0.072295377917750 0.070502434120765 0.064801179198813 0.081839438602044 0.798507464215304 0.112941181453287 0.645161302883026 0.078792341835108 0.226481690000000 0.901103832511382
0.142292490118577 0.650000000000000 0.000000000000000 0.000000000000000 0.000000000000000 0.030418256025098 0.000567664540660 0.168944083171175 0.003323457167206 0.098115158733235 0.085089144125520 0.111192938061908 0.096648478670351 0.712686570960960 0.217647062249135 0.563567376936870 0.117083954955199 0.314506740000000 0.004884301266038
0.509881422924901 0.741666666666667 0.000000000000000 0.000000000000000 0.000000000000000 0.030418256025098 0.000343586425340 0.026086960118822 0.000665225947697 0.083656083149685 0.068881690185427 0.067010308048525 0.115354637868912 0.705223888679271 0.071764713107266 0.806451620064883 0.108983802584803 0.439442630000000 0.879405918304324
0.972332015810277 0.775000000000000 0.000000000000000 0.000000000000000 0.000000000000000 0.011406838651997 0.000044815578697 0.013664592940087 0.000045417081238 0.041828041574843 0.029983791977178 0.026509572706115 0.069368665803003 0.738805977417019 0.068235299598616 0.777988633563654 0.065537555482050 0.617059470000000 0.859396988796817
0.430830039525692 0.679166666666667 0.000000000000000 0.000000000000000 0.000000000000000 0.013307983674478 0.000063488698001 0.038509313881409 0.000109535069952 0.093983998264415 0.079416533058481 0.083210599534532 0.119251749984357 0.703358215590193 0.102352947280277 0.759013286459102 0.112665684000989 0.359295580000000 0.910247268790347
0.418972332015810 0.895833333333333 0.000000000000000 0.000000000000000 0.000000000000000 0.053231946332895 0.003122152921636 0.079503101645770 0.001848739690306 0.054737931982585 0.042139383890919 0.043446242463577 0.078721741894879 0.729477615329834 0.090588241584775 0.751423161279521 0.074374077508291 0.526881300000000 0.890360840911481
0.462450592885375 0.650000000000000 0.000000000000000 0.333333323333334 0.000000000000000 0.030418244390117 0.000522848219817 0.045962724350141 0.000718657722775 0.101729924143452 0.094003243063235 0.091310751904928 0.120031165392637 0.748134334466891 0.105882358671280 0.707779895386870 0.113402053656833 0.248449010000000 0.898138947266633
0.288537549407115 0.850000000000000 0.000000000000000 0.000000000000000 0.000000000000000 0.015209130407986 0.000074692649647 0.011180124870800 0.000088162455136 0.048282984687312 0.037277146979555 0.029455082478239 0.078721741894879 0.742537313520550 0.052941179335640 0.798861494885302 0.074374077508291 0.603703700000000 0.845328792306354
0.782608695652174 0.870833333333333 0.000000000000000 0.000000000000000 0.000000000000000 0.039923957183131 0.000840291800576 0.019875774069828 0.000341963421022 0.046217403755768 0.038897894561571 0.033136965882644 0.067030391518928 0.768656721655714 0.080000004235294 0.728652768662977 0.063328420004945 0.503900100000000 0.851995217786222
0.632411067193676 0.687500000000000 0.000000000000000 0.000000000000000 0.000000000000000 0.013307988465353 0.000153119958246 0.026086953410748 0.000280516933421 0.090627423412159 0.073743921991442 0.078055965551871 0.120031165392637 0.688432835914875 0.092941181453287 0.789373821333026 0.113402053656833 0.407734220000000 0.903996076321688
0.403162055335968 0.854166666666667 0.000000000000000 0.000000000000000 0.000000000000000 0.051330797203950 0.000571398755937 0.018633536233942 0.000857580447621 0.049315778987321 0.037277146979555 0.033136965882644 0.077942319471790 0.735074629559757 0.065882357612457 0.785578758743235 0.073637701225054 0.593123560000000 0.860125333754822
0.086956521739130 0.941666666666667 0.000000000000000 0.000000000000000 0.000000000000000 0.057034220636412 0.002464857967746 0.039751548586860 0.001496091271738 0.040795251457638 0.030794166132854 0.030191456110519 0.061574434557305 0.751865673928631 0.090588241584775 0.728652768662977 0.058173786022284 0.541265850000000 0.877119954309931
0.679841897233202 0.866666666666667 0.000000000000000 0.000000000000000 0.000000000000000 0.095057035534705 0.003525493829700 0.063354032586706 0.004768789848633 0.038987866661127 0.029983791977178 0.028718704869524 0.058456744864949 0.759328357889424 0.091764712048443 0.719165095110701 0.055228280889335 0.561253550000000 0.871720464613070
0.592885375494071 0.733333333333333 0.000000000000000 0.000000000000000 0.000000000000000 0.041825096045917 0.000746926587225 0.045962731058215 0.000750716291548 0.081074107856673 0.068071318217758 0.064064802915576 0.111457518738659 0.718283585190883 0.069411769003460 0.796963963590406 0.105301914541223 0.428362550000000 0.873109818084998
0.770750988142292 0.970833333333333 0.000000000000000 0.000000000000000 0.000000000000000 0.043726245174862 0.000556460180632 0.080745343059295 0.005014574038995 0.053963339394681 0.048622365466956 0.046391752235701 0.067030391518928 0.779850748436456 0.108235298539792 0.671726773459379 0.063328420004945 0.383371900000000 0.903990855271049
0.893280632411067 0.879166666666667 0.000000000000000 0.000000000000000 0.000000000000000 0.072243345226908 0.002629180420571 0.058385096000926 0.005238986537842 0.065065840125975 0.062398699857364 0.050810013248822 0.082618861025133 0.794776123074460 0.078823534830450 0.703984836212639 0.078055965551871 0.373692960000000 0.830872273879193
0.185770750988142 0.754166666666667 0.000000000000000 0.000000000000000 0.000000000000000 0.041825102890023 0.001015819712531 0.064596262820108 0.003483754375111 0.069455205095436 0.063209079118388 0.049337262007826 0.096648478670351 0.768656721655714 0.051764714166090 0.774193570973863 0.091310751904928 0.476235780000000 0.831445112110311
0.403162055335968 0.941666666666667 0.000000000000000 0.000000000000000 0.000000000000000 0.034220537172722 0.000448155847466 0.012422358234636 0.000341963507581 0.055770722099790 0.047811992040616 0.037555226895764 0.082618861025133 0.761194030978503 0.057647064366782 0.772296022601169 0.078055965551871 0.522999200000000 0.837832018319676
0.956521739130435 0.645833333333333 0.000000000000000 0.000000000000000 0.000000000000000 0.020912550076190 0.000332382055229 0.016149063021797 0.000237771660509 0.093209398705171 0.081847648961488 0.080265094401583 0.117692912152988 0.725746269151676 0.091764712048443 0.753320692574416 0.111192938061908 0.330512550000000 0.891179924707749
0.494071146245059 0.941666666666667 0.000000000000000 0.000000000000000 0.000000000000000 0.032319390097009 0.000242751208408 0.022360249294394 0.000352649786136 0.040278854307633 0.030794166132854 0.027982327260808 0.062353856980394 0.755597021785893 0.082352948339100 0.738140425137454 0.058910162305522 0.553811900000000 0.863136452997827
0.304347826086957 0.729166666666667 0.000000000000000 0.000000000000000 0.000000000000000 0.096958201773917 0.002139941943197 0.079503101645770 0.003034925337973 0.246062482449651 0.227714741715679 0.290868930111422 0.215900235669517 0.628731354153904 0.404705898795848 0.347248602677430 0.290868930111422 0.302285580000000 0.165202318650122
0.047430830039526 0.750000000000000 0.000000000000000 0.000000000000000 0.000000000000000 0.121673010412179 0.005452565667835 0.173913037645153 0.028874541498109 0.176349093767594 0.171799024893023 0.198085425640019 0.157443490804568 0.746268659698708 0.277647065425605 0.432637596336717 0.199558164951707 0.237112600000000 0.199090160577525
0.086956521739130 0.737500000000000 0.000000000000000 0.000000000000000 0.000000000000000 0.057034244590786 0.000492970383528 0.165217405887118 0.026846807392842 0.213271368343032 0.200162080228218 0.250368201396405 0.186282141503285 0.675373131007741 0.359999997882353 0.371916526588869 0.250368201396405 0.284148160000000 0.172859820414325
0.802371541501976 0.691666666666667 0.000000000000000 0.000000000000000 0.000000000000000 0.060836532582517 0.010785620192184 0.186335362339418 0.019716353818117 0.229279643045070 0.211507295068941 0.269513998015361 0.203429455855668 0.638059702808253 0.378823540124567 0.379506651768450 0.269513998015361 0.281089540000000 0.158366586753254
0.000000000000000 0.741666666666667 0.000000000000000 0.000000000000000 0.000000000000000 0.047528471569632 0.000466828688466 0.277018618818719 0.061021790506129 0.164471986505716 0.153970819724237 0.194403537596439 0.142634450736260 0.708955224782802 0.314117638152249 0.411764717937270 0.194403537596439 0.233096690000000 0.171979981048090
0.138339920948617 0.741666666666667 0.000000000000000 0.000000000000000 0.000000000000000 0.066539914950339 0.002483528287869 0.130434778233865 0.015572696597354 0.218693523429699 0.207455435230595 0.251840940708093 0.194076372748983 0.686567166184005 0.342352956809688 0.388994325320726 0.251840940708093 0.266302200000000 0.171879958476699
0.134387351778656 0.741666666666667 0.000000000000000 0.000000000000000 0.000000000000000 0.087452435596870 0.002898070863665 0.100621111762664 0.011084425701863 0.222566493340558 0.211507295068941 0.255522835379066 0.197973484864428 0.686567166184005 0.342352956809688 0.388994325320726 0.255522835379066 0.262981150000000 0.171564110095002
0.762845849802372 0.695833333333333 0.000000000000000 0.000000000000000 0.000000000000000 0.041825089201810 0.001060638382831 0.178881976466958 0.009072718814374 0.234701798131737 0.216369526874956 0.277614143758364 0.206547152562832 0.632462693615644 0.392941172982699 0.362428853036593 0.277614143758364 0.296962950000000 0.157876697754302
0.162055335968379 0.737500000000000 0.000000000000000 0.000000000000000 0.000000000000000 0.062737633802715 0.001826233333979 0.031055901176652 0.001263661485223 0.214562369932219 0.200972444902532 0.252577310363937 0.187061563926374 0.671641791546001 0.364705886089965 0.368121463999078 0.252577310363937 0.301747200000000 0.172535091210160
0.090909090909091 0.737500000000000 0.000000000000000 0.000000000000000 0.000000000000000 0.058935400563838 0.001228694153502 0.147826097650553 0.027808587610690 0.213529572843674 0.199351708260549 0.251840940708093 0.186282141503285 0.667910452084261 0.365882344906574 0.370018995293973 0.251840940708093 0.290795770000000 0.168879113455529
0.652173913043478 0.704166666666667 0.000000000000000 0.000000000000000 0.000000000000000 0.049429634386791 0.001598422999916 0.163975126461172 0.033149098363775 0.219209925459641 0.209076171872578 0.250368201396405 0.195635231624778 0.694029861898530 0.332941180394464 0.396584450500308 0.250368201396405 0.252952780000000 0.171764709239942
0.901185770750988 0.683333333333333 0.000000000000000 0.000000000000000 0.000000000000000 0.039923933228758 0.000526583594698 0.126708051757264 0.018850744120228 0.230054228661634 0.211507295068941 0.271723120237680 0.203429455855668 0.632462693615644 0.385882356553633 0.373814057883764 0.271723120237680 0.286833850000000 0.159983416868745
0.454545454545455 0.720833333333333 0.000000000000000 0.000000000000000 0.000000000000000 0.076045643484799 0.002136210238713 0.237267063523785 0.032521266965583 0.221017301193410 0.209886558426958 0.251840940708093 0.198752921317134 0.686567166184005 0.331764721577855 0.406072124052584 0.254050089439985 0.250721450000000 0.139123573622816
0.403162055335968 0.725000000000000 0.000000000000000 0.000000000000000 0.000000000000000 0.062737613270394 0.004694435436511 0.221117978812548 0.068467532830450 0.215336962520123 0.202593203424580 0.245213547531564 0.195635231624778 0.677238817529656 0.325882363965398 0.425047454079336 0.248895442202537 0.250443970000000 0.099652346858065
0.521739130434783 0.712500000000000 0.000000000000000 0.000000000000000 0.000000000000000 0.085551375441312 0.005501109589174 0.193788792932373 0.051390730293413 0.207591029669745 0.198541321706170 0.234904286193636 0.187061563926374 0.705223888679271 0.311764709930796 0.419354860194650 0.237849784699192 0.256077830000000 0.138742218682951
0.102766798418972 0.741666666666667 0.000000000000000 0.000000000000000 0.000000000000000 0.034220523484509 0.000313708831055 0.058385096000926 0.001808666885089 0.228505057428507 0.211507295068941 0.269513998015361 0.201091181571592 0.643656728791908 0.382352937750865 0.368121463999078 0.269513998015361 0.297841040000000 0.164505350359778
0.249011857707510 0.729166666666667 0.000000000000000 0.000000000000000 0.000000000000000 0.074144501199960 0.001960681378908 0.152795036472358 0.038655227066764 0.214562369932219 0.200972444902532 0.251104571052249 0.188620422802169 0.671641791546001 0.357647069660900 0.379506651768450 0.251104571052249 0.276726480000000 0.167521573137812
0.011857707509881 0.741666666666667 0.000000000000000 0.000000000000000 0.000000000000000 0.070342240584656 0.003917629439970 0.262111757632810 0.082661708355119 0.184353224147273 0.170988660218709 0.218703974825449 0.160561187511732 0.682835826722265 0.339999996823529 0.396584450500308 0.218703974825449 0.271472570000000 0.158339423859580
0.537549407114625 0.712500000000000 0.000000000000000 0.000000000000000 0.000000000000000 0.062737647490928 0.003887752107856 0.080745327407123 0.006649590887788 0.243480514127979 0.229335500237727 0.284241536934893 0.213561961385442 0.658582086638867 0.384705897737024 0.349146116894527 0.284241536934893 0.285756170000000 0.175106735650568
0.106719367588933 0.737500000000000 0.000000000000000 0.000000000000000 0.000000000000000 0.049429648075004 0.001508790701070 0.114285704702751 0.013710604967191 0.208882010344911 0.196110220389872 0.241531652860592 0.186282141503285 0.679104487260526 0.337647068602076 0.404174592757688 0.241531652860592 0.275862900000000 0.161266519441992
0.173913043478261 0.737500000000000 0.000000000000000 0.000000000000000 0.000000000000000 0.083650202357993 0.002763628263830 0.069565224002160 0.005439358859219 0.232377999454005 0.216369526874956 0.273932268969571 0.203429455855668 0.649253737984518 0.385882356553633 0.356736259151907 0.273932268969571 0.299865250000000 0.168459398063225
0.142292490118577 0.741666666666667 0.000000000000000 0.000000000000000 0.000000000000000 0.047528533166593 0.001497586814967 0.127950320003086 0.017229079511292 0.209140207874213 0.197730949738500 0.240795303086927 0.186282141503285 0.688432835914875 0.332941180394464 0.402277061462793 0.240795303086927 0.265248330000000 0.166854218780992
0.454545454545455 0.720833333333333 0.000000000000000 0.000000000000000 0.000000000000000 0.076045643484799 0.002136210238713 0.237267063523785 0.032521266965583 0.221017301193410 0.209886558426958 0.251840940708093 0.198752921317134 0.686567166184005 0.331764721577855 0.406072124052584 0.254050089439985 0.250721450000000 0.139123573622816
0.055335968379447 0.741666666666667 0.000000000000000 0.000000000000000 0.000000000000000 0.051330766405469 0.000929922344891 0.044720494116739 0.002083839549702 0.223857474015723 0.206645063262926 0.267304875793042 0.194076372748983 0.643656728791908 0.392941172982699 0.351043665267221 0.267304875793042 0.315362630000000 0.168919102338552
0.146245059288538 0.741666666666667 0.000000000000000 0.000000000000000 0.000000000000000 0.034220554282989 0.000224077853149 0.139130443532271 0.024033613383833 0.202685262670341 0.192058353258171 0.233431500490195 0.180046755103764 0.695895531629399 0.327058833370242 0.404174592757688 0.233431500490195 0.271207700000000 0.167044661219706
0.806324110671937 0.691666666666667 0.000000000000000 0.000000000000000 0.000000000000000 0.096958225728291 0.009713773587341 0.190062077635896 0.012527105405917 0.226181251779435 0.207455435230595 0.267304875793042 0.200311759148503 0.632462693615644 0.382352937750865 0.379506651768450 0.267304875793042 0.296365000000000 0.154942332992062
0.707509881422925 0.700000000000000 0.000000000000000 0.000000000000000 0.000000000000000 0.077946792613744 0.002528349579881 0.101863357648239 0.005247003392713 0.247353470096157 0.228525128270058 0.292341669423110 0.217459073500886 0.624999997901119 0.405882368200692 0.349146116894527 0.292341669423110 0.301165820000000 0.162670998851621
0.482213438735178 0.716666666666667 0.000000000000000 0.000000000000000 0.000000000000000 0.038022811476239 0.000657295861406 0.141614912943173 0.026641094348641 0.224890278075609 0.214748790232972 0.259204703540466 0.197973484864428 0.692164175376615 0.349411762650519 0.371916526588869 0.259204703540466 0.266436100000000 0.180202313194040
0.300395256916996 0.729166666666667 0.000000000000000 0.000000000000000 0.000000000000000 0.068441053813124 0.002688934278118 0.052173902349447 0.002564726917574 0.243738711657280 0.226904369748009 0.287923405096293 0.212782538962353 0.639925389330168 0.401176479993080 0.341555991714945 0.287923405096293 0.303376600000000 0.169144161518154
0.059288537549407 0.745833333333333 0.000000000000000 0.000000000000000 0.000000000000000 0.129277559019214 0.006931478230110 0.191304323521471 0.053143268579393 0.206558232581200 0.190437594736123 0.244477177875720 0.181605613979560 0.656716433699042 0.362352957868512 0.387096794025831 0.244477177875720 0.300389680000000 0.148324290367304
0.557312252964427 0.712500000000000 0.000000000000000 0.000000000000000 0.000000000000000 0.085551300156138 0.001109184320872 0.050931656463872 0.002610143403067 0.240640348277005 0.230145864912041 0.279823252725897 0.208885426846908 0.684701496453135 0.376470580138408 0.335863397830259 0.279823252725897 0.293207650000000 0.184858197691641
0.035573122529644 0.745833333333333 0.000000000000000 0.000000000000000 0.000000000000000 0.091254774919401 0.007036044707853 0.055900633298097 0.001915529382105 0.229796031132333 0.213938418265303 0.272459489893524 0.199532343740223 0.651119407715388 0.390588244761246 0.347248602677430 0.272459489893524 0.305705250000000 0.171930893099324
0.640316205533597 0.704166666666667 0.000000000000000 0.000000000000000 0.000000000000000 0.060836512050196 0.001195082999368 0.204968938821805 0.046125000479804 0.211722183167225 0.200162080228218 0.240795303086927 0.191738112494525 0.686567166184005 0.321176486346021 0.423149922784441 0.240795303086927 0.238490430000000 0.138849795829220
0.003952569169960 0.745833333333333 0.000000000000000 0.000000000000000 0.000000000000000 0.087452456129190 0.001463976971689 0.055900617645924 0.002139944622003 0.220759103664109 0.204213940066564 0.265832096716995 0.188620422802169 0.649253737984518 0.400000010588235 0.333965866535363 0.265832096716995 0.329007270000000 0.173888518481554
0.537549407114625 0.712500000000000 0.000000000000000 0.000000000000000 0.000000000000000 0.062737647490928 0.003887752107856 0.080745327407123 0.006649590887788 0.243480514127979 0.229335500237727 0.284241536934893 0.213561961385442 0.658582086638867 0.384705897737024 0.349146116894527 0.284241536934893 0.285756170000000 0.175106735650568
0.075098814229249 0.741666666666667 0.000000000000000 0.000000000000000 0.000000000000000 0.058935386875625 0.001766481896474 0.059627332942402 0.002757084692334 0.237800154540671 0.219611014745632 0.283505167279049 0.206547152562832 0.632462693615644 0.407058827017301 0.339658460420050 0.283505167279049 0.309883680000000 0.167862267676887
0.106719367588933 0.737500000000000 0.000000000000000 0.000000000000000 0.000000000000000 0.049429648075004 0.001508790701070 0.114285704702751 0.013710604967191 0.208882010344911 0.196110220389872 0.241531652860592 0.186282141503285 0.679104487260526 0.337647068602076 0.404174592757688 0.241531652860592 0.275862900000000 0.161266519441992
0.446640316205534 0.720833333333333 0.000000000000000 0.000000000000000 0.000000000000000 0.024714842858796 0.000332382498903 0.209937855283363 0.020883823997625 0.217402528811852 0.207455435230595 0.245949917187409 0.196414647033059 0.695895531629399 0.320000016941176 0.415559797604859 0.245949917187409 0.232342880000000 0.148379489127750
0.300395256916996 0.725000000000000 0.000000000000000 0.000000000000000 0.000000000000000 0.100760479499488 0.007726950110031 0.139130407755875 0.023168034703108 0.226955865281359 0.213128031710924 0.262886604838832 0.201870618024299 0.666044782353391 0.357647069660900 0.385199262730935 0.262886604838832 0.270360380000000 0.160980184266154
0.387351778656126 0.720833333333333 0.000000000000000 0.000000000000000 0.000000000000000 0.062737623536555 0.003305151240513 0.177639708221136 0.045697551501601 0.219726313546904 0.202593203424580 0.256995594572934 0.196414647033059 0.645522398522778 0.362352957868512 0.398481998873002 0.256995594572934 0.280449720000000 0.144552643677312
0.181818181818182 0.741666666666667 0.000000000000000 0.000000000000000 0.000000000000000 0.077946758393210 0.004589865127036 0.131677019647390 0.010536753835765 0.206558232581200 0.195299848422203 0.242268049026008 0.179267332680675 0.690298522436790 0.351764722636678 0.370018995293973 0.242268049026008 0.297412840000000 0.182921590815517
0.557312252964427 0.712500000000000 0.000000000000000 0.000000000000000 0.000000000000000 0.085551300156138 0.001109184320872 0.050931656463872 0.002610143403067 0.240640348277005 0.230145864912041 0.279823252725897 0.208885426846908 0.684701496453135 0.376470580138408 0.335863397830259 0.279823252725897 0.293207650000000 0.184858197691641
0.980237154150198 0.595833333333333 0.000000000000000 0.000000000000000 0.500000000000000 0.144486700719976 0.018314638510287 0.038509316117434 0.002289552161105 0.029950941284305 0.018638574219113 0.050810013248822 0.018706157094118 0.746268659698708 0.238823532712803 0.495256180301661 0.050810013248822 0.815343900000000 0.159210567070733
0.596837944664032 0.587500000000000 0.000000000000000 0.000000000000000 0.000000000000000 0.005703423090257 0.000033611701669 0.047204967999691 0.003131104081087 0.009811515873323 0.007293355002377 0.016200294136964 0.005455962573470 0.813432838853308 0.164705888207612 0.546489579912793 0.016200294136964 0.439153430000000 0.175249869662598
0.588932806324111 0.587500000000000 0.000000000000000 0.000000000000000 0.000000000000000 0.003802280463213 0.000029877047759 0.045962731058215 0.002578085144466 0.009553318344022 0.007293355002377 0.015463918516466 0.005455962573470 0.815298508584178 0.162352945162630 0.548387111207688 0.015463918516466 0.537037000000000 0.174061383942717
0.474308300395257 0.595833333333333 0.000000000000000 0.000000000000000 0.000000000000000 0.015209125274906 0.000119508243469 0.058385087056827 0.004148980282486 0.012909889013474 0.011345219216736 0.019882179529586 0.007014808822609 0.819029853083231 0.168235298539792 0.535104378481181 0.019882179529586 0.534391500000000 0.191088539533636
0.588932806324111 0.587500000000000 0.000000000000000 0.000000000000000 0.000000000000000 0.003802280463213 0.000029877047759 0.045962731058215 0.002578085144466 0.009553318344022 0.007293355002377 0.015463918516466 0.005455962573470 0.815298508584178 0.162352945162630 0.548387111207688 0.015463918516466 0.537037000000000 0.174061383942717
0.830039525691700 0.595833333333333 0.000000000000000 0.000000000000000 0.000000000000000 0.003802282174240 0.000029877060867 0.008695652553065 0.000045417048057 0.001807384447944 0.000000000000000 0.005154639284576 0.000000000000000 0.820895524493206 0.148235299598616 0.565464909939545 0.005154639284576 0.555555600000000 0.159448519391460
0.679841897233202 0.587500000000000 0.000000000000000 0.000000000000000 0.000000000000000 0.007604562637453 0.000029877045742 0.018633538469967 0.000120221709171 0.025045184741911 0.019448946916118 0.038291604504480 0.016367888421890 0.787313437434562 0.201176472581315 0.514231515451753 0.038291604504480 0.599735440000000 0.175665539160356
0.094861660079051 0.600000000000000 0.000000000000000 0.000000000000000 0.000000000000000 0.195817525300353 0.100584873689951 0.402484447050655 0.109417640495605 0.099922541438344 0.094813615030905 0.123711348131728 0.079501164317968 0.766791048566635 0.269411769003460 0.425047454079336 0.142120768467446 0.646298050000000 0.209302048775525
0.845849802371542 0.591666666666667 0.000000000000000 0.000000000000000 0.500000000000000 0.673003807616129 0.008111643385864 0.024844723177346 0.002810513055525 0.058094499863501 0.038897894561571 0.089101623055216 0.043647699886276 0.682835826722265 0.294117647681661 0.470588247851323 0.089101623055216 0.769576700000000 0.151139410362073
0.869565217391304 0.595833333333333 0.000000000000000 0.333333323333334 0.500000000000000 0.144486700719976 0.002763624230427 0.028571427293700 0.000430125915182 0.045184613638563 0.031604539559194 0.071428572375342 0.030397506067108 0.725746269151676 0.268235299598616 0.468690713140868 0.071428572375342 0.624800200000000 0.160524727340703
0.569169960474308 0.600000000000000 0.000000000000000 0.000000000000000 0.500000000000000 0.169201512780291 0.035915964652869 0.222360247058370 0.087566709274037 0.078750323121621 0.056726093895673 0.116347565417176 0.060015582696319 0.656716433699042 0.330588252173010 0.438330190221403 0.116347565417176 0.747294370000000 0.151703216679225
0.256916996047431 0.600000000000000 0.000000000000000 0.000000000000000 0.000000000000000 0.127376423578482 0.021978312593575 0.172670814119825 0.051628477575946 0.057578104804899 0.042949758046594 0.083946982445162 0.043647699886276 0.714552245729143 0.271764707813149 0.474383318980013 0.083946982445162 0.300623700000000 0.150512850709597
0.177865612648221 0.595833333333333 0.000000000000000 0.333333323333334 0.000000000000000 0.108365024684469 0.008279678989520 0.036024844470507 0.000878953148997 0.044410019656391 0.070502434120765 0.030927837032932 0.033515197162426 1.000000000000000 0.077647065425605 0.497153716719896 0.064064802915576 0.561926960000000 0.510227284589481
0.335968379446640 0.600000000000000 0.000000000000000 0.000000000000000 0.000000000000000 0.146387846426868 0.010639968966997 0.120496896118205 0.043453414971862 0.060934679657155 0.048622365466956 0.085419735011637 0.046765390981593 0.729477615329834 0.263529421979239 0.472485782561778 0.085419735011637 0.392385400000000 0.161983364658238
0.976284584980237 0.591666666666667 0.000000000000000 0.000000000000000 0.000000000000000 0.009505704580087 0.000063488752452 0.002484472317735 0.000021372739534 0.002581977802695 0.000000000000000 0.007363770785245 0.000000000000000 0.815298508584178 0.155294123439446 0.559772309223740 0.007363770785245 0.888888900000000 0.159448519391460
0.818181818181818 0.595833333333333 0.000000000000000 0.000000000000000 0.500000000000000 0.399239571831313 0.126917782305945 0.021118006539254 0.000494243543231 0.060676482127854 0.042949758046594 0.092047128188165 0.044427123712327 0.692164175376615 0.296470586491349 0.457305520248155 0.092047128188165 0.771516740000000 0.164061745722914
0.166007905138340 0.587500000000000 0.000000000000000 0.000000000000000 0.000000000000000 0.066539928638552 0.001721666352061 0.027329190352224 0.000598436443444 0.010586109855495 0.007293355002377 0.019145801920870 0.004676539448900 0.807835822944280 0.175294121321799 0.535104378481181 0.019145801920870 0.648677230000000 0.186503349068953
0.019762845849802 0.595833333333333 0.000000000000000 0.000000000000000 0.000000000000000 0.003802282174240 0.000029877060867 0.002484471870530 0.000021372738091 0.000516395581453 0.000000000000000 0.001472754024501 0.000000000000000 0.830223882886361 0.136470593373702 0.574952576319146 0.001472754024501 0.222222220000000 0.159448519391460
0.596837944664032 0.600000000000000 0.000000000000000 0.000000000000000 0.000000000000000 0.017110266875334 0.000616214280183 0.240993778820262 0.095076544600221 0.050864962071726 0.038897894561571 0.072901324941816 0.038971158332933 0.735074629559757 0.249411767944637 0.489563581293635 0.072901324941816 0.500000000000000 0.155894209426750
0.308300395256917 0.595833333333333 0.000000000000000 0.000000000000000 0.000000000000000 0.038022818320346 0.001598422394906 0.003726708364801 0.000056103403073 0.005163955465963 0.003241491152686 0.010309278569151 0.001558846389436 0.819029853083231 0.157647063307958 0.552182177213039 0.010309278569151 0.288888900000000 0.188786442324892
0.652173913043478 0.595833333333333 0.000000000000000 0.000000000000000 0.000000000000000 0.003802282174240 0.000029877066917 0.009937887705721 0.000053431819007 0.004905757936662 0.001620745539876 0.012518408744342 0.000000000000000 0.809701496033359 0.169411770062284 0.542694510491882 0.012518408744342 1.000000000000000 0.172355930269931
0.679841897233202 0.612500000000000 0.000000000000000 0.333333323333334 0.000000000000000 0.064638789775767 0.003704755704845 0.026086953410748 0.000344635326079 0.058352697392802 0.051863856984310 0.078055965551871 0.043647699886276 0.770522393065688 0.240000002117647 0.468690713140868 0.078055965551871 0.472975160000000 0.191302619397748
0.916996047430830 0.616666666666667 0.000000000000000 0.000000000000000 0.000000000000000 0.085551327532565 0.000526583352694 0.028571427293700 0.001135425926167 0.046217403755768 0.037277146979555 0.067010308048525 0.032735776843779 0.757462694874972 0.242352951515571 0.478178381569804 0.067010308048525 0.541666700000000 0.175389008143916
0.122529644268775 0.612500000000000 0.000000000000000 0.000000000000000 0.000000000000000 0.032319394887883 0.000870168991520 0.018633538469967 0.000440812193737 0.055512524570489 0.046191249563949 0.078792341835108 0.039750582158984 0.751865673928631 0.256470594961938 0.461100582837946 0.078792341835108 0.520578200000000 0.178177334579782
0.027667984189723 0.629166666666667 0.000000000000000 0.333333323333334 0.000000000000000 0.055133078351574 0.002080189799846 0.007453417176806 0.000096177268645 0.058352697392802 0.048622365466956 0.079528718118345 0.045206547538377 0.748134334466891 0.247058829134948 0.480075917988039 0.079528718118345 0.484805320000000 0.167749956330360
0.501976284584980 0.625000000000000 0.000000000000000 0.000000000000000 0.000000000000000 0.019011400262834 0.000253955074344 0.017391304882528 0.000117549854607 0.049832171954521 0.040518637038239 0.072164948658579 0.035074044113046 0.753731348696814 0.250588237349481 0.468690713140868 0.072164948658579 0.540917700000000 0.175915461285280
0.588932806324111 0.612500000000000 0.000000000000000 0.000000000000000 0.000000000000000 0.074144501199960 0.001646973374700 0.031055901176652 0.000301889396757 0.058869099422745 0.051053485016641 0.081001470684820 0.042868275358744 0.761194030978503 0.251764706754325 0.459203051543051 0.081001470684820 0.503086450000000 0.184789333544638
0.486166007905138 0.629166666666667 0.000000000000000 0.333333323333334 0.000000000000000 0.047528516056326 0.001139062762171 0.044720494116739 0.000641181846195 0.069971600154039 0.058346840019018 0.096465385887589 0.053000775978152 0.731343290098017 0.275294116027682 0.451612914409010 0.096465385887589 0.479931300000000 0.170374633886415
