846 18
0.478260869565217 0.576923076923077 0.597222222222222 0.323144104803493 0.274725274725275 0.150943396226415 0.326797385620915 0.457142857142857 0.250000000000000 0.585714285714286 0.242105263157895 0.233812949640288 0.471698113207547 0.144736842105263 0.272727272727273 0.390243902439024 0.366666666666667 0.533333333333333
0.391304347826087 0.307692307692308 0.611111111111111 0.161572052401747 0.109890109890110 0.132075471698113 0.241830065359477 0.542857142857143 0.166666666666667 0.357142857142857 0.210526315789474 0.175059952038369 0.308176100628931 0.171052631578947 0.409090909090909 0.341463414634146 0.433333333333333 0.600000000000000
0.673913043478261 0.653846153846154 0.916666666666667 0.458515283842795 0.208791208791209 0.150943396226415 0.620915032679739 0.171428571428571 0.500000000000000 0.571428571428571 0.489473684210526 0.540767386091127 0.698113207547170 0.184210526315789 0.636363636363636 0.219512195121951 0.400000000000000 0.500000000000000
0.434782608695652 0.307692307692308 0.583333333333333 0.240174672489083 0.175824175824176 0.132075471698113 0.209150326797386 0.571428571428571 0.166666666666667 0.357142857142857 0.157894736842105 0.149880095923261 0.113207547169811 0.052631578947368 0.272727272727273 0.243902439024390 0.766666666666667 0.866666666666667
0.260869565217391 0.423076923076923 0.416666666666667 0.441048034934498 0.615384615384615 0.943396226415094 0.241830065359477 0.542857142857143 0.166666666666667 0.371428571428571 0.584210526315790 0.169064748201439 0.496855345911950 0.894736842105263 0.409090909090909 0.268292682926829 0.133333333333333 0.066666666666667
0.739130434782609 0.923076923076923 0.916666666666667 0.296943231441048 0.032967032967033 0.075471698113208 0.934640522875817 0.000000000000000 0.916666666666667 0.728571428571429 0.789473684210526 0.926858513189448 0.974842767295597 0.342105263157895 0.227272727272727 0.219512195121951 0.166666666666667 0.066666666666667
0.521739130434783 0.384615384615385 0.458333333333333 0.301310043668122 0.197802197802198 0.075471698113208 0.267973856209150 0.457142857142857 0.166666666666667 0.357142857142857 0.242105263157895 0.212230215827338 0.396226415094340 0.092105263157895 0.590909090909091 0.024390243902439 0.800000000000000 0.766666666666667
0.369565217391304 0.384615384615385 0.361111111111111 0.231441048034935 0.197802197802198 0.132075471698113 0.163398692810458 0.628571428571429 0.083333333333333 0.400000000000000 0.168421052631579 0.116306954436451 0.345911949685535 0.105263157894737 0.136363636363636 0.073170731707317 0.566666666666667 0.700000000000000
0.282608695652174 0.038461538461538 0.305555555555556 0.157205240174672 0.153846153846154 0.094339622641509 0.065359477124183 0.800000000000000 0.000000000000000 0.128571428571429 0.057894736842105 0.046762589928058 0.018867924528302 0.065789473684211 0.090909090909091 0.341463414634146 0.800000000000000 0.900000000000000
0.434782608695652 0.423076923076923 0.805555555555556 0.406113537117904 0.164835164835165 0.169811320754717 0.464052287581699 0.285714285714286 0.416666666666667 0.400000000000000 0.378947368421053 0.384892086330935 0.270440251572327 0.065789473684211 0.181818181818182 0.341463414634146 0.633333333333333 0.766666666666667
0.282608695652174 0.115384615384615 0.416666666666667 0.170305676855895 0.153846153846154 0.132075471698113 0.137254901960784 0.685714285714286 0.083333333333333 0.171428571428571 0.121052631578947 0.098321342925659 0.113207547169811 0.092105263157895 0.090909090909091 0.243902439024390 0.600000000000000 0.700000000000000
0.369565217391304 0.038461538461538 0.361111111111111 0.139737991266376 0.087912087912088 0.075471698113208 0.071895424836601 0.800000000000000 0.000000000000000 0.000000000000000 0.094736842105263 0.047961630695444 0.056603773584906 0.078947368421053 0.227272727272727 0.634146341463415 0.666666666666667 0.700000000000000
0.326086956521739 0.500000000000000 0.472222222222222 0.292576419213974 0.230769230769231 0.075471698113208 0.261437908496732 0.485714285714286 0.166666666666667 0.428571428571429 0.263157894736842 0.197841726618705 0.522012578616352 0.157894736842105 0.227272727272727 0.268292682926829 0.433333333333333 0.466666666666667
0.347826086956522 0.346153846153846 0.625000000000000 0.174672489082969 0.120879120879121 0.150943396226415 0.261437908496732 0.514285714285714 0.166666666666667 0.371428571428571 0.226315789473684 0.193045563549161 0.327044025157233 0.171052631578947 0.363636363636364 0.317073170731707 0.366666666666667 0.533333333333333
0.456521739130435 0.615384615384615 0.541666666666667 0.432314410480349 0.263736263736264 0.056603773584906 0.405228758169935 0.314285714285714 0.333333333333333 0.514285714285714 0.347368421052632 0.336930455635492 0.610062893081761 0.157894736842105 0.272727272727273 0.048780487804878 0.700000000000000 0.600000000000000
0.500000000000000 0.846153846153846 0.875000000000000 0.423580786026201 0.197802197802198 0.132075471698113 0.601307189542484 0.171428571428571 0.500000000000000 0.685714285714286 0.510526315789474 0.527577937649880 0.861635220125786 0.197368421052632 0.272727272727273 0.048780487804878 0.333333333333333 0.433333333333333
0.347826086956522 0.115384615384615 0.152777777777778 0.021834061135371 0.054945054945055 0.075471698113208 0.039215686274510 0.885714285714286 0.000000000000000 0.157142857142857 0.036842105263158 0.026378896882494 0.100628930817610 0.276315789473684 0.090909090909091 0.341463414634146 0.166666666666667 0.133333333333333
0.565217391304348 0.307692307692308 0.513888888888889 0.406113537117904 0.241758241758242 0.075471698113208 0.424836601307190 0.285714285714286 0.333333333333333 0.300000000000000 0.378947368421053 0.360911270983213 0.264150943396226 0.171052631578947 0.181818181818182 0.243902439024390 0.733333333333333 0.600000000000000
0.673913043478261 0.807692307692308 0.833333333333333 0.358078602620087 0.153846153846154 0.150943396226415 0.679738562091503 0.142857142857143 0.583333333333333 0.785714285714286 0.500000000000000 0.601918465227818 0.698113207547170 0.197368421052632 0.227272727272727 0.268292682926829 0.300000000000000 0.466666666666667
0.608695652173913 0.884615384615385 0.833333333333333 0.484716157205240 0.241758241758242 0.150943396226415 0.627450980392157 0.171428571428571 0.583333333333333 0.728571428571429 0.510526315789474 0.559952038369305 0.716981132075472 0.197368421052632 0.272727272727273 0.121951219512195 0.333333333333333 0.400000000000000
0.239130434782609 0.538461538461538 0.486111111111111 0.213973799126638 0.186813186813187 0.075471698113208 0.274509803921569 0.485714285714286 0.166666666666667 0.385714285714286 0.236842105263158 0.203836930455636 0.471698113207547 0.210526315789474 0.000000000000000 0.073170731707317 0.300000000000000 0.366666666666667
0.239130434782609 0.153846153846154 0.180555555555556 0.074235807860262 0.131868131868132 0.056603773584906 0.071895424836601 0.828571428571429 0.000000000000000 0.100000000000000 0.057894736842105 0.044364508393285 0.150943396226415 0.302631578947368 0.318181818181818 0.024390243902439 0.100000000000000 0.066666666666667
0.456521739130435 0.384615384615385 0.333333333333333 0.301310043668122 0.241758241758242 0.094339622641509 0.248366013071895 0.485714285714286 0.166666666666667 0.342857142857143 0.205263157894737 0.191846522781775 0.427672955974843 0.118421052631579 0.409090909090909 0.024390243902439 0.766666666666667 0.833333333333333
0.304347826086957 0.230769230769231 0.416666666666667 0.192139737991266 0.153846153846154 0.094339622641509 0.202614379084967 0.571428571428571 0.083333333333333 0.257142857142857 0.178947368421053 0.147482014388489 0.201257861635220 0.131578947368421 0.045454545454545 0.048780487804878 0.533333333333333 0.600000000000000
0.565217391304348 0.769230769230769 0.902777777777778 0.502183406113537 0.208791208791209 0.169811320754717 0.601307189542484 0.171428571428571 0.500000000000000 0.671428571428571 0.478947368421053 0.526378896882494 0.723270440251572 0.118421052631579 0.000000000000000 0.146341463414634 0.500000000000000 0.666666666666667
0.260869565217391 0.461538461538462 0.555555555555556 0.218340611353712 0.186813186813187 0.132075471698113 0.228758169934641 0.542857142857143 0.166666666666667 0.428571428571429 0.205263157894737 0.167865707434053 0.408805031446541 0.157894736842105 0.045454545454545 0.097560975609756 0.400000000000000 0.600000000000000
0.217391304347826 0.115384615384615 0.194444444444444 0.065502183406114 0.109890109890110 0.075471698113208 0.104575163398693 0.771428571428571 0.083333333333333 0.100000000000000 0.068421052631579 0.064748201438849 0.188679245283019 0.302631578947368 0.272727272727273 0.073170731707317 0.100000000000000 0.066666666666667
0.739130434782609 0.807692307692308 0.805555555555556 0.432314410480349 0.197802197802198 0.169811320754717 0.692810457516340 0.142857142857143 0.666666666666667 0.700000000000000 0.521052631578947 0.613908872901679 0.672955974842767 0.171052631578947 0.045454545454545 0.682926829268293 0.366666666666667 0.600000000000000
0.630434782608696 0.461538461538462 0.625000000000000 0.388646288209607 0.186813186813187 0.075471698113208 0.522875816993464 0.200000000000000 0.416666666666667 0.400000000000000 0.457894736842105 0.462829736211031 0.339622641509434 0.223684210526316 0.272727272727273 0.170731707317073 0.633333333333333 0.400000000000000
0.152173913043478 0.192307692307692 0.319444444444444 0.109170305676856 0.087912087912088 0.094339622641509 0.222222222222222 0.571428571428571 0.166666666666667 0.171428571428571 0.200000000000000 0.155875299760192 0.308176100628931 0.315789473684211 0.409090909090909 0.487804878048780 0.133333333333333 0.133333333333333
0.347826086956522 0.384615384615385 0.625000000000000 0.244541484716157 0.186813186813187 0.169811320754717 0.281045751633987 0.485714285714286 0.166666666666667 0.471428571428571 0.226315789473684 0.206235011990408 0.408805031446541 0.171052631578947 0.227272727272727 0.219512195121951 0.300000000000000 0.500000000000000
0.326086956521739 0.346153846153846 0.513888888888889 0.205240174672489 0.120879120879121 0.113207547169811 0.183006535947712 0.600000000000000 0.083333333333333 0.342857142857143 0.184210526315789 0.130695443645084 0.308176100628931 0.065789473684211 0.454545454545455 0.268292682926829 0.733333333333333 0.800000000000000
0.434782608695652 0.076923076923077 0.361111111111111 0.218340611353712 0.131868131868132 0.075471698113208 0.196078431372549 0.571428571428571 0.083333333333333 0.142857142857143 0.168421052631579 0.143884892086331 0.069182389937107 0.065789473684211 0.227272727272727 0.317073170731707 0.700000000000000 0.700000000000000
0.608695652173913 0.576923076923077 0.930555555555556 0.515283842794760 0.230769230769231 0.150943396226415 0.627450980392157 0.171428571428571 0.583333333333333 0.514285714285714 0.536842105263158 0.547961630695444 0.597484276729560 0.144736842105263 0.227272727272727 0.926829268292683 0.466666666666667 0.700000000000000
0.304347826086957 0.192307692307692 0.625000000000000 0.318777292576419 0.153846153846154 0.113207547169811 0.339869281045752 0.400000000000000 0.250000000000000 0.157142857142857 0.294736842105263 0.261390887290168 0.132075471698113 0.052631578947368 0.045454545454545 0.609756097560976 0.733333333333333 0.800000000000000
0.586956521739130 0.500000000000000 0.694444444444444 0.296943231441048 0.219780219780220 0.132075471698113 0.294117647058824 0.485714285714286 0.250000000000000 0.457142857142857 0.210526315789474 0.214628297362110 0.471698113207547 0.105263157894737 0.772727272727273 0.170731707317073 0.533333333333333 0.633333333333333
0.195652173913043 0.423076923076923 0.444444444444444 0.061135371179039 0.054945054945055 0.094339622641509 0.261437908496732 0.514285714285714 0.166666666666667 0.414285714285714 0.231578947368421 0.187050359712230 0.427672955974843 0.302631578947368 0.090909090909091 0.048780487804878 0.133333333333333 0.133333333333333
0.369565217391304 0.576923076923077 0.638888888888889 0.882096069868996 0.868131868131868 0.886792452830189 0.267973856209150 0.514285714285714 0.166666666666667 0.542857142857143 0.747368421052632 0.194244604316547 0.572327044025157 0.776315789473684 0.000000000000000 0.365853658536585 0.300000000000000 0.433333333333333
0.717391304347826 0.769230769230769 0.805555555555556 0.314410480349345 0.076923076923077 0.150943396226415 0.679738562091503 0.142857142857143 0.583333333333333 0.757142857142857 0.552631578947368 0.607913669064748 0.685534591194969 0.197368421052632 0.045454545454545 0.219512195121951 0.366666666666667 0.533333333333333
0.173913043478261 0.461538461538462 0.388888888888889 0.283842794759825 0.285714285714286 0.075471698113208 0.254901960784314 0.514285714285714 0.166666666666667 0.400000000000000 0.226315789473684 0.182254196642686 0.484276729559748 0.210526315789474 0.318181818181818 0.000000000000000 0.233333333333333 0.266666666666667
0.478260869565217 0.576923076923077 0.888888888888889 0.480349344978166 0.219780219780220 0.132075471698113 0.607843137254902 0.171428571428571 0.500000000000000 0.471428571428571 0.510526315789474 0.532374100719424 0.584905660377358 0.197368421052632 0.227272727272727 0.219512195121951 0.333333333333333 0.400000000000000
0.326086956521739 0.153846153846154 0.152777777777778 0.004366812227074 0.054945054945055 0.056603773584906 0.045751633986928 0.885714285714286 0.000000000000000 0.142857142857143 0.026315789473684 0.027577937649880 0.100628930817610 0.355263157894737 0.363636363636364 0.390243902439024 0.100000000000000 0.066666666666667
0.456521739130435 0.615384615384615 0.652777777777778 0.144104803493450 0.076923076923077 0.169811320754717 0.300653594771242 0.485714285714286 0.250000000000000 0.628571428571429 0.252631578947368 0.218225419664269 0.484276729559748 0.210526315789474 0.227272727272727 0.121951219512195 0.233333333333333 0.433333333333333
0.434782608695652 0.153846153846154 0.500000000000000 0.344978165938865 0.175824175824176 0.113207547169811 0.339869281045752 0.400000000000000 0.250000000000000 0.228571428571429 0.321052631578947 0.264988009592326 0.188679245283019 0.105263157894737 0.181818181818182 0.170731707317073 0.533333333333333 0.533333333333333
1.000000000000000 0.807692307692308 0.916666666666667 0.506550218340611 0.197802197802198 0.188679245283019 0.660130718954248 0.142857142857143 0.583333333333333 0.700000000000000 0.489473684210526 0.588729016786571 0.773584905660377 0.092105263157895 0.909090909090909 0.024390243902439 0.533333333333333 0.700000000000000
0.434782608695652 0.500000000000000 0.583333333333333 0.179039301310044 0.120879120879121 0.169811320754717 0.307189542483660 0.485714285714286 0.250000000000000 0.600000000000000 0.263157894736842 0.224220623501199 0.503144654088050 0.236842105263158 0.090909090909091 0.097560975609756 0.233333333333333 0.433333333333333
0.391304347826087 0.384615384615385 0.416666666666667 0.126637554585153 0.087912087912088 0.113207547169811 0.117647058823529 0.714285714285714 0.083333333333333 0.400000000000000 0.152631578947368 0.082733812949640 0.295597484276730 0.144736842105263 0.045454545454545 0.195121951219512 0.466666666666667 0.433333333333333
0.260869565217391 0.346153846153846 0.361111111111111 0.078602620087336 0.076923076923077 0.075471698113208 0.235294117647059 0.571428571428571 0.166666666666667 0.328571428571429 0.221052631578947 0.159472422062350 0.408805031446541 0.381578947368421 0.272727272727273 0.341463414634146 0.133333333333333 0.033333333333333
0.347826086956522 0.538461538461538 0.569444444444444 0.187772925764192 0.186813186813187 0.169811320754717 0.287581699346405 0.514285714285714 0.250000000000000 0.642857142857143 0.210526315789474 0.201438848920863 0.496855345911950 0.223684210526316 0.272727272727273 0.317073170731707 0.266666666666667 0.400000000000000
0.391304347826087 0.461538461538462 0.541666666666667 0.314410480349345 0.131868131868132 0.132075471698113 0.333333333333333 0.400000000000000 0.250000000000000 0.428571428571429 0.284210526315789 0.263788968824940 0.440251572327044 0.039473684210526 0.000000000000000 0.243902439024390 0.766666666666667 0.900000000000000
0.108695652173913 0.192307692307692 0.319444444444444 0.048034934497817 0.043956043956044 0.075471698113208 0.196078431372549 0.600000000000000 0.166666666666667 0.171428571428571 0.168421052631579 0.137889688249400 0.232704402515723 0.236842105263158 0.090909090909091 0.097560975609756 0.166666666666667 0.133333333333333
0.413043478260870 0.192307692307692 0.430555555555556 0.305676855895196 0.208791208791209 0.094339622641509 0.274509803921569 0.485714285714286 0.166666666666667 0.214285714285714 0.268421052631579 0.205035971223022 0.132075471698113 0.144736842105263 0.181818181818182 0.585365853658537 0.433333333333333 0.466666666666667
0.543478260869565 0.846153846153846 0.847222222222222 0.541484716157205 0.252747252747253 0.132075471698113 0.640522875816993 0.142857142857143 0.583333333333333 0.714285714285714 0.557894736842105 0.571942446043165 0.855345911949686 0.171052631578947 0.045454545454545 0.146341463414634 0.400000000000000 0.533333333333333
0.608695652173913 0.346153846153846 0.305555555555556 0.310043668122271 0.219780219780220 0.075471698113208 0.241830065359477 0.485714285714286 0.166666666666667 0.300000000000000 0.205263157894737 0.188249400479616 0.352201257861635 0.078947368421053 0.318181818181818 0.268292682926829 0.866666666666667 0.933333333333333
0.608695652173913 0.884615384615385 0.888888888888889 0.353711790393013 0.065934065934066 0.075471698113208 0.947712418300654 0.000000000000000 0.916666666666667 0.714285714285714 0.763157894736842 0.925659472422062 0.761006289308176 0.315789473684211 0.227272727272727 0.634146341463415 0.133333333333333 0.100000000000000
0.456521739130435 0.115384615384615 0.361111111111111 0.205240174672489 0.153846153846154 0.113207547169811 0.137254901960784 0.685714285714286 0.083333333333333 0.242857142857143 0.126315789473684 0.097122302158273 0.062893081761006 0.039473684210526 0.409090909090909 0.073170731707317 0.833333333333333 0.900000000000000
0.521739130434783 0.423076923076923 0.777777777777778 0.397379912663755 0.175824175824176 0.132075471698113 0.477124183006536 0.285714285714286 0.416666666666667 0.371428571428571 0.378947368421053 0.393285371702638 0.352201257861635 0.092105263157895 0.181818181818182 0.195121951219512 0.500000000000000 0.600000000000000
0.347826086956522 0.538461538461538 0.611111111111111 0.126637554585153 0.087912087912088 0.169811320754717 0.294117647058824 0.514285714285714 0.250000000000000 0.600000000000000 0.205263157894737 0.203836930455636 0.421383647798742 0.197368421052632 0.227272727272727 0.219512195121951 0.200000000000000 0.366666666666667
0.739130434782609 0.769230769230769 0.875000000000000 0.510917030567686 0.208791208791209 0.169811320754717 0.633986928104575 0.171428571428571 0.583333333333333 0.642857142857143 0.484210526315789 0.562350119904077 0.647798742138365 0.092105263157895 0.000000000000000 0.024390243902439 0.500000000000000 0.666666666666667
0.260869565217391 0.230769230769231 0.388888888888889 0.065502183406114 0.054945054945055 0.056603773584906 0.104575163398693 0.771428571428571 0.083333333333333 0.242857142857143 0.094736842105263 0.068345323741007 0.207547169811321 0.210526315789474 0.363636363636364 0.195121951219512 0.200000000000000 0.200000000000000
0.652173913043478 0.653846153846154 0.805555555555556 0.471615720524017 0.175824175824176 0.132075471698113 0.529411764705882 0.228571428571429 0.416666666666667 0.614285714285714 0.442105263157895 0.459232613908873 0.477987421383648 0.065789473684211 0.227272727272727 0.121951219512195 0.733333333333333 0.766666666666667
0.086956521739130 0.192307692307692 0.319444444444444 0.135371179039301 0.131868131868132 0.056603773584906 0.117647058823529 0.742857142857143 0.083333333333333 0.171428571428571 0.078947368421053 0.075539568345324 0.188679245283019 0.263157894736842 0.590909090909091 0.512195121951220 0.233333333333333 0.200000000000000
0.500000000000000 0.269230769230769 0.416666666666667 0.069868995633188 0.032967032967033 0.113207547169811 0.163398692810458 0.685714285714286 0.083333333333333 0.328571428571429 0.168421052631579 0.101918465227818 0.188679245283019 0.276315789473684 0.454545454545455 0.317073170731707 0.233333333333333 0.066666666666667
0.217391304347826 0.346153846153846 0.361111111111111 0.227074235807860 0.219780219780220 0.094339622641509 0.248366013071895 0.542857142857143 0.166666666666667 0.371428571428571 0.231578947368421 0.178657074340528 0.314465408805031 0.250000000000000 0.181818181818182 0.048780487804878 0.200000000000000 0.233333333333333
0.434782608695652 0.461538461538462 0.638888888888889 0.423580786026201 0.241758241758242 0.094339622641509 0.470588235294118 0.257142857142857 0.416666666666667 0.385714285714286 0.384210526315789 0.406474820143885 0.465408805031447 0.171052631578947 0.000000000000000 0.097560975609756 0.600000000000000 0.533333333333333
0.347826086956522 0.307692307692308 0.486111111111111 0.170305676855895 0.098901098901099 0.094339622641509 0.222222222222222 0.571428571428571 0.166666666666667 0.271428571428571 0.210526315789474 0.159472422062350 0.295597484276730 0.223684210526316 0.818181818181818 0.121951219512195 0.266666666666667 0.233333333333333
0.173913043478261 0.384615384615385 0.388888888888889 0.091703056768559 0.109890109890110 0.113207547169811 0.241830065359477 0.571428571428571 0.166666666666667 0.400000000000000 0.205263157894737 0.166666666666667 0.396226415094340 0.315789473684211 0.272727272727273 0.439024390243902 0.100000000000000 0.100000000000000
0.543478260869565 0.846153846153846 0.847222222222222 0.502183406113537 0.241758241758242 0.169811320754717 0.738562091503268 0.114285714285714 0.666666666666667 0.857142857142857 0.531578947368421 0.676258992805755 0.672955974842767 0.197368421052632 0.272727272727273 0.341463414634146 0.366666666666667 0.466666666666667
0.282608695652174 0.423076923076923 0.527777777777778 0.262008733624454 0.230769230769231 0.132075471698113 0.196078431372549 0.571428571428571 0.083333333333333 0.414285714285714 0.200000000000000 0.145083932853717 0.389937106918239 0.144736842105263 0.045454545454545 0.268292682926829 0.466666666666667 0.666666666666667
0.543478260869565 0.615384615384615 0.611111111111111 0.502183406113537 0.296703296703297 0.094339622641509 0.509803921568627 0.228571428571429 0.416666666666667 0.514285714285714 0.410526315789474 0.448441247002398 0.628930817610063 0.197368421052632 0.181818181818182 0.170731707317073 0.633333333333333 0.466666666666667
0.500000000000000 0.846153846153846 0.805555555555556 0.248908296943231 0.076923076923077 0.150943396226415 0.673202614379085 0.142857142857143 0.583333333333333 0.814285714285714 0.505263157894737 0.598321342925660 0.704402515723270 0.223684210526316 0.136363636363636 0.146341463414634 0.300000000000000 0.400000000000000
0.521739130434783 1.000000000000000 0.944444444444444 0.537117903930131 0.252747252747253 0.169811320754717 0.732026143790850 0.114285714285714 0.666666666666667 0.971428571428571 0.500000000000000 0.657074340527578 0.685534591194969 0.144736842105263 0.454545454545455 0.609756097560976 0.333333333333333 0.566666666666667
0.413043478260870 0.230769230769231 0.708333333333333 0.379912663755459 0.164835164835165 0.113207547169811 0.418300653594771 0.314285714285714 0.333333333333333 0.271428571428571 0.347368421052632 0.338129496402878 0.264150943396226 0.105263157894737 0.136363636363636 0.560975609756098 0.533333333333333 0.633333333333333
0.000000000000000 0.153846153846154 0.180555555555556 0.030567685589520 0.076923076923077 0.075471698113208 0.091503267973856 0.828571428571429 0.083333333333333 0.142857142857143 0.026315789473684 0.051558752997602 0.238993710691824 0.302631578947368 0.045454545454545 0.365853658536585 0.000000000000000 0.100000000000000
0.347826086956522 0.346153846153846 0.680555555555556 0.187772925764192 0.153846153846154 0.169811320754717 0.254901960784314 0.514285714285714 0.166666666666667 0.385714285714286 0.210526315789474 0.184652278177458 0.339622641509434 0.171052631578947 0.500000000000000 0.560975609756098 0.366666666666667 0.600000000000000
0.608695652173913 0.769230769230769 0.875000000000000 0.432314410480349 0.175824175824176 0.132075471698113 0.542483660130719 0.228571428571429 0.416666666666667 0.628571428571429 0.421052631578947 0.464028776978417 0.635220125786163 0.118421052631579 0.227272727272727 0.121951219512195 0.500000000000000 0.566666666666667
0.391304347826087 0.230769230769231 0.597222222222222 0.288209606986900 0.142857142857143 0.113207547169811 0.392156862745098 0.342857142857143 0.333333333333333 0.228571428571429 0.352631578947368 0.312949640287770 0.270440251572327 0.171052631578947 0.000000000000000 0.243902439024390 0.400000000000000 0.433333333333333
0.282608695652174 0.269230769230769 0.305555555555556 0.157205240174672 0.164835164835165 0.094339622641509 0.248366013071895 0.542857142857143 0.166666666666667 0.214285714285714 0.184210526315789 0.175059952038369 0.402515723270440 0.302631578947368 0.090909090909091 0.073170731707317 0.133333333333333 0.133333333333333
0.673913043478261 0.730769230769231 0.750000000000000 0.454148471615721 0.208791208791209 0.056603773584906 0.627450980392157 0.142857142857143 0.583333333333333 0.614285714285714 0.510526315789474 0.577937649880096 0.685534591194969 0.223684210526316 0.500000000000000 0.097560975609756 0.566666666666667 0.333333333333333
0.347826086956522 0.423076923076923 0.388888888888889 0.039301310043668 0.032967032967033 0.094339622641509 0.248366013071895 0.542857142857143 0.166666666666667 0.414285714285714 0.215789473684211 0.172661870503597 0.503144654088050 0.381578947368421 0.272727272727273 0.121951219512195 0.100000000000000 0.033333333333333
0.304347826086957 0.500000000000000 0.430555555555556 0.240174672489083 0.208791208791209 0.075471698113208 0.254901960784314 0.514285714285714 0.166666666666667 0.400000000000000 0.236842105263158 0.190647482014388 0.503144654088050 0.184210526315789 0.090909090909091 0.000000000000000 0.333333333333333 0.300000000000000
0.565217391304348 0.692307692307692 0.722222222222222 0.432314410480349 0.197802197802198 0.056603773584906 0.633986928104575 0.142857142857143 0.583333333333333 0.585714285714286 0.536842105263158 0.583932853717026 0.660377358490566 0.250000000000000 0.227272727272727 0.268292682926829 0.500000000000000 0.266666666666667
0.456521739130435 0.115384615384615 0.388888888888889 0.100436681222707 0.076923076923077 0.094339622641509 0.098039215686275 0.742857142857143 0.083333333333333 0.200000000000000 0.131578947368421 0.069544364508393 0.044025157232704 0.092105263157895 0.045454545454545 0.048780487804878 0.633333333333333 0.500000000000000
0.130434782608696 0.269230769230769 0.555555555555556 0.126637554585153 0.087912087912088 0.094339622641509 0.228758169934641 0.600000000000000 0.166666666666667 0.242857142857143 0.221052631578947 0.152278177458034 0.220125786163522 0.223684210526316 0.363636363636364 0.731707317073171 0.166666666666667 0.400000000000000
0.347826086956522 0.269230769230769 0.500000000000000 0.366812227074236 0.318681318681319 0.094339622641509 0.248366013071895 0.514285714285714 0.166666666666667 0.257142857142857 0.231578947368421 0.189448441247002 0.245283018867925 0.171052631578947 0.136363636363636 0.195121951219512 0.566666666666667 0.533333333333333
0.804347826086957 0.961538461538462 0.916666666666667 0.331877729257642 0.043956043956044 0.075471698113208 0.973856209150327 0.000000000000000 0.916666666666667 0.757142857142857 0.778947368421053 0.976019184652278 0.930817610062893 0.315789473684211 0.409090909090909 0.317073170731707 0.166666666666667 0.033333333333333
0.347826086956522 0.307692307692308 0.611111111111111 0.161572052401747 0.120879120879121 0.132075471698113 0.241830065359477 0.542857142857143 0.166666666666667 0.385714285714286 0.221052631578947 0.175059952038369 0.333333333333333 0.171052631578947 0.181818181818182 0.439024390243902 0.400000000000000 0.633333333333333
0.282608695652174 0.153846153846154 0.277777777777778 0.048034934497817 0.076923076923077 0.056603773584906 0.045751633986928 0.857142857142857 0.000000000000000 0.200000000000000 0.057894736842105 0.029976019184652 0.125786163522013 0.171052631578947 0.090909090909091 0.195121951219512 0.333333333333333 0.300000000000000
0.391304347826087 0.346153846153846 0.611111111111111 0.458515283842795 0.307692307692308 0.075471698113208 0.385620915032680 0.342857142857143 0.250000000000000 0.285714285714286 0.310526315789474 0.314148681055156 0.327044025157233 0.131578947368421 0.136363636363636 0.292682926829268 0.666666666666667 0.666666666666667
0.152173913043478 0.153846153846154 0.236111111111111 0.052401746724891 0.087912087912088 0.075471698113208 0.084967320261438 0.800000000000000 0.083333333333333 0.100000000000000 0.063157894736842 0.053956834532374 0.144654088050314 0.289473684210526 0.363636363636364 0.121951219512195 0.066666666666667 0.100000000000000
0.673913043478261 0.846153846153846 0.930555555555556 0.515283842794760 0.230769230769231 0.169811320754717 0.692810457516340 0.142857142857143 0.583333333333333 0.785714285714286 0.536842105263158 0.622302158273381 0.754716981132076 0.157894736842105 0.136363636363636 0.243902439024390 0.400000000000000 0.600000000000000
0.456521739130435 0.192307692307692 0.611111111111111 0.235807860262009 0.087912087912088 0.132075471698113 0.372549019607843 0.371428571428571 0.250000000000000 0.171428571428571 0.347368421052632 0.294964028776978 0.289308176100629 0.131578947368421 0.409090909090909 0.365853658536585 0.466666666666667 0.466666666666667
0.673913043478261 0.730769230769231 0.833333333333333 0.379912663755459 0.131868131868132 0.132075471698113 0.555555555555556 0.200000000000000 0.500000000000000 0.571428571428571 0.463157894736842 0.478417266187050 0.786163522012579 0.144736842105263 0.454545454545455 0.243902439024390 0.500000000000000 0.566666666666667
0.456521739130435 0.576923076923077 0.652777777777778 0.253275109170306 0.186813186813187 0.150943396226415 0.294117647058824 0.485714285714286 0.250000000000000 0.614285714285714 0.257894736842105 0.214628297362110 0.484276729559748 0.210526315789474 0.181818181818182 0.365853658536585 0.266666666666667 0.466666666666667
0.239130434782609 0.461538461538462 0.361111111111111 0.218340611353712 0.197802197802198 0.075471698113208 0.215686274509804 0.571428571428571 0.166666666666667 0.371428571428571 0.200000000000000 0.153477218225420 0.427672955974843 0.184210526315789 0.090909090909091 0.073170731707317 0.266666666666667 0.233333333333333
0.521739130434783 0.653846153846154 0.944444444444444 0.467248908296943 0.197802197802198 0.150943396226415 0.666666666666667 0.142857142857143 0.583333333333333 0.542857142857143 0.536842105263158 0.598321342925660 0.685534591194969 0.171052631578947 0.318181818181818 0.707317073170732 0.400000000000000 0.533333333333333
0.347826086956522 0.346153846153846 0.555555555555556 0.205240174672489 0.164835164835165 0.075471698113208 0.209150326797386 0.571428571428571 0.166666666666667 0.300000000000000 0.189473684210526 0.148681055155875 0.383647798742138 0.197368421052632 0.772727272727273 0.317073170731707 0.300000000000000 0.266666666666667
0.282608695652174 0.384615384615385 0.388888888888889 0.209606986899563 0.164835164835165 0.094339622641509 0.248366013071895 0.514285714285714 0.166666666666667 0.342857142857143 0.257894736842105 0.183453237410072 0.345911949685535 0.210526315789474 0.181818181818182 0.219512195121951 0.400000000000000 0.366666666666667
0.478260869565217 0.500000000000000 0.902777777777778 0.502183406113537 0.230769230769231 0.132075471698113 0.581699346405229 0.200000000000000 0.500000000000000 0.428571428571429 0.489473684210526 0.501199040767386 0.578616352201258 0.131578947368421 0.227272727272727 0.926829268292683 0.500000000000000 0.700000000000000
0.304347826086957 0.423076923076923 0.347222222222222 0.087336244541485 0.098901098901099 0.075471698113208 0.241830065359477 0.571428571428571 0.166666666666667 0.371428571428571 0.210526315789474 0.164268585131894 0.389937106918239 0.368421052631579 0.181818181818182 0.292682926829268 0.100000000000000 0.033333333333333
0.195652173913043 0.461538461538462 0.361111111111111 0.646288209606987 0.868131868131868 0.943396226415094 0.235294117647059 0.542857142857143 0.166666666666667 0.371428571428571 0.563157894736842 0.170263788968825 0.477987421383648 0.789473684210526 0.045454545454545 0.024390243902439 0.166666666666667 0.133333333333333
0.478260869565217 0.346153846153846 0.625000000000000 0.305676855895196 0.208791208791209 0.132075471698113 0.267973856209150 0.514285714285714 0.166666666666667 0.371428571428571 0.200000000000000 0.195443645083933 0.257861635220126 0.078947368421053 0.500000000000000 0.121951219512195 0.666666666666667 0.766666666666667
0.456521739130435 0.346153846153846 0.388888888888889 0.200873362445415 0.186813186813187 0.094339622641509 0.104575163398693 0.742857142857143 0.083333333333333 0.357142857142857 0.126315789473684 0.074340527577938 0.314465408805031 0.131578947368421 0.636363636363636 0.121951219512195 0.533333333333333 0.500000000000000
0.413043478260870 0.192307692307692 0.277777777777778 0.113537117903930 0.164835164835165 0.056603773584906 0.013071895424837 0.914285714285714 0.000000000000000 0.200000000000000 0.026315789473684 0.011990407673861 0.176100628930818 0.171052631578947 0.636363636363636 0.121951219512195 0.466666666666667 0.433333333333333
0.630434782608696 0.461538461538462 0.597222222222222 0.410480349344978 0.197802197802198 0.056603773584906 0.535947712418301 0.200000000000000 0.416666666666667 0.400000000000000 0.500000000000000 0.470023980815348 0.364779874213836 0.263157894736842 0.000000000000000 0.658536585365854 0.566666666666667 0.333333333333333
0.760869565217391 0.769230769230769 0.875000000000000 0.427947598253275 0.186813186813187 0.150943396226415 0.705882352941177 0.114285714285714 0.666666666666667 0.714285714285714 0.494736842105263 0.631894484412470 0.660377358490566 0.184210526315789 0.500000000000000 0.243902439024390 0.400000000000000 0.600000000000000
0.565217391304348 0.500000000000000 0.902777777777778 0.458515283842795 0.186813186813187 0.169811320754717 0.555555555555556 0.228571428571429 0.500000000000000 0.485714285714286 0.431578947368421 0.468824940047962 0.314465408805031 0.078947368421053 0.000000000000000 0.804878048780488 0.600000000000000 0.800000000000000
0.260869565217391 0.230769230769231 0.513888888888889 0.205240174672489 0.131868131868132 0.113207547169811 0.248366013071895 0.542857142857143 0.166666666666667 0.228571428571429 0.242105263157895 0.176258992805755 0.150943396226415 0.184210526315789 0.000000000000000 0.390243902439024 0.266666666666667 0.400000000000000
0.152173913043478 0.423076923076923 0.388888888888889 0.135371179039301 0.131868131868132 0.113207547169811 0.248366013071895 0.542857142857143 0.166666666666667 0.385714285714286 0.210526315789474 0.173860911270983 0.402515723270440 0.276315789473684 0.318181818181818 0.292682926829268 0.133333333333333 0.133333333333333
0.565217391304348 0.576923076923077 0.541666666666667 0.414847161572052 0.230769230769231 0.075471698113208 0.477124183006536 0.257142857142857 0.416666666666667 0.500000000000000 0.378947368421053 0.407673860911271 0.389937106918239 0.197368421052632 0.227272727272727 0.195121951219512 0.633333333333333 0.466666666666667
0.347826086956522 0.269230769230769 0.513888888888889 0.240174672489083 0.197802197802198 0.132075471698113 0.209150326797386 0.571428571428571 0.166666666666667 0.328571428571429 0.200000000000000 0.155875299760192 0.213836477987421 0.144736842105263 0.000000000000000 0.121951219512195 0.466666666666667 0.633333333333333
0.456521739130435 0.576923076923077 0.597222222222222 0.253275109170306 0.186813186813187 0.150943396226415 0.287581699346405 0.485714285714286 0.166666666666667 0.500000000000000 0.247368421052632 0.207434052757794 0.490566037735849 0.197368421052632 0.181818181818182 0.341463414634146 0.300000000000000 0.500000000000000
0.086956521739130 0.192307692307692 0.486111111111111 0.174672489082969 0.131868131868132 0.075471698113208 0.228758169934641 0.571428571428571 0.166666666666667 0.200000000000000 0.194736842105263 0.157074340527578 0.169811320754717 0.276315789473684 0.727272727272727 0.487804878048780 0.166666666666667 0.200000000000000
0.326086956521739 0.076923076923077 0.138888888888889 0.074235807860262 0.120879120879121 0.056603773584906 0.013071895424837 0.942857142857143 0.000000000000000 0.057142857142857 0.010526315789474 0.009592326139089 0.182389937106918 0.197368421052632 0.954545454545455 0.097560975609756 0.200000000000000 0.200000000000000
0.434782608695652 0.384615384615385 0.625000000000000 0.126637554585153 0.076923076923077 0.150943396226415 0.281045751633987 0.514285714285714 0.166666666666667 0.500000000000000 0.231578947368421 0.200239808153477 0.352201257861635 0.210526315789474 0.545454545454545 0.317073170731707 0.266666666666667 0.500000000000000
0.478260869565217 0.538461538461538 0.666666666666667 0.253275109170306 0.186813186813187 0.169811320754717 0.307189542483660 0.485714285714286 0.250000000000000 0.557142857142857 0.242105263157895 0.224220623501199 0.477987421383648 0.157894736842105 0.545454545454545 0.317073170731707 0.433333333333333 0.566666666666667
0.586956521739130 0.461538461538462 0.833333333333333 0.458515283842795 0.197802197802198 0.113207547169811 0.581699346405229 0.171428571428571 0.500000000000000 0.414285714285714 0.531578947368421 0.511990407673861 0.503144654088050 0.171052631578947 0.227272727272727 0.121951219512195 0.433333333333333 0.466666666666667
0.782608695652174 0.769230769230769 0.958333333333333 0.510917030567686 0.241758241758242 0.188679245283019 0.712418300653595 0.142857142857143 0.666666666666667 0.728571428571429 0.505263157894737 0.633093525179856 0.647798742138365 0.171052631578947 0.590909090909091 0.682926829268293 0.400000000000000 0.666666666666667
0.260869565217391 0.384615384615385 0.333333333333333 0.104803493449782 0.098901098901099 0.113207547169811 0.248366013071895 0.571428571428571 0.166666666666667 0.371428571428571 0.200000000000000 0.167865707434053 0.402515723270440 0.302631578947368 0.409090909090909 0.341463414634146 0.133333333333333 0.100000000000000
0.434782608695652 0.615384615384615 0.541666666666667 0.331877729257642 0.197802197802198 0.094339622641509 0.398692810457516 0.314285714285714 0.333333333333333 0.571428571428571 0.310526315789474 0.334532374100719 0.534591194968553 0.144736842105263 0.227272727272727 0.243902439024390 0.700000000000000 0.700000000000000
0.347826086956522 0.153846153846154 0.194444444444444 0.065502183406114 0.065934065934066 0.056603773584906 0.143790849673203 0.685714285714286 0.083333333333333 0.128571428571429 0.110526315789474 0.098321342925659 0.232704402515723 0.263157894736842 0.727272727272727 0.341463414634146 0.266666666666667 0.133333333333333
0.369565217391304 0.576923076923077 0.527777777777778 0.165938864628821 0.131868131868132 0.169811320754717 0.313725490196078 0.485714285714286 0.250000000000000 0.600000000000000 0.226315789473684 0.223021582733813 0.477987421383648 0.223684210526316 0.454545454545455 0.268292682926829 0.233333333333333 0.366666666666667
0.413043478260870 0.269230769230769 0.583333333333333 0.257641921397380 0.175824175824176 0.132075471698113 0.222222222222222 0.542857142857143 0.166666666666667 0.314285714285714 0.184210526315789 0.161870503597122 0.176100628930818 0.065789473684211 0.409090909090909 0.000000000000000 0.766666666666667 0.833333333333333
0.369565217391304 0.115384615384615 0.236111111111111 0.113537117903930 0.109890109890110 0.075471698113208 0.058823529411765 0.857142857142857 0.000000000000000 0.128571428571429 0.036842105263158 0.038369304556355 0.144654088050314 0.118421052631579 1.000000000000000 0.560975609756098 0.466666666666667 0.466666666666667
0.260869565217391 0.461538461538462 0.430555555555556 0.200873362445415 0.175824175824176 0.113207547169811 0.202614379084967 0.571428571428571 0.166666666666667 0.414285714285714 0.215789473684211 0.147482014388489 0.440251572327044 0.171052631578947 0.090909090909091 0.073170731707317 0.366666666666667 0.500000000000000
0.369565217391304 0.500000000000000 0.555555555555556 0.170305676855895 0.164835164835165 0.169811320754717 0.307189542483660 0.485714285714286 0.250000000000000 0.542857142857143 0.205263157894737 0.218225419664269 0.484276729559748 0.197368421052632 0.772727272727273 0.170731707317073 0.300000000000000 0.400000000000000
0.347826086956522 0.346153846153846 0.416666666666667 0.192139737991266 0.164835164835165 0.094339622641509 0.228758169934641 0.542857142857143 0.166666666666667 0.357142857142857 0.242105263157895 0.166666666666667 0.276729559748428 0.223684210526316 0.090909090909091 0.146341463414634 0.333333333333333 0.266666666666667
0.260869565217391 0.307692307692308 0.361111111111111 0.222707423580786 0.197802197802198 0.377358490566038 0.241830065359477 0.542857142857143 0.166666666666667 0.300000000000000 0.226315789473684 0.175059952038369 0.289308176100629 0.210526315789474 0.272727272727273 0.390243902439024 0.266666666666667 0.333333333333333
0.521739130434783 0.461538461538462 0.666666666666667 0.301310043668122 0.219780219780220 0.150943396226415 0.294117647058824 0.485714285714286 0.250000000000000 0.557142857142857 0.226315789473684 0.217026378896883 0.301886792452830 0.105263157894737 0.363636363636364 0.292682926829268 0.533333333333333 0.633333333333333
0.586956521739130 0.576923076923077 0.763888888888889 0.458515283842795 0.230769230769231 0.094339622641509 0.568627450980392 0.171428571428571 0.500000000000000 0.457142857142857 0.452631578947368 0.504796163069544 0.572327044025157 0.184210526315789 0.318181818181818 0.268292682926829 0.533333333333333 0.433333333333333
0.586956521739130 0.500000000000000 0.888888888888889 0.349344978165939 0.142857142857143 0.132075471698113 0.555555555555556 0.228571428571429 0.500000000000000 0.414285714285714 0.484210526315789 0.472422062350120 0.559748427672956 0.184210526315789 0.590909090909091 0.317073170731707 0.433333333333333 0.533333333333333
0.282608695652174 0.115384615384615 0.513888888888889 0.266375545851528 0.142857142857143 0.094339622641509 0.248366013071895 0.542857142857143 0.166666666666667 0.142857142857143 0.231578947368421 0.176258992805755 0.138364779874214 0.092105263157895 0.000000000000000 0.780487804878049 0.666666666666667 0.733333333333333
0.521739130434783 0.346153846153846 0.847222222222222 0.358078602620087 0.131868131868132 0.132075471698113 0.483660130718954 0.285714285714286 0.416666666666667 0.285714285714286 0.410526315789474 0.392086330935252 0.371069182389937 0.105263157894737 0.318181818181818 1.000000000000000 0.600000000000000 0.833333333333333
0.543478260869565 0.230769230769231 0.388888888888889 0.074235807860262 0.021978021978022 0.094339622641509 0.143790849673203 0.714285714285714 0.083333333333333 0.342857142857143 0.178947368421053 0.092326139088729 0.157232704402516 0.210526315789474 0.181818181818182 0.024390243902439 0.333333333333333 0.166666666666667
0.630434782608696 0.807692307692308 0.833333333333333 0.257641921397380 0.065934065934066 0.150943396226415 0.660130718954248 0.142857142857143 0.583333333333333 0.785714285714286 0.468421052631579 0.581534772182254 0.578616352201258 0.223684210526316 0.545454545454545 0.658536585365854 0.366666666666667 0.466666666666667
0.347826086956522 0.538461538461538 0.597222222222222 0.951965065502183 0.945054945054945 0.867924528301887 0.300653594771242 0.485714285714286 0.250000000000000 0.642857142857143 0.521052631578947 0.215827338129496 0.421383647798742 0.500000000000000 0.000000000000000 0.341463414634146 0.266666666666667 0.433333333333333
0.282608695652174 0.576923076923077 0.486111111111111 0.139737991266376 0.120879120879121 0.150943396226415 0.320261437908497 0.485714285714286 0.250000000000000 0.642857142857143 0.210526315789474 0.224220623501199 0.477987421383648 0.210526315789474 0.136363636363636 0.024390243902439 0.233333333333333 0.366666666666667
0.304347826086957 0.346153846153846 0.333333333333333 0.200873362445415 0.186813186813187 0.150943396226415 0.137254901960784 0.685714285714286 0.083333333333333 0.342857142857143 0.142105263157895 0.095923261390887 0.314465408805031 0.105263157894737 0.318181818181818 0.024390243902439 0.566666666666667 0.666666666666667
0.326086956521739 0.153846153846154 0.319444444444444 0.113537117903930 0.120879120879121 0.056603773584906 0.084967320261438 0.800000000000000 0.083333333333333 0.171428571428571 0.057894736842105 0.055155875299760 0.226415094339623 0.197368421052632 0.636363636363636 0.487804878048780 0.266666666666667 0.233333333333333
0.391304347826087 0.346153846153846 0.555555555555556 0.253275109170306 0.208791208791209 0.113207547169811 0.235294117647059 0.514285714285714 0.166666666666667 0.385714285714286 0.215789473684211 0.176258992805755 0.238993710691824 0.144736842105263 0.136363636363636 0.121951219512195 0.433333333333333 0.600000000000000
0.369565217391304 0.153846153846154 0.555555555555556 0.292576419213974 0.120879120879121 0.132075471698113 0.294117647058824 0.457142857142857 0.250000000000000 0.200000000000000 0.221052631578947 0.226618705035971 0.037735849056604 0.013157894736842 0.136363636363636 0.439024390243902 0.833333333333333 0.933333333333333
0.173913043478261 0.346153846153846 0.319444444444444 0.091703056768559 0.087912087912088 0.113207547169811 0.241830065359477 0.571428571428571 0.166666666666667 0.385714285714286 0.189473684210526 0.163069544364508 0.396226415094340 0.355263157894737 0.318181818181818 0.170731707317073 0.100000000000000 0.033333333333333
0.717391304347826 0.615384615384615 0.930555555555556 0.393013100436681 0.109890109890110 0.169811320754717 0.666666666666667 0.142857142857143 0.583333333333333 0.614285714285714 0.494736842105263 0.582733812949640 0.396226415094340 0.105263157894737 0.000000000000000 0.951219512195122 0.533333333333333 0.833333333333333
0.152173913043478 0.384615384615385 0.388888888888889 0.069868995633188 0.076923076923077 0.113207547169811 0.248366013071895 0.542857142857143 0.166666666666667 0.385714285714286 0.215789473684211 0.173860911270983 0.421383647798742 0.342105263157895 0.181818181818182 0.195121951219512 0.100000000000000 0.066666666666667
0.478260869565217 0.461538461538462 0.555555555555556 0.358078602620087 0.164835164835165 0.094339622641509 0.339869281045752 0.400000000000000 0.250000000000000 0.385714285714286 0.305263157894737 0.266187050359712 0.433962264150943 0.078947368421053 0.500000000000000 0.439024390243902 0.766666666666667 0.766666666666667
0.652173913043478 0.807692307692308 0.930555555555556 0.497816593886463 0.186813186813187 0.188679245283019 0.718954248366013 0.114285714285714 0.666666666666667 0.800000000000000 0.478947368421053 0.652278177458034 0.566037735849057 0.105263157894737 0.000000000000000 0.439024390243902 0.433333333333333 0.633333333333333
0.586956521739130 0.500000000000000 0.625000000000000 0.262008733624454 0.186813186813187 0.169811320754717 0.333333333333333 0.457142857142857 0.250000000000000 0.642857142857143 0.242105263157895 0.243405275779377 0.383647798742138 0.157894736842105 0.818181818181818 0.000000000000000 0.433333333333333 0.500000000000000
0.391304347826087 0.269230769230769 0.500000000000000 0.292576419213974 0.219780219780220 0.094339622641509 0.241830065359477 0.514285714285714 0.166666666666667 0.242857142857143 0.205263157894737 0.177458033573141 0.220125786163522 0.118421052631579 0.181818181818182 0.414634146341463 0.533333333333333 0.633333333333333
0.369565217391304 0.384615384615385 0.444444444444444 0.296943231441048 0.131868131868132 0.113207547169811 0.274509803921569 0.457142857142857 0.166666666666667 0.371428571428571 0.231578947368421 0.211031175059952 0.308176100628931 0.026315789473684 0.681818181818182 0.219512195121951 0.900000000000000 0.933333333333333
0.434782608695652 0.115384615384615 0.333333333333333 0.266375545851528 0.241758241758242 0.113207547169811 0.156862745098039 0.657142857142857 0.083333333333333 0.257142857142857 0.163157894736842 0.113908872901679 0.113207547169811 0.105263157894737 0.090909090909091 0.707317073170732 0.566666666666667 0.766666666666667
0.673913043478261 0.653846153846154 0.777777777777778 0.467248908296943 0.197802197802198 0.150943396226415 0.490196078431373 0.257142857142857 0.416666666666667 0.542857142857143 0.405263157894737 0.411270983213429 0.540880503144654 0.078947368421053 0.136363636363636 0.170731707317073 0.633333333333333 0.833333333333333
0.456521739130435 0.423076923076923 0.611111111111111 0.489082969432314 0.296703296703297 0.075471698113208 0.470588235294118 0.257142857142857 0.416666666666667 0.385714285714286 0.410526315789474 0.408872901678657 0.283018867924528 0.184210526315789 0.181818181818182 0.536585365853659 0.666666666666667 0.533333333333333
0.434782608695652 0.076923076923077 0.444444444444444 0.296943231441048 0.164835164835165 0.094339622641509 0.241830065359477 0.514285714285714 0.166666666666667 0.085714285714286 0.205263157894737 0.179856115107914 0.100628930817610 0.039473684210526 0.227272727272727 0.731707317073171 0.900000000000000 0.966666666666667
0.717391304347826 0.615384615384615 0.916666666666667 0.467248908296943 0.186813186813187 0.132075471698113 0.627450980392157 0.171428571428571 0.583333333333333 0.571428571428571 0.494736842105263 0.552757793764988 0.471698113207547 0.118421052631579 0.045454545454545 0.585365853658537 0.466666666666667 0.700000000000000
0.347826086956522 0.269230769230769 0.541666666666667 0.218340611353712 0.186813186813187 0.132075471698113 0.209150326797386 0.571428571428571 0.166666666666667 0.300000000000000 0.200000000000000 0.152278177458034 0.251572327044025 0.157894736842105 0.363636363636364 0.170731707317073 0.400000000000000 0.533333333333333
0.804347826086957 0.884615384615385 0.875000000000000 0.519650655021834 0.186813186813187 0.056603773584906 0.901960784313726 0.000000000000000 0.833333333333333 0.728571428571429 0.789473684210526 0.892086330935252 0.817610062893082 0.342105263157895 0.181818181818182 0.146341463414634 0.266666666666667 0.066666666666667
0.260869565217391 0.115384615384615 0.527777777777778 0.196506550218341 0.087912087912088 0.094339622641509 0.228758169934641 0.542857142857143 0.166666666666667 0.142857142857143 0.200000000000000 0.164268585131894 0.157232704402516 0.065789473684211 0.454545454545455 0.585365853658537 0.700000000000000 0.733333333333333
0.434782608695652 0.346153846153846 0.416666666666667 0.117903930131004 0.098901098901099 0.094339622641509 0.098039215686275 0.771428571428571 0.083333333333333 0.385714285714286 0.136842105263158 0.067146282973621 0.270440251572327 0.197368421052632 0.227272727272727 0.097560975609756 0.433333333333333 0.300000000000000
0.304347826086957 0.230769230769231 0.472222222222222 0.209606986899563 0.120879120879121 0.075471698113208 0.254901960784314 0.514285714285714 0.166666666666667 0.257142857142857 0.231578947368421 0.183453237410072 0.194968553459120 0.144736842105263 0.045454545454545 0.804878048780488 0.366666666666667 0.500000000000000
0.391304347826087 0.461538461538462 0.486111111111111 0.218340611353712 0.109890109890110 0.075471698113208 0.248366013071895 0.514285714285714 0.166666666666667 0.400000000000000 0.210526315789474 0.181055155875300 0.446540880503145 0.092105263157895 0.727272727272727 0.048780487804878 0.566666666666667 0.566666666666667
0.195652173913043 0.192307692307692 0.180555555555556 0.091703056768559 0.131868131868132 0.056603773584906 0.137254901960784 0.714285714285714 0.083333333333333 0.142857142857143 0.115789473684211 0.089928057553957 0.232704402515723 0.368421052631579 0.000000000000000 0.000000000000000 0.033333333333333 0.066666666666667
0.739130434782609 0.730769230769231 0.847222222222222 0.497816593886463 0.186813186813187 0.169811320754717 0.588235294117647 0.200000000000000 0.500000000000000 0.657142857142857 0.468421052631579 0.510791366906475 0.522012578616352 0.078947368421053 0.772727272727273 0.048780487804878 0.700000000000000 0.833333333333333
0.543478260869565 0.230769230769231 0.569444444444444 0.379912663755459 0.186813186813187 0.132075471698113 0.352941176470588 0.400000000000000 0.250000000000000 0.285714285714286 0.284210526315789 0.276978417266187 0.138364779874214 0.039473684210526 0.363636363636364 0.463414634146341 0.700000000000000 0.800000000000000
0.260869565217391 0.269230769230769 0.444444444444444 0.152838427947598 0.131868131868132 0.056603773584906 0.130718954248366 0.685714285714286 0.083333333333333 0.242857142857143 0.152631578947368 0.091127098321343 0.257861635220126 0.118421052631579 0.136363636363636 0.219512195121951 0.500000000000000 0.466666666666667
0.543478260869565 0.807692307692308 0.888888888888889 0.358078602620087 0.131868131868132 0.150943396226415 0.660130718954248 0.171428571428571 0.583333333333333 0.771428571428571 0.489473684210526 0.576738609112710 0.679245283018868 0.184210526315789 0.045454545454545 0.634146341463415 0.333333333333333 0.466666666666667
0.652173913043478 0.807692307692308 0.708333333333333 0.327510917030568 0.109890109890110 0.169811320754717 0.705882352941177 0.142857142857143 0.666666666666667 0.742857142857143 0.473684210526316 0.627098321342926 0.559748427672956 0.171052631578947 0.045454545454545 0.780487804878049 0.333333333333333 0.566666666666667
0.413043478260870 0.115384615384615 0.527777777777778 0.266375545851528 0.109890109890110 0.113207547169811 0.267973856209150 0.485714285714286 0.166666666666667 0.142857142857143 0.205263157894737 0.197841726618705 0.094339622641509 0.013157894736842 0.181818181818182 0.463414634146341 0.900000000000000 1.000000000000000
0.804347826086957 0.692307692307692 0.888888888888889 0.379912663755459 0.109890109890110 0.188679245283019 0.660130718954248 0.142857142857143 0.583333333333333 0.628571428571429 0.505263157894737 0.587529976019185 0.509433962264151 0.118421052631579 0.818181818181818 0.048780487804878 0.500000000000000 0.600000000000000
0.195652173913043 0.461538461538462 0.388888888888889 0.152838427947598 0.186813186813187 0.075471698113208 0.228758169934641 0.571428571428571 0.166666666666667 0.357142857142857 0.205263157894737 0.163069544364508 0.471698113207547 0.276315789473684 0.000000000000000 0.024390243902439 0.166666666666667 0.100000000000000
0.543478260869565 0.192307692307692 0.416666666666667 0.091703056768559 0.054945054945055 0.113207547169811 0.117647058823529 0.771428571428571 0.083333333333333 0.300000000000000 0.142105263157895 0.070743405275779 0.144654088050314 0.197368421052632 0.000000000000000 0.317073170731707 0.333333333333333 0.133333333333333
0.760869565217391 0.692307692307692 0.875000000000000 0.406113537117904 0.142857142857143 0.169811320754717 0.647058823529412 0.142857142857143 0.583333333333333 0.600000000000000 0.484210526315789 0.571942446043165 0.490566037735849 0.105263157894737 0.318181818181818 0.073170731707317 0.466666666666667 0.633333333333333
0.717391304347826 0.807692307692308 0.875000000000000 0.248908296943231 0.000000000000000 0.037735849056604 0.882352941176471 0.028571428571429 0.833333333333333 0.685714285714286 0.715789473684211 0.848920863309353 0.836477987421384 0.342105263157895 0.181818181818182 0.268292682926829 0.166666666666667 0.066666666666667
0.456521739130435 0.461538461538462 0.569444444444444 0.270742358078603 0.219780219780220 0.132075471698113 0.215686274509804 0.571428571428571 0.166666666666667 0.414285714285714 0.178947368421053 0.154676258992806 0.440251572327044 0.092105263157895 0.500000000000000 0.341463414634146 0.600000000000000 0.700000000000000
0.500000000000000 0.615384615384615 0.805555555555556 0.362445414847162 0.131868131868132 0.075471698113208 0.660130718954248 0.142857142857143 0.583333333333333 0.485714285714286 0.515789473684211 0.594724220623501 0.635220125786163 0.236842105263158 0.363636363636364 0.682926829268293 0.400000000000000 0.266666666666667
0.434782608695652 0.576923076923077 0.611111111111111 0.200873362445415 0.175824175824176 0.169811320754717 0.287581699346405 0.514285714285714 0.250000000000000 0.671428571428571 0.215789473684211 0.203836930455636 0.496855345911950 0.184210526315789 0.363636363636364 0.365853658536585 0.300000000000000 0.466666666666667
0.326086956521739 0.269230769230769 0.527777777777778 0.358078602620087 0.285714285714286 0.075471698113208 0.300653594771242 0.428571428571429 0.250000000000000 0.228571428571429 0.289473684210526 0.233812949640288 0.245283018867925 0.184210526315789 0.045454545454545 0.268292682926829 0.566666666666667 0.533333333333333
0.239130434782609 0.230769230769231 0.694444444444444 0.331877729257642 0.142857142857143 0.094339622641509 0.424836601307190 0.314285714285714 0.333333333333333 0.185714285714286 0.415789473684211 0.341726618705036 0.226415094339623 0.157894736842105 0.181818181818182 0.926829268292683 0.466666666666667 0.566666666666667
0.347826086956522 0.423076923076923 0.444444444444444 0.244541484716157 0.208791208791209 0.094339622641509 0.209150326797386 0.571428571428571 0.166666666666667 0.414285714285714 0.189473684210526 0.153477218225420 0.377358490566038 0.131578947368421 0.500000000000000 0.024390243902439 0.500000000000000 0.566666666666667
0.434782608695652 0.153846153846154 0.458333333333333 0.305676855895196 0.230769230769231 0.094339622641509 0.254901960784314 0.485714285714286 0.166666666666667 0.185714285714286 0.236842105263158 0.195443645083933 0.163522012578616 0.118421052631579 0.045454545454545 0.536585365853659 0.666666666666667 0.800000000000000
0.347826086956522 0.423076923076923 0.416666666666667 0.144104803493450 0.120879120879121 0.075471698113208 0.156862745098039 0.657142857142857 0.083333333333333 0.400000000000000 0.200000000000000 0.106714628297362 0.358490566037736 0.250000000000000 0.454545454545455 0.073170731707317 0.333333333333333 0.200000000000000
0.630434782608696 0.807692307692308 0.916666666666667 0.510917030567686 0.230769230769231 0.169811320754717 0.620915032679739 0.171428571428571 0.583333333333333 0.657142857142857 0.515789473684211 0.544364508393285 0.811320754716981 0.157894736842105 0.000000000000000 0.634146341463415 0.433333333333333 0.633333333333333
0.108695652173913 0.115384615384615 0.277777777777778 0.052401746724891 0.098901098901099 0.075471698113208 0.071895424836601 0.828571428571429 0.000000000000000 0.085714285714286 0.057894736842105 0.044364508393285 0.075471698113208 0.250000000000000 0.136363636363636 0.390243902439024 0.066666666666667 0.133333333333333
0.391304347826087 0.346153846153846 0.361111111111111 0.283842794759825 0.208791208791209 0.094339622641509 0.215686274509804 0.514285714285714 0.166666666666667 0.314285714285714 0.205263157894737 0.169064748201439 0.314465408805031 0.105263157894737 0.181818181818182 0.000000000000000 0.833333333333333 0.866666666666667
0.239130434782609 0.076923076923077 0.180555555555556 0.078602620087336 0.109890109890110 0.037735849056604 0.026143790849673 0.942857142857143 0.000000000000000 0.071428571428571 0.026315789473684 0.014388489208633 0.119496855345912 0.223684210526316 0.454545454545455 0.658536585365854 0.233333333333333 0.300000000000000
0.652173913043478 0.500000000000000 0.916666666666667 0.458515283842795 0.208791208791209 0.150943396226415 0.594771241830065 0.200000000000000 0.500000000000000 0.442857142857143 0.457894736842105 0.513189448441247 0.635220125786163 0.144736842105263 0.409090909090909 0.243902439024390 0.500000000000000 0.600000000000000
0.586956521739130 0.307692307692308 0.486111111111111 0.441048034934498 0.263736263736264 0.056603773584906 0.418300653594771 0.285714285714286 0.333333333333333 0.285714285714286 0.389473684210526 0.353717026378897 0.264150943396226 0.171052631578947 0.318181818181818 0.463414634146341 0.700000000000000 0.533333333333333
0.391304347826087 0.346153846153846 0.569444444444444 0.388646288209607 0.241758241758242 0.056603773584906 0.372549019607843 0.342857142857143 0.250000000000000 0.271428571428571 0.284210526315789 0.299760191846523 0.295597484276730 0.118421052631579 0.136363636363636 0.560975609756098 0.733333333333333 0.766666666666667
0.543478260869565 0.461538461538462 0.500000000000000 0.270742358078603 0.142857142857143 0.094339622641509 0.294117647058824 0.457142857142857 0.250000000000000 0.428571428571429 0.284210526315789 0.224220623501199 0.484276729559748 0.131578947368421 0.590909090909091 0.243902439024390 0.466666666666667 0.500000000000000
0.608695652173913 0.692307692307692 0.902777777777778 0.471615720524017 0.230769230769231 0.150943396226415 0.633986928104575 0.171428571428571 0.583333333333333 0.628571428571429 0.484210526315789 0.562350119904077 0.723270440251572 0.184210526315789 0.227272727272727 0.560975609756098 0.333333333333333 0.466666666666667
0.369565217391304 0.115384615384615 0.527777777777778 0.327510917030568 0.186813186813187 0.113207547169811 0.294117647058824 0.457142857142857 0.166666666666667 0.114285714285714 0.273684210526316 0.219424460431655 0.207547169811321 0.092105263157895 0.045454545454545 0.487804878048780 0.533333333333333 0.566666666666667
0.521739130434783 0.576923076923077 0.750000000000000 0.410480349344978 0.175824175824176 0.132075471698113 0.450980392156863 0.285714285714286 0.333333333333333 0.528571428571429 0.368421052631579 0.371702637889688 0.503144654088050 0.065789473684211 0.909090909090909 0.268292682926829 0.766666666666667 0.733333333333333
0.304347826086957 0.269230769230769 0.569444444444444 0.253275109170306 0.230769230769231 0.150943396226415 0.222222222222222 0.571428571428571 0.166666666666667 0.300000000000000 0.194736842105263 0.159472422062350 0.301886792452830 0.144736842105263 0.000000000000000 0.317073170731707 0.433333333333333 0.600000000000000
0.434782608695652 0.384615384615385 0.500000000000000 0.196506550218341 0.109890109890110 0.094339622641509 0.241830065359477 0.514285714285714 0.166666666666667 0.357142857142857 0.221052631578947 0.181055155875300 0.421383647798742 0.131578947368421 0.636363636363636 0.000000000000000 0.433333333333333 0.433333333333333
0.739130434782609 0.846153846153846 0.805555555555556 0.414847161572052 0.131868131868132 0.094339622641509 0.836601307189543 0.028571428571429 0.750000000000000 0.714285714285714 0.673684210526316 0.817745803357314 0.855345911949686 0.276315789473684 0.136363636363636 0.024390243902439 0.333333333333333 0.100000000000000
0.413043478260870 0.153846153846154 0.638888888888889 0.275109170305677 0.142857142857143 0.094339622641509 0.300653594771242 0.457142857142857 0.250000000000000 0.185714285714286 0.268421052631579 0.226618705035971 0.220125786163522 0.118421052631579 0.409090909090909 0.512195121951220 0.466666666666667 0.500000000000000
0.282608695652174 0.384615384615385 0.361111111111111 0.113537117903930 0.098901098901099 0.094339622641509 0.261437908496732 0.514285714285714 0.166666666666667 0.342857142857143 0.247368421052632 0.187050359712230 0.402515723270440 0.289473684210526 0.272727272727273 0.341463414634146 0.166666666666667 0.133333333333333
0.739130434782609 0.884615384615385 0.888888888888889 0.554585152838428 0.263736263736264 0.169811320754717 0.699346405228758 0.142857142857143 0.666666666666667 0.771428571428571 0.505263157894737 0.624700239808153 0.679245283018868 0.157894736842105 0.863636363636364 0.268292682926829 0.433333333333333 0.500000000000000
0.195652173913043 0.423076923076923 0.444444444444444 0.200873362445415 0.186813186813187 0.094339622641509 0.274509803921569 0.514285714285714 0.166666666666667 0.371428571428571 0.268421052631579 0.199040767386091 0.427672955974843 0.276315789473684 0.000000000000000 0.390243902439024 0.233333333333333 0.200000000000000
0.173913043478261 0.500000000000000 0.430555555555556 0.113537117903930 0.098901098901099 0.094339622641509 0.267973856209150 0.514285714285714 0.166666666666667 0.442857142857143 0.221052631578947 0.189448441247002 0.515723270440252 0.289473684210526 0.136363636363636 0.341463414634146 0.133333333333333 0.166666666666667
0.195652173913043 0.423076923076923 0.444444444444444 0.139737991266376 0.153846153846154 0.094339622641509 0.228758169934641 0.571428571428571 0.166666666666667 0.357142857142857 0.226315789473684 0.159472422062350 0.465408805031447 0.289473684210526 0.272727272727273 0.414634146341463 0.166666666666667 0.133333333333333
0.434782608695652 0.538461538461538 0.625000000000000 0.257641921397380 0.208791208791209 0.169811320754717 0.287581699346405 0.514285714285714 0.250000000000000 0.571428571428571 0.221052631578947 0.205035971223022 0.433962264150943 0.197368421052632 0.318181818181818 0.365853658536585 0.233333333333333 0.466666666666667
0.369565217391304 0.115384615384615 0.472222222222222 0.292576419213974 0.142857142857143 0.113207547169811 0.294117647058824 0.457142857142857 0.166666666666667 0.142857142857143 0.247368421052632 0.219424460431655 0.088050314465409 0.026315789473684 0.272727272727273 0.512195121951220 0.700000000000000 0.766666666666667
0.826086956521739 0.807692307692308 0.875000000000000 0.292576419213974 0.032967032967033 0.169811320754717 0.712418300653595 0.114285714285714 0.666666666666667 0.771428571428571 0.510526315789474 0.651079136690647 0.578616352201258 0.131578947368421 0.681818181818182 0.146341463414634 0.466666666666667 0.566666666666667
0.652173913043478 0.846153846153846 0.833333333333333 0.393013100436681 0.164835164835165 0.169811320754717 0.653594771241830 0.142857142857143 0.583333333333333 0.814285714285714 0.457894736842105 0.577937649880096 0.691823899371069 0.184210526315789 0.454545454545455 0.341463414634146 0.366666666666667 0.433333333333333
0.347826086956522 0.269230769230769 0.250000000000000 0.144104803493450 0.120879120879121 0.094339622641509 0.065359477124183 0.800000000000000 0.000000000000000 0.314285714285714 0.084210526315789 0.049160671462830 0.257861635220126 0.052631578947368 0.318181818181818 0.097560975609756 0.766666666666667 0.833333333333333
0.304347826086957 0.538461538461538 0.569444444444444 0.196506550218341 0.164835164835165 0.132075471698113 0.228758169934641 0.542857142857143 0.166666666666667 0.485714285714286 0.215789473684211 0.169064748201439 0.452830188679245 0.171052631578947 0.000000000000000 0.146341463414634 0.400000000000000 0.566666666666667
0.413043478260870 0.500000000000000 0.541666666666667 0.314410480349345 0.186813186813187 0.113207547169811 0.326797385620915 0.428571428571429 0.250000000000000 0.442857142857143 0.278947368421053 0.254196642685851 0.433962264150943 0.105263157894737 0.090909090909091 0.243902439024390 0.500000000000000 0.566666666666667
0.260869565217391 0.346153846153846 0.333333333333333 0.074235807860262 0.087912087912088 0.094339622641509 0.241830065359477 0.571428571428571 0.166666666666667 0.400000000000000 0.194736842105263 0.166666666666667 0.396226415094340 0.342105263157895 0.045454545454545 0.146341463414634 0.100000000000000 0.033333333333333
0.282608695652174 0.500000000000000 0.416666666666667 0.196506550218341 0.197802197802198 0.113207547169811 0.241830065359477 0.542857142857143 0.166666666666667 0.400000000000000 0.210526315789474 0.176258992805755 0.477987421383648 0.236842105263158 0.272727272727273 0.146341463414634 0.233333333333333 0.233333333333333
0.608695652173913 0.884615384615385 0.833333333333333 0.279475982532751 0.087912087912088 0.169811320754717 0.666666666666667 0.142857142857143 0.583333333333333 0.814285714285714 0.468421052631579 0.595923261390887 0.723270440251572 0.197368421052632 0.090909090909091 0.073170731707317 0.300000000000000 0.366666666666667
0.456521739130435 0.230769230769231 0.680555555555556 0.393013100436681 0.164835164835165 0.132075471698113 0.392156862745098 0.342857142857143 0.333333333333333 0.242857142857143 0.321052631578947 0.311750599520384 0.075471698113208 0.052631578947368 0.181818181818182 0.560975609756098 0.833333333333333 0.933333333333333
0.282608695652174 0.153846153846154 0.402777777777778 0.200873362445415 0.175824175824176 0.113207547169811 0.169934640522876 0.628571428571429 0.083333333333333 0.228571428571429 0.173684210526316 0.119904076738609 0.094339622641509 0.157894736842105 0.045454545454545 0.146341463414634 0.433333333333333 0.466666666666667
0.369565217391304 0.307692307692308 0.430555555555556 0.283842794759825 0.230769230769231 0.094339622641509 0.248366013071895 0.514285714285714 0.166666666666667 0.285714285714286 0.236842105263158 0.182254196642686 0.301886792452830 0.157894736842105 0.136363636363636 0.439024390243902 0.533333333333333 0.533333333333333
0.673913043478261 0.615384615384615 0.680555555555556 0.279475982532751 0.076923076923077 0.037735849056604 0.653594771241830 0.142857142857143 0.583333333333333 0.500000000000000 0.568421052631579 0.597122302158273 0.559748427672956 0.250000000000000 0.045454545454545 0.560975609756098 0.466666666666667 0.266666666666667
0.347826086956522 0.115384615384615 0.444444444444444 0.161572052401747 0.098901098901099 0.094339622641509 0.169934640522876 0.628571428571429 0.083333333333333 0.114285714285714 0.173684210526316 0.122302158273381 0.132075471698113 0.171052631578947 0.045454545454545 0.024390243902439 0.366666666666667 0.366666666666667
0.369565217391304 0.230769230769231 0.638888888888889 0.283842794759825 0.164835164835165 0.094339622641509 0.326797385620915 0.428571428571429 0.250000000000000 0.185714285714286 0.336842105263158 0.244604316546763 0.238993710691824 0.197368421052632 0.045454545454545 0.536585365853659 0.300000000000000 0.333333333333333
0.239130434782609 0.423076923076923 0.513888888888889 0.200873362445415 0.131868131868132 0.056603773584906 0.261437908496732 0.514285714285714 0.166666666666667 0.357142857142857 0.236842105263158 0.191846522781775 0.427672955974843 0.236842105263158 0.363636363636364 0.048780487804878 0.233333333333333 0.200000000000000
0.673913043478261 0.923076923076923 0.875000000000000 0.489082969432314 0.241758241758242 0.169811320754717 0.699346405228758 0.114285714285714 0.666666666666667 0.828571428571429 0.515789473684211 0.628297362110312 0.691823899371069 0.184210526315789 0.181818181818182 0.073170731707317 0.333333333333333 0.500000000000000
0.217391304347826 0.423076923076923 0.388888888888889 0.174672489082969 0.153846153846154 0.113207547169811 0.228758169934641 0.542857142857143 0.166666666666667 0.357142857142857 0.210526315789474 0.169064748201439 0.446540880503145 0.197368421052632 0.045454545454545 0.024390243902439 0.300000000000000 0.333333333333333
0.260869565217391 0.230769230769231 0.236111111111111 0.096069868995633 0.098901098901099 0.075471698113208 0.013071895424837 0.914285714285714 0.000000000000000 0.242857142857143 0.021052631578947 0.013189448441247 0.226415094339623 0.065789473684211 0.772727272727273 0.170731707317073 0.700000000000000 0.700000000000000
0.565217391304348 0.846153846153846 0.847222222222222 0.445414847161572 0.164835164835165 0.207547169811321 0.718954248366013 0.114285714285714 0.666666666666667 0.885714285714286 0.500000000000000 0.645083932853717 0.654088050314465 0.157894736842105 0.090909090909091 0.073170731707317 0.333333333333333 0.500000000000000
0.326086956521739 0.423076923076923 0.625000000000000 0.152838427947598 0.098901098901099 0.169811320754717 0.294117647058824 0.485714285714286 0.250000000000000 0.528571428571429 0.242105263157895 0.214628297362110 0.415094339622642 0.223684210526316 0.227272727272727 0.390243902439024 0.266666666666667 0.466666666666667
0.586956521739130 0.653846153846154 0.569444444444444 0.406113537117904 0.219780219780220 0.075471698113208 0.483660130718954 0.228571428571429 0.416666666666667 0.571428571428571 0.400000000000000 0.416067146282974 0.559748427672956 0.197368421052632 0.272727272727273 0.024390243902439 0.700000000000000 0.566666666666667
0.173913043478261 0.423076923076923 0.444444444444444 0.152838427947598 0.142857142857143 0.075471698113208 0.267973856209150 0.514285714285714 0.166666666666667 0.400000000000000 0.263157894736842 0.195443645083933 0.433962264150943 0.289473684210526 0.045454545454545 0.365853658536585 0.200000000000000 0.166666666666667
0.282608695652174 0.307692307692308 0.361111111111111 0.126637554585153 0.098901098901099 0.075471698113208 0.156862745098039 0.657142857142857 0.083333333333333 0.257142857142857 0.131578947368421 0.107913669064748 0.333333333333333 0.197368421052632 0.227272727272727 0.341463414634146 0.233333333333333 0.266666666666667
0.434782608695652 0.307692307692308 0.541666666666667 0.240174672489083 0.175824175824176 0.113207547169811 0.209150326797386 0.571428571428571 0.166666666666667 0.457142857142857 0.184210526315789 0.149880095923261 0.157232704402516 0.105263157894737 0.181818181818182 0.219512195121951 0.633333333333333 0.733333333333333
0.739130434782609 0.807692307692308 0.805555555555556 0.462882096069869 0.208791208791209 0.169811320754717 0.692810457516340 0.142857142857143 0.583333333333333 0.728571428571429 0.478947368421053 0.623501199040767 0.672955974842767 0.157894736842105 0.636363636363636 0.000000000000000 0.400000000000000 0.533333333333333
0.456521739130435 0.076923076923077 0.361111111111111 0.187772925764192 0.164835164835165 0.132075471698113 0.124183006535948 0.685714285714286 0.083333333333333 0.128571428571429 0.152631578947368 0.088729016786571 0.037735849056604 0.092105263157895 0.363636363636364 0.170731707317073 0.666666666666667 0.666666666666667
0.695652173913043 0.807692307692308 0.916666666666667 0.484716157205240 0.230769230769231 0.150943396226415 0.627450980392157 0.171428571428571 0.583333333333333 0.685714285714286 0.457894736842105 0.546762589928058 0.685534591194969 0.131578947368421 0.636363636363636 0.560975609756098 0.433333333333333 0.600000000000000
0.282608695652174 0.307692307692308 0.333333333333333 0.192139737991266 0.153846153846154 0.056603773584906 0.248366013071895 0.542857142857143 0.166666666666667 0.285714285714286 0.184210526315789 0.178657074340528 0.402515723270440 0.276315789473684 0.227272727272727 0.195121951219512 0.200000000000000 0.133333333333333
0.260869565217391 0.076923076923077 0.097222222222222 0.026200873362445 0.087912087912088 0.018867924528302 0.032679738562092 0.885714285714286 0.000000000000000 0.057142857142857 0.031578947368421 0.022781774580336 0.188679245283019 0.394736842105263 0.227272727272727 0.219512195121951 0.133333333333333 0.100000000000000
0.260869565217391 0.000000000000000 0.000000000000000 0.048034934497817 0.109890109890110 0.018867924528302 0.000000000000000 1.000000000000000 0.000000000000000 0.014285714285714 0.000000000000000 0.000000000000000 0.113207547169811 0.355263157894737 0.545454545454545 0.512195121951220 0.166666666666667 0.066666666666667
0.173913043478261 0.423076923076923 0.388888888888889 0.069868995633188 0.065934065934066 0.075471698113208 0.254901960784314 0.542857142857143 0.166666666666667 0.414285714285714 0.210526315789474 0.178657074340528 0.433962264150943 0.355263157894737 0.181818181818182 0.121951219512195 0.100000000000000 0.066666666666667
0.586956521739130 0.730769230769231 0.888888888888889 0.371179039301310 0.131868131868132 0.150943396226415 0.627450980392157 0.171428571428571 0.583333333333333 0.642857142857143 0.473684210526316 0.549160671462830 0.553459119496855 0.144736842105263 0.045454545454545 0.536585365853659 0.366666666666667 0.566666666666667
0.434782608695652 0.346153846153846 0.333333333333333 0.235807860262009 0.230769230769231 0.132075471698113 0.143790849673203 0.657142857142857 0.083333333333333 0.342857142857143 0.173684210526316 0.100719424460432 0.383647798742138 0.157894736842105 0.318181818181818 0.317073170731707 0.533333333333333 0.666666666666667
0.369565217391304 0.576923076923077 0.527777777777778 0.131004366812227 0.098901098901099 0.169811320754717 0.313725490196078 0.485714285714286 0.250000000000000 0.700000000000000 0.205263157894737 0.218225419664269 0.477987421383648 0.223684210526316 0.045454545454545 0.341463414634146 0.200000000000000 0.366666666666667
0.500000000000000 0.153846153846154 0.472222222222222 0.414847161572052 0.296703296703297 0.056603773584906 0.346405228758170 0.371428571428571 0.250000000000000 0.142857142857143 0.305263157894737 0.281774580335731 0.169811320754717 0.171052631578947 0.045454545454545 0.073170731707317 0.666666666666667 0.633333333333333
0.260869565217391 0.461538461538462 0.347222222222222 0.104803493449782 0.098901098901099 0.113207547169811 0.254901960784314 0.542857142857143 0.166666666666667 0.385714285714286 0.210526315789474 0.177458033573141 0.484276729559748 0.289473684210526 0.045454545454545 0.243902439024390 0.100000000000000 0.100000000000000
0.586956521739130 0.846153846153846 0.847222222222222 0.371179039301310 0.109890109890110 0.150943396226415 0.718954248366013 0.114285714285714 0.666666666666667 0.842857142857143 0.500000000000000 0.655875299760192 0.641509433962264 0.157894736842105 0.318181818181818 0.414634146341463 0.400000000000000 0.533333333333333
0.130434782608696 0.538461538461538 0.472222222222222 0.161572052401747 0.153846153846154 0.094339622641509 0.267973856209150 0.485714285714286 0.166666666666667 0.442857142857143 0.236842105263158 0.197841726618705 0.566037735849057 0.236842105263158 0.272727272727273 0.243902439024390 0.233333333333333 0.266666666666667
0.347826086956522 0.115384615384615 0.513888888888889 0.296943231441048 0.164835164835165 0.113207547169811 0.294117647058824 0.457142857142857 0.166666666666667 0.100000000000000 0.231578947368421 0.219424460431655 0.106918238993711 0.052631578947368 0.227272727272727 0.536585365853659 0.733333333333333 0.800000000000000
0.434782608695652 0.461538461538462 0.458333333333333 0.262008733624454 0.131868131868132 0.094339622641509 0.307189542483660 0.457142857142857 0.250000000000000 0.400000000000000 0.273684210526316 0.233812949640288 0.496855345911950 0.078947368421053 0.500000000000000 0.365853658536585 0.633333333333333 0.666666666666667
0.260869565217391 0.346153846153846 0.263888888888889 0.122270742358079 0.120879120879121 0.094339622641509 0.241830065359477 0.571428571428571 0.166666666666667 0.371428571428571 0.189473684210526 0.163069544364508 0.396226415094340 0.315789473684211 0.363636363636364 0.097560975609756 0.100000000000000 0.033333333333333
0.608695652173913 0.846153846153846 0.944444444444444 0.541484716157205 0.241758241758242 0.188679245283019 0.673202614379085 0.142857142857143 0.583333333333333 0.714285714285714 0.521052631578947 0.599520383693046 0.660377358490566 0.157894736842105 0.090909090909091 0.390243902439024 0.400000000000000 0.600000000000000
0.260869565217391 0.538461538461538 0.486111111111111 0.074235807860262 0.065934065934066 0.132075471698113 0.294117647058824 0.514285714285714 0.250000000000000 0.671428571428571 0.200000000000000 0.208633093525180 0.421383647798742 0.236842105263158 0.045454545454545 0.170731707317073 0.200000000000000 0.333333333333333
0.434782608695652 0.307692307692308 0.486111111111111 0.087336244541485 0.043956043956044 0.094339622641509 0.183006535947712 0.657142857142857 0.083333333333333 0.328571428571429 0.178947368421053 0.119904076738609 0.251572327044025 0.236842105263158 0.227272727272727 0.365853658536585 0.266666666666667 0.133333333333333
0.478260869565217 0.115384615384615 0.458333333333333 0.379912663755459 0.285714285714286 0.075471698113208 0.287581699346405 0.428571428571429 0.166666666666667 0.114285714285714 0.284210526315789 0.227817745803357 0.094339622641509 0.157894736842105 0.090909090909091 0.463414634146341 0.766666666666667 0.766666666666667
0.391304347826087 0.230769230769231 0.597222222222222 0.314410480349345 0.131868131868132 0.094339622641509 0.372549019607843 0.371428571428571 0.250000000000000 0.200000000000000 0.315789473684211 0.290167865707434 0.207547169811321 0.105263157894737 0.000000000000000 0.585365853658537 0.533333333333333 0.600000000000000
0.652173913043478 0.846153846153846 0.875000000000000 0.467248908296943 0.197802197802198 0.169811320754717 0.653594771241830 0.142857142857143 0.583333333333333 0.671428571428571 0.521052631578947 0.586330935251799 0.880503144654088 0.171052631578947 0.227272727272727 0.390243902439024 0.400000000000000 0.500000000000000
0.260869565217391 0.038461538461538 0.180555555555556 0.100436681222707 0.120879120879121 0.075471698113208 0.026143790849673 0.914285714285714 0.000000000000000 0.042857142857143 0.036842105263158 0.015587529976019 0.113207547169811 0.144736842105263 0.136363636363636 0.487804878048780 0.300000000000000 0.266666666666667
0.478260869565217 0.192307692307692 0.361111111111111 0.096069868995633 0.054945054945055 0.113207547169811 0.137254901960784 0.742857142857143 0.083333333333333 0.314285714285714 0.147368421052632 0.082733812949640 0.194968553459120 0.250000000000000 0.500000000000000 0.195121951219512 0.266666666666667 0.066666666666667
0.673913043478261 0.961538461538462 0.875000000000000 0.550218340611354 0.241758241758242 0.169811320754717 0.699346405228758 0.114285714285714 0.666666666666667 0.828571428571429 0.531578947368421 0.637889688249401 0.861635220125786 0.157894736842105 0.318181818181818 0.097560975609756 0.366666666666667 0.500000000000000
0.239130434782609 0.423076923076923 0.555555555555556 0.157205240174672 0.120879120879121 0.169811320754717 0.287581699346405 0.514285714285714 0.250000000000000 0.557142857142857 0.189473684210526 0.197841726618705 0.421383647798742 0.197368421052632 0.227272727272727 0.414634146341463 0.233333333333333 0.400000000000000
0.456521739130435 0.384615384615385 0.388888888888889 0.288209606986900 0.219780219780220 0.075471698113208 0.196078431372549 0.571428571428571 0.083333333333333 0.342857142857143 0.178947368421053 0.151079136690647 0.427672955974843 0.078947368421053 0.454545454545455 0.195121951219512 0.733333333333333 0.733333333333333
0.434782608695652 0.538461538461538 0.625000000000000 0.248908296943231 0.197802197802198 0.188679245283019 0.281045751633987 0.485714285714286 0.166666666666667 0.557142857142857 0.257894736842105 0.203836930455636 0.433962264150943 0.223684210526316 0.090909090909091 0.219512195121951 0.266666666666667 0.500000000000000
0.847826086956522 0.653846153846154 0.972222222222222 0.358078602620087 0.098901098901099 0.169811320754717 0.666666666666667 0.142857142857143 0.583333333333333 0.585714285714286 0.536842105263158 0.589928057553957 0.591194968553459 0.157894736842105 0.818181818181818 0.658536585365854 0.500000000000000 0.700000000000000
0.391304347826087 0.115384615384615 0.513888888888889 0.231441048034935 0.098901098901099 0.094339622641509 0.281045751633987 0.457142857142857 0.166666666666667 0.114285714285714 0.247368421052632 0.212230215827338 0.088050314465409 0.078947368421053 0.363636363636364 0.365853658536585 0.633333333333333 0.666666666666667
0.413043478260870 0.384615384615385 0.402777777777778 0.235807860262009 0.098901098901099 0.094339622641509 0.241830065359477 0.514285714285714 0.166666666666667 0.357142857142857 0.210526315789474 0.178657074340528 0.371069182389937 0.052631578947368 0.636363636363636 0.439024390243902 0.733333333333333 0.733333333333333
0.565217391304348 0.576923076923077 0.888888888888889 0.401746724890830 0.175824175824176 0.150943396226415 0.581699346405229 0.200000000000000 0.500000000000000 0.485714285714286 0.478947368421053 0.503597122302158 0.566037735849057 0.184210526315789 0.363636363636364 0.097560975609756 0.400000000000000 0.533333333333333
0.543478260869565 0.961538461538462 0.847222222222222 0.454148471615721 0.197802197802198 0.188679245283019 0.745098039215686 0.114285714285714 0.666666666666667 0.914285714285714 0.500000000000000 0.676258992805755 0.672955974842767 0.157894736842105 0.272727272727273 0.024390243902439 0.300000000000000 0.500000000000000
0.217391304347826 0.153846153846154 0.194444444444444 0.061135371179039 0.087912087912088 0.037735849056604 0.111111111111111 0.742857142857143 0.083333333333333 0.128571428571429 0.084210526315789 0.073141486810552 0.194968553459120 0.289473684210526 0.181818181818182 0.317073170731707 0.133333333333333 0.100000000000000
0.391304347826087 0.230769230769231 0.666666666666667 0.371179039301310 0.175824175824176 0.132075471698113 0.411764705882353 0.342857142857143 0.333333333333333 0.200000000000000 0.352631578947368 0.327338129496403 0.295597484276730 0.131578947368421 0.000000000000000 0.560975609756098 0.500000000000000 0.566666666666667
0.347826086956522 0.269230769230769 0.277777777777778 0.117903930131004 0.098901098901099 0.075471698113208 0.039215686274510 0.857142857142857 0.000000000000000 0.271428571428571 0.068421052631579 0.029976019184652 0.276729559748428 0.078947368421053 0.454545454545455 0.195121951219512 0.566666666666667 0.600000000000000
0.347826086956522 0.076923076923077 0.416666666666667 0.148471615720524 0.120879120879121 0.094339622641509 0.091503267973856 0.771428571428571 0.000000000000000 0.142857142857143 0.089473684210526 0.063549160671463 0.018867924528302 0.065789473684211 0.181818181818182 0.463414634146341 0.766666666666667 0.866666666666667
0.652173913043478 0.615384615384615 0.833333333333333 0.393013100436681 0.142857142857143 0.150943396226415 0.477124183006536 0.257142857142857 0.416666666666667 0.600000000000000 0.378947368421053 0.400479616306954 0.433962264150943 0.039473684210526 0.590909090909091 0.195121951219512 0.733333333333333 0.900000000000000
0.152173913043478 0.461538461538462 0.430555555555556 0.104803493449782 0.098901098901099 0.094339622641509 0.254901960784314 0.542857142857143 0.166666666666667 0.414285714285714 0.215789473684211 0.183453237410072 0.421383647798742 0.263157894736842 0.136363636363636 0.390243902439024 0.166666666666667 0.200000000000000
0.282608695652174 0.346153846153846 0.347222222222222 0.052401746724891 0.065934065934066 0.075471698113208 0.261437908496732 0.542857142857143 0.166666666666667 0.328571428571429 0.236842105263158 0.181055155875300 0.396226415094340 0.342105263157895 0.227272727272727 0.097560975609756 0.100000000000000 0.066666666666667
0.586956521739130 0.500000000000000 0.569444444444444 0.362445414847162 0.153846153846154 0.132075471698113 0.352941176470588 0.400000000000000 0.250000000000000 0.514285714285714 0.310526315789474 0.276978417266187 0.415094339622642 0.052631578947368 0.590909090909091 0.219512195121951 0.733333333333333 0.866666666666667
0.282608695652174 0.230769230769231 0.277777777777778 0.157205240174672 0.142857142857143 0.094339622641509 0.045751633986928 0.828571428571429 0.000000000000000 0.228571428571429 0.052631578947368 0.033573141486811 0.201257861635220 0.026315789473684 0.318181818181818 0.195121951219512 0.800000000000000 0.866666666666667
0.217391304347826 0.153846153846154 0.305555555555556 0.039301310043668 0.065934065934066 0.075471698113208 0.065359477124183 0.828571428571429 0.000000000000000 0.157142857142857 0.068421052631579 0.040767386091127 0.163522012578616 0.263157894736842 0.000000000000000 0.170731707317073 0.166666666666667 0.133333333333333
0.195652173913043 0.461538461538462 0.388888888888889 0.200873362445415 0.241758241758242 0.056603773584906 0.235294117647059 0.542857142857143 0.166666666666667 0.371428571428571 0.205263157894737 0.165467625899281 0.471698113207547 0.276315789473684 0.227272727272727 0.000000000000000 0.166666666666667 0.100000000000000
0.434782608695652 0.538461538461538 0.666666666666667 0.419213973799127 0.208791208791209 0.094339622641509 0.398692810457516 0.342857142857143 0.333333333333333 0.471428571428571 0.352631578947368 0.321342925659472 0.603773584905660 0.092105263157895 0.000000000000000 0.073170731707317 0.633333333333333 0.700000000000000
0.391304347826087 0.384615384615385 0.666666666666667 0.231441048034935 0.153846153846154 0.132075471698113 0.241830065359477 0.542857142857143 0.166666666666667 0.557142857142857 0.184210526315789 0.170263788968825 0.194968553459120 0.065789473684211 0.045454545454545 0.634146341463415 0.700000000000000 0.866666666666667
0.500000000000000 0.461538461538462 0.555555555555556 0.253275109170306 0.175824175824176 0.132075471698113 0.222222222222222 0.571428571428571 0.166666666666667 0.428571428571429 0.163157894736842 0.158273381294964 0.327044025157233 0.065789473684211 0.227272727272727 0.243902439024390 0.766666666666667 0.866666666666667
0.739130434782609 0.923076923076923 0.916666666666667 0.327510917030568 0.043956043956044 0.113207547169811 0.947712418300654 0.000000000000000 0.916666666666667 0.771428571428571 0.763157894736842 0.923261390887290 0.773584905660377 0.315789473684211 0.090909090909091 0.487804878048780 0.166666666666667 0.100000000000000
0.304347826086957 0.423076923076923 0.416666666666667 0.327510917030568 0.307692307692308 0.075471698113208 0.222222222222222 0.542857142857143 0.166666666666667 0.328571428571429 0.194736842105263 0.170263788968825 0.433962264150943 0.131578947368421 0.272727272727273 0.024390243902439 0.600000000000000 0.666666666666667
0.217391304347826 0.500000000000000 0.458333333333333 0.144104803493450 0.131868131868132 0.075471698113208 0.235294117647059 0.542857142857143 0.166666666666667 0.400000000000000 0.194736842105263 0.171462829736211 0.465408805031447 0.210526315789474 0.363636363636364 0.000000000000000 0.300000000000000 0.333333333333333
0.282608695652174 0.307692307692308 0.361111111111111 0.109170305676856 0.087912087912088 0.094339622641509 0.150326797385621 0.685714285714286 0.083333333333333 0.257142857142857 0.126315789473684 0.098321342925659 0.352201257861635 0.197368421052632 0.136363636363636 0.097560975609756 0.133333333333333 0.200000000000000
0.782608695652174 0.807692307692308 0.958333333333333 0.528384279475983 0.230769230769231 0.169811320754717 0.666666666666667 0.142857142857143 0.583333333333333 0.728571428571429 0.505263157894737 0.588729016786571 0.647798742138365 0.118421052631579 0.500000000000000 0.780487804878049 0.433333333333333 0.700000000000000
0.456521739130435 0.153846153846154 0.458333333333333 0.358078602620087 0.263736263736264 0.094339622641509 0.274509803921569 0.457142857142857 0.166666666666667 0.128571428571429 0.215789473684211 0.213429256594724 0.144654088050314 0.105263157894737 0.090909090909091 0.195121951219512 0.700000000000000 0.833333333333333
0.586956521739130 0.423076923076923 0.736111111111111 0.388646288209607 0.164835164835165 0.113207547169811 0.483660130718954 0.257142857142857 0.416666666666667 0.414285714285714 0.378947368421053 0.404076738609113 0.264150943396226 0.092105263157895 0.000000000000000 0.048780487804878 0.566666666666667 0.566666666666667
0.195652173913043 0.384615384615385 0.458333333333333 0.218340611353712 0.197802197802198 0.094339622641509 0.254901960784314 0.514285714285714 0.166666666666667 0.357142857142857 0.252631578947368 0.188249400479616 0.320754716981132 0.223684210526316 0.227272727272727 0.268292682926829 0.300000000000000 0.266666666666667
0.282608695652174 0.500000000000000 0.458333333333333 0.091703056768559 0.109890109890110 0.075471698113208 0.254901960784314 0.542857142857143 0.166666666666667 0.414285714285714 0.210526315789474 0.179856115107914 0.496855345911950 0.302631578947368 0.409090909090909 0.268292682926829 0.133333333333333 0.100000000000000
0.934782608695652 0.769230769230769 0.972222222222222 0.554585152838428 0.219780219780220 0.188679245283019 0.686274509803922 0.142857142857143 0.583333333333333 0.671428571428571 0.531578947368421 0.609112709832134 0.710691823899371 0.105263157894737 0.727272727272727 0.682926829268293 0.533333333333333 0.833333333333333
0.347826086956522 0.500000000000000 0.513888888888889 0.091703056768559 0.054945054945055 0.150943396226415 0.287581699346405 0.514285714285714 0.250000000000000 0.600000000000000 0.215789473684211 0.200239808153477 0.427672955974843 0.250000000000000 0.318181818181818 0.414634146341463 0.233333333333333 0.333333333333333
0.347826086956522 0.576923076923077 0.625000000000000 0.371179039301310 0.186813186813187 0.113207547169811 0.372549019607843 0.371428571428571 0.250000000000000 0.500000000000000 0.305263157894737 0.291366906474820 0.509433962264151 0.065789473684211 0.727272727272727 0.121951219512195 0.633333333333333 0.666666666666667
0.217391304347826 0.307692307692308 0.416666666666667 0.222707423580786 0.197802197802198 0.094339622641509 0.209150326797386 0.571428571428571 0.166666666666667 0.328571428571429 0.200000000000000 0.149880095923261 0.238993710691824 0.157894736842105 0.181818181818182 0.292682926829268 0.400000000000000 0.466666666666667
0.326086956521739 0.384615384615385 0.611111111111111 0.139737991266376 0.087912087912088 0.169811320754717 0.274509803921569 0.514285714285714 0.166666666666667 0.457142857142857 0.231578947368421 0.199040767386091 0.345911949685535 0.184210526315789 0.272727272727273 0.048780487804878 0.300000000000000 0.500000000000000
0.500000000000000 0.538461538461538 0.875000000000000 0.484716157205240 0.241758241758242 0.150943396226415 0.575163398692810 0.200000000000000 0.500000000000000 0.414285714285714 0.473684210526316 0.496402877697842 0.572327044025157 0.184210526315789 0.272727272727273 0.146341463414634 0.366666666666667 0.433333333333333
0.326086956521739 0.153846153846154 0.236111111111111 0.122270742358079 0.164835164835165 0.075471698113208 0.150326797385621 0.685714285714286 0.083333333333333 0.100000000000000 0.110526315789474 0.097122302158273 0.220125786163522 0.315789473684211 0.727272727272727 0.390243902439024 0.133333333333333 0.100000000000000
0.543478260869565 0.192307692307692 0.361111111111111 0.113537117903930 0.087912087912088 0.094339622641509 0.117647058823529 0.714285714285714 0.083333333333333 0.285714285714286 0.157894736842105 0.080335731414868 0.088050314465409 0.131578947368421 0.136363636363636 0.292682926829268 0.500000000000000 0.433333333333333
0.347826086956522 0.461538461538462 0.569444444444444 0.620087336244541 0.604395604395604 0.773584905660377 0.281045751633987 0.514285714285714 0.250000000000000 0.600000000000000 0.368421052631579 0.195443645083933 0.427672955974843 0.407894736842105 0.409090909090909 0.414634146341463 0.233333333333333 0.366666666666667
0.304347826086957 0.346153846153846 0.500000000000000 0.240174672489083 0.197802197802198 0.056603773584906 0.281045751633987 0.457142857142857 0.166666666666667 0.285714285714286 0.284210526315789 0.213429256594724 0.301886792452830 0.223684210526316 0.272727272727273 0.292682926829268 0.433333333333333 0.400000000000000
0.434782608695652 0.115384615384615 0.319444444444444 0.152838427947598 0.109890109890110 0.113207547169811 0.130718954248366 0.685714285714286 0.083333333333333 0.257142857142857 0.147368421052632 0.091127098321343 0.075471698113208 0.105263157894737 0.136363636363636 0.658536585365854 0.566666666666667 0.666666666666667
0.782608695652174 0.846153846153846 0.861111111111111 0.283842794759825 0.043956043956044 0.075471698113208 0.843137254901961 0.028571428571429 0.750000000000000 0.671428571428571 0.710526315789474 0.822541966426859 0.867924528301887 0.328947368421053 0.454545454545455 0.268292682926829 0.266666666666667 0.066666666666667
0.369565217391304 0.192307692307692 0.486111111111111 0.262008733624454 0.186813186813187 0.094339622641509 0.254901960784314 0.485714285714286 0.166666666666667 0.185714285714286 0.200000000000000 0.193045563549161 0.188679245283019 0.092105263157895 0.000000000000000 0.000000000000000 0.633333333333333 0.766666666666667
0.543478260869565 0.730769230769231 0.638888888888889 0.449781659388646 0.241758241758242 0.056603773584906 0.522875816993464 0.200000000000000 0.416666666666667 0.614285714285714 0.431578947368421 0.462829736211031 0.704402515723270 0.210526315789474 0.181818181818182 0.146341463414634 0.600000000000000 0.466666666666667
0.195652173913043 0.153846153846154 0.361111111111111 0.096069868995633 0.076923076923077 0.094339622641509 0.130718954248366 0.742857142857143 0.083333333333333 0.128571428571429 0.094736842105263 0.081534772182254 0.207547169811321 0.171052631578947 0.772727272727273 0.170731707317073 0.233333333333333 0.200000000000000
0.391304347826087 0.269230769230769 0.805555555555556 0.384279475982533 0.186813186813187 0.132075471698113 0.424836601307190 0.342857142857143 0.333333333333333 0.242857142857143 0.336842105263158 0.336930455635492 0.352201257861635 0.092105263157895 0.409090909090909 0.853658536585366 0.633333333333333 0.800000000000000
0.543478260869565 0.269230769230769 0.513888888888889 0.292576419213974 0.153846153846154 0.075471698113208 0.392156862745098 0.314285714285714 0.333333333333333 0.300000000000000 0.352631578947368 0.327338129496403 0.201257861635220 0.171052631578947 0.181818181818182 0.414634146341463 0.766666666666667 0.666666666666667
0.717391304347826 0.769230769230769 0.805555555555556 0.388646288209607 0.142857142857143 0.150943396226415 0.673202614379085 0.142857142857143 0.583333333333333 0.728571428571429 0.494736842105263 0.595923261390887 0.685534591194969 0.184210526315789 0.363636363636364 0.512195121951220 0.400000000000000 0.533333333333333
0.434782608695652 0.384615384615385 0.527777777777778 0.270742358078603 0.131868131868132 0.094339622641509 0.254901960784314 0.514285714285714 0.166666666666667 0.328571428571429 0.273684210526316 0.189448441247002 0.408805031446541 0.118421052631579 0.681818181818182 0.048780487804878 0.566666666666667 0.533333333333333
0.456521739130435 0.153846153846154 0.444444444444444 0.388646288209607 0.274725274725275 0.075471698113208 0.300653594771242 0.428571428571429 0.166666666666667 0.214285714285714 0.284210526315789 0.241007194244604 0.113207547169811 0.144736842105263 0.000000000000000 0.341463414634146 0.800000000000000 0.766666666666667
0.347826086956522 0.115384615384615 0.388888888888889 0.196506550218341 0.142857142857143 0.113207547169811 0.137254901960784 0.685714285714286 0.083333333333333 0.228571428571429 0.121052631578947 0.097122302158273 0.062893081761006 0.039473684210526 0.272727272727273 0.439024390243902 0.833333333333333 0.933333333333333
0.260869565217391 0.461538461538462 0.416666666666667 0.113537117903930 0.120879120879121 0.113207547169811 0.254901960784314 0.542857142857143 0.166666666666667 0.400000000000000 0.215789473684211 0.179856115107914 0.490566037735849 0.263157894736842 0.090909090909091 0.121951219512195 0.166666666666667 0.166666666666667
0.282608695652174 0.461538461538462 0.458333333333333 0.209606986899563 0.175824175824176 0.075471698113208 0.241830065359477 0.514285714285714 0.166666666666667 0.385714285714286 0.210526315789474 0.181055155875300 0.421383647798742 0.157894736842105 0.272727272727273 0.024390243902439 0.433333333333333 0.500000000000000
0.717391304347826 0.576923076923077 0.930555555555556 0.427947598253275 0.153846153846154 0.150943396226415 0.620915032679739 0.171428571428571 0.583333333333333 0.500000000000000 0.510526315789474 0.540767386091127 0.572327044025157 0.144736842105263 0.227272727272727 0.682926829268293 0.466666666666667 0.733333333333333
0.739130434782609 0.730769230769231 0.875000000000000 0.358078602620087 0.109890109890110 0.169811320754717 0.666666666666667 0.142857142857143 0.583333333333333 0.628571428571429 0.457894736842105 0.589928057553957 0.503144654088050 0.092105263157895 0.272727272727273 0.121951219512195 0.433333333333333 0.566666666666667
0.782608695652174 0.692307692307692 0.833333333333333 0.406113537117904 0.131868131868132 0.150943396226415 0.522875816993464 0.228571428571429 0.416666666666667 0.614285714285714 0.421052631578947 0.442446043165468 0.540880503144654 0.065789473684211 0.636363636363636 0.073170731707317 0.666666666666667 0.700000000000000
0.782608695652174 0.576923076923077 0.930555555555556 0.484716157205240 0.164835164835165 0.150943396226415 0.607843137254902 0.171428571428571 0.500000000000000 0.571428571428571 0.484210526315789 0.527577937649880 0.371069182389937 0.078947368421053 0.409090909090909 0.780487804878049 0.633333333333333 0.833333333333333
0.369565217391304 0.653846153846154 0.694444444444444 0.366812227074236 0.153846153846154 0.150943396226415 0.450980392156863 0.285714285714286 0.333333333333333 0.571428571428571 0.426315789473684 0.369304556354916 0.698113207547170 0.131578947368421 0.272727272727273 0.463414634146341 0.500000000000000 0.600000000000000
0.434782608695652 0.461538461538462 0.597222222222222 0.165938864628821 0.098901098901099 0.150943396226415 0.294117647058824 0.485714285714286 0.250000000000000 0.528571428571429 0.263157894736842 0.215827338129496 0.496855345911950 0.210526315789474 0.045454545454545 0.512195121951220 0.266666666666667 0.533333333333333
0.195652173913043 0.307692307692308 0.416666666666667 0.222707423580786 0.186813186813187 0.094339622641509 0.235294117647059 0.542857142857143 0.166666666666667 0.285714285714286 0.221052631578947 0.172661870503597 0.270440251572327 0.171052631578947 0.227272727272727 0.414634146341463 0.366666666666667 0.466666666666667
0.500000000000000 0.730769230769231 0.888888888888889 0.515283842794760 0.219780219780220 0.132075471698113 0.562091503267974 0.200000000000000 0.500000000000000 0.642857142857143 0.457894736842105 0.485611510791367 0.735849056603774 0.105263157894737 0.545454545454545 0.487804878048780 0.533333333333333 0.666666666666667
0.369565217391304 0.346153846153846 0.319444444444444 0.096069868995633 0.087912087912088 0.094339622641509 0.261437908496732 0.542857142857143 0.166666666666667 0.342857142857143 0.226315789473684 0.182254196642686 0.402515723270440 0.289473684210526 0.000000000000000 0.365853658536585 0.133333333333333 0.100000000000000
0.434782608695652 0.269230769230769 0.305555555555556 0.056768558951965 0.021978021978022 0.094339622641509 0.124183006535948 0.742857142857143 0.083333333333333 0.385714285714286 0.157894736842105 0.077937649880096 0.295597484276730 0.250000000000000 0.363636363636364 0.146341463414634 0.266666666666667 0.100000000000000
0.391304347826087 0.307692307692308 0.361111111111111 0.117903930131004 0.098901098901099 0.132075471698113 0.091503267973856 0.771428571428571 0.083333333333333 0.371428571428571 0.152631578947368 0.063549160671463 0.289308176100629 0.171052631578947 0.136363636363636 0.243902439024390 0.500000000000000 0.433333333333333
0.478260869565217 0.461538461538462 0.902777777777778 0.454148471615721 0.186813186813187 0.150943396226415 0.490196078431373 0.285714285714286 0.416666666666667 0.457142857142857 0.378947368421053 0.402877697841727 0.308176100628931 0.065789473684211 0.318181818181818 0.780487804878049 0.733333333333333 1.000000000000000
0.347826086956522 0.153846153846154 0.152777777777778 0.030567685589520 0.076923076923077 0.056603773584906 0.052287581699346 0.857142857142857 0.000000000000000 0.128571428571429 0.042105263157895 0.034772182254197 0.238993710691824 0.302631578947368 0.318181818181818 0.097560975609756 0.166666666666667 0.066666666666667
0.630434782608696 0.692307692307692 0.722222222222222 0.393013100436681 0.142857142857143 0.075471698113208 0.705882352941177 0.114285714285714 0.666666666666667 0.628571428571429 0.615789473684211 0.655875299760192 0.628930817610063 0.276315789473684 0.318181818181818 0.170731707317073 0.400000000000000 0.166666666666667
0.695652173913043 0.807692307692308 0.833333333333333 0.506550218340611 0.241758241758242 0.150943396226415 0.712418300653595 0.114285714285714 0.666666666666667 0.742857142857143 0.536842105263158 0.640287769784173 0.584905660377358 0.184210526315789 0.000000000000000 0.317073170731707 0.366666666666667 0.600000000000000
0.869565217391304 0.923076923076923 0.958333333333333 0.393013100436681 0.098901098901099 0.075471698113208 0.967320261437909 0.000000000000000 0.916666666666667 0.814285714285714 0.831578947368421 0.956834532374101 0.955974842767296 0.342105263157895 0.500000000000000 0.512195121951220 0.200000000000000 0.066666666666667
0.304347826086957 0.384615384615385 0.347222222222222 0.100436681222707 0.098901098901099 0.113207547169811 0.241830065359477 0.571428571428571 0.166666666666667 0.357142857142857 0.205263157894737 0.165467625899281 0.389937106918239 0.342105263157895 0.272727272727273 0.073170731707317 0.133333333333333 0.033333333333333
0.543478260869565 0.692307692307692 0.777777777777778 0.432314410480349 0.208791208791209 0.150943396226415 0.496732026143791 0.257142857142857 0.416666666666667 0.557142857142857 0.405263157894737 0.418465227817746 0.767295597484277 0.118421052631579 0.454545454545455 0.024390243902439 0.500000000000000 0.600000000000000
0.456521739130435 0.192307692307692 0.666666666666667 0.327510917030568 0.142857142857143 0.094339622641509 0.379084967320261 0.371428571428571 0.333333333333333 0.185714285714286 0.305263157894737 0.300959232613909 0.220125786163522 0.092105263157895 0.090909090909091 0.682926829268293 0.633333333333333 0.766666666666667
0.195652173913043 0.423076923076923 0.319444444444444 0.082969432314410 0.076923076923077 0.094339622641509 0.254901960784314 0.542857142857143 0.166666666666667 0.414285714285714 0.189473684210526 0.173860911270983 0.477987421383648 0.289473684210526 0.136363636363636 0.097560975609756 0.100000000000000 0.033333333333333
0.717391304347826 0.615384615384615 0.777777777777778 0.423580786026201 0.153846153846154 0.150943396226415 0.450980392156863 0.285714285714286 0.333333333333333 0.571428571428571 0.352631578947368 0.371702637889688 0.446540880503145 0.039473684210526 0.863636363636364 0.365853658536585 0.866666666666667 0.933333333333333
0.347826086956522 0.423076923076923 0.583333333333333 0.139737991266376 0.076923076923077 0.075471698113208 0.241830065359477 0.542857142857143 0.166666666666667 0.371428571428571 0.210526315789474 0.177458033573141 0.371069182389937 0.118421052631579 0.454545454545455 0.341463414634146 0.400000000000000 0.400000000000000
0.434782608695652 0.384615384615385 0.666666666666667 0.288209606986900 0.208791208791209 0.132075471698113 0.248366013071895 0.542857142857143 0.166666666666667 0.414285714285714 0.178947368421053 0.179856115107914 0.213836477987421 0.078947368421053 0.090909090909091 0.414634146341463 0.666666666666667 0.833333333333333
0.347826086956522 0.192307692307692 0.555555555555556 0.283842794759825 0.131868131868132 0.094339622641509 0.320261437908497 0.428571428571429 0.250000000000000 0.185714285714286 0.294736842105263 0.245803357314149 0.176100628930818 0.118421052631579 0.227272727272727 0.365853658536585 0.533333333333333 0.533333333333333
0.543478260869565 0.423076923076923 0.527777777777778 0.244541484716157 0.175824175824176 0.113207547169811 0.196078431372549 0.600000000000000 0.083333333333333 0.428571428571429 0.157894736842105 0.139088729016787 0.389937106918239 0.052631578947368 0.863636363636364 0.048780487804878 0.833333333333333 0.866666666666667
0.673913043478261 0.730769230769231 0.777777777777778 0.366812227074236 0.131868131868132 0.132075471698113 0.496732026143791 0.257142857142857 0.416666666666667 0.614285714285714 0.400000000000000 0.414868105515588 0.603773584905660 0.105263157894737 0.500000000000000 0.195121951219512 0.566666666666667 0.633333333333333
0.565217391304348 0.923076923076923 0.958333333333333 0.506550218340611 0.208791208791209 0.169811320754717 0.712418300653595 0.114285714285714 0.666666666666667 0.828571428571429 0.547368421052632 0.648681055155875 0.798742138364780 0.144736842105263 0.454545454545455 0.609756097560976 0.400000000000000 0.633333333333333
0.282608695652174 0.346153846153846 0.347222222222222 0.091703056768559 0.076923076923077 0.094339622641509 0.248366013071895 0.542857142857143 0.166666666666667 0.314285714285714 0.215789473684211 0.171462829736211 0.396226415094340 0.342105263157895 0.090909090909091 0.195121951219512 0.133333333333333 0.033333333333333
0.739130434782609 0.923076923076923 0.861111111111111 0.349344978165939 0.087912087912088 0.094339622641509 0.797385620915033 0.057142857142857 0.750000000000000 0.757142857142857 0.594736842105263 0.764988009592326 0.754716981132076 0.236842105263158 0.318181818181818 0.268292682926829 0.366666666666667 0.200000000000000
0.782608695652174 0.807692307692308 0.875000000000000 0.441048034934498 0.175824175824176 0.169811320754717 0.718954248366013 0.114285714285714 0.666666666666667 0.814285714285714 0.521052631578947 0.642685851318945 0.654088050314465 0.157894736842105 0.272727272727273 0.341463414634146 0.366666666666667 0.633333333333333
0.347826086956522 0.423076923076923 0.500000000000000 0.091703056768559 0.076923076923077 0.150943396226415 0.287581699346405 0.514285714285714 0.250000000000000 0.471428571428571 0.173684210526316 0.201438848920863 0.421383647798742 0.223684210526316 0.545454545454545 0.292682926829268 0.266666666666667 0.400000000000000
0.565217391304348 0.692307692307692 0.666666666666667 0.366812227074236 0.164835164835165 0.056603773584906 0.594771241830065 0.171428571428571 0.500000000000000 0.571428571428571 0.484210526315789 0.528776978417266 0.691823899371069 0.236842105263158 0.363636363636364 0.634146341463415 0.500000000000000 0.300000000000000
0.521739130434783 0.461538461538462 0.708333333333333 0.248908296943231 0.175824175824176 0.150943396226415 0.254901960784314 0.542857142857143 0.166666666666667 0.428571428571429 0.189473684210526 0.179856115107914 0.389937106918239 0.078947368421053 0.818181818181818 0.487804878048780 0.700000000000000 0.800000000000000
0.304347826086957 0.307692307692308 0.458333333333333 0.235807860262009 0.186813186813187 0.094339622641509 0.254901960784314 0.514285714285714 0.166666666666667 0.285714285714286 0.236842105263158 0.188249400479616 0.270440251572327 0.184210526315789 0.136363636363636 0.195121951219512 0.466666666666667 0.433333333333333
0.347826086956522 0.269230769230769 0.444444444444444 0.222707423580786 0.175824175824176 0.094339622641509 0.222222222222222 0.542857142857143 0.166666666666667 0.242857142857143 0.236842105263158 0.164268585131894 0.226415094339623 0.171052631578947 0.181818181818182 0.243902439024390 0.533333333333333 0.500000000000000
0.282608695652174 0.269230769230769 0.486111111111111 0.183406113537118 0.164835164835165 0.075471698113208 0.183006535947712 0.628571428571429 0.083333333333333 0.242857142857143 0.147368421052632 0.127098321342926 0.333333333333333 0.171052631578947 0.136363636363636 0.512195121951220 0.233333333333333 0.300000000000000
0.217391304347826 0.153846153846154 0.194444444444444 0.117903930131004 0.153846153846154 0.037735849056604 0.150326797385621 0.685714285714286 0.083333333333333 0.128571428571429 0.115789473684211 0.104316546762590 0.201257861635220 0.342105263157895 0.136363636363636 0.146341463414634 0.133333333333333 0.066666666666667
0.630434782608696 0.807692307692308 0.847222222222222 0.375545851528384 0.120879120879121 0.150943396226415 0.718954248366013 0.114285714285714 0.666666666666667 0.757142857142857 0.494736842105263 0.652278177458034 0.591194968553459 0.157894736842105 0.590909090909091 0.146341463414634 0.433333333333333 0.566666666666667
0.565217391304348 0.846153846153846 0.847222222222222 0.502183406113537 0.230769230769231 0.150943396226415 0.732026143790850 0.114285714285714 0.666666666666667 0.857142857142857 0.515789473684211 0.663069544364508 0.654088050314465 0.197368421052632 0.500000000000000 0.487804878048780 0.366666666666667 0.500000000000000
0.608695652173913 0.807692307692308 0.916666666666667 0.366812227074236 0.109890109890110 0.094339622641509 0.810457516339869 0.057142857142857 0.750000000000000 0.657142857142857 0.663157894736842 0.778177458033573 0.905660377358491 0.289473684210526 0.272727272727273 0.341463414634146 0.300000000000000 0.133333333333333
0.956521739130435 0.730769230769231 0.972222222222222 0.541484716157205 0.197802197802198 0.188679245283019 0.653594771241830 0.142857142857143 0.583333333333333 0.642857142857143 0.515789473684211 0.580335731414868 0.698113207547170 0.092105263157895 0.954545454545455 0.609756097560976 0.600000000000000 0.800000000000000
0.326086956521739 0.423076923076923 0.513888888888889 0.275109170305677 0.131868131868132 0.075471698113208 0.254901960784314 0.514285714285714 0.166666666666667 0.385714285714286 0.236842105263158 0.190647482014388 0.427672955974843 0.065789473684211 0.409090909090909 0.292682926829268 0.866666666666667 0.900000000000000
0.478260869565217 0.423076923076923 0.611111111111111 0.235807860262009 0.164835164835165 0.150943396226415 0.215686274509804 0.571428571428571 0.166666666666667 0.428571428571429 0.173684210526316 0.153477218225420 0.358490566037736 0.065789473684211 0.454545454545455 0.146341463414634 0.766666666666667 0.833333333333333
0.347826086956522 0.269230769230769 0.402777777777778 0.187772925764192 0.120879120879121 0.075471698113208 0.130718954248366 0.685714285714286 0.083333333333333 0.271428571428571 0.131578947368421 0.091127098321343 0.264150943396226 0.026315789473684 0.727272727272727 0.146341463414634 0.900000000000000 0.933333333333333
0.521739130434783 0.500000000000000 0.847222222222222 0.462882096069869 0.208791208791209 0.113207547169811 0.522875816993464 0.257142857142857 0.416666666666667 0.471428571428571 0.410526315789474 0.434052757793765 0.377358490566038 0.092105263157895 0.045454545454545 0.780487804878049 0.500000000000000 0.633333333333333
0.326086956521739 0.192307692307692 0.250000000000000 0.144104803493450 0.142857142857143 0.056603773584906 0.235294117647059 0.571428571428571 0.166666666666667 0.185714285714286 0.173684210526316 0.161870503597122 0.301886792452830 0.355263157894737 0.545454545454545 0.000000000000000 0.133333333333333 0.066666666666667
0.391304347826087 0.500000000000000 0.527777777777778 0.192139737991266 0.153846153846154 0.132075471698113 0.228758169934641 0.542857142857143 0.166666666666667 0.485714285714286 0.200000000000000 0.166666666666667 0.566037735849057 0.144736842105263 0.590909090909091 0.268292682926829 0.433333333333333 0.633333333333333
0.173913043478261 0.538461538461538 0.402777777777778 0.183406113537118 0.186813186813187 0.075471698113208 0.254901960784314 0.514285714285714 0.166666666666667 0.414285714285714 0.215789473684211 0.187050359712230 0.540880503144654 0.210526315789474 0.227272727272727 0.000000000000000 0.233333333333333 0.233333333333333
0.543478260869565 0.653846153846154 0.694444444444444 0.384279475982533 0.175824175824176 0.132075471698113 0.424836601307190 0.314285714285714 0.333333333333333 0.528571428571429 0.342105263157895 0.345323741007194 0.553459119496855 0.078947368421053 0.454545454545455 0.024390243902439 0.566666666666667 0.666666666666667
0.434782608695652 0.346153846153846 0.666666666666667 0.366812227074236 0.164835164835165 0.150943396226415 0.464052287581699 0.285714285714286 0.333333333333333 0.328571428571429 0.410526315789474 0.383693045563549 0.371069182389937 0.144736842105263 0.136363636363636 0.292682926829268 0.433333333333333 0.533333333333333
0.391304347826087 0.461538461538462 0.500000000000000 0.292576419213974 0.241758241758242 0.094339622641509 0.248366013071895 0.514285714285714 0.166666666666667 0.371428571428571 0.210526315789474 0.187050359712230 0.440251572327044 0.131578947368421 0.545454545454545 0.024390243902439 0.633333333333333 0.666666666666667
0.782608695652174 0.615384615384615 0.958333333333333 0.388646288209607 0.131868131868132 0.150943396226415 0.620915032679739 0.171428571428571 0.583333333333333 0.542857142857143 0.500000000000000 0.540767386091127 0.654088050314465 0.144736842105263 0.590909090909091 0.756097560975610 0.500000000000000 0.700000000000000
0.304347826086957 0.461538461538462 0.583333333333333 0.262008733624454 0.142857142857143 0.113207547169811 0.287581699346405 0.457142857142857 0.166666666666667 0.371428571428571 0.268421052631579 0.218225419664269 0.408805031446541 0.144736842105263 0.090909090909091 0.048780487804878 0.466666666666667 0.500000000000000
0.586956521739130 0.615384615384615 0.777777777777778 0.445414847161572 0.175824175824176 0.132075471698113 0.483660130718954 0.257142857142857 0.416666666666667 0.542857142857143 0.378947368421053 0.401678657074341 0.421383647798742 0.039473684210526 0.136363636363636 0.121951219512195 0.700000000000000 0.800000000000000
0.760869565217391 0.730769230769231 0.958333333333333 0.340611353711790 0.087912087912088 0.188679245283019 0.679738562091503 0.142857142857143 0.583333333333333 0.757142857142857 0.521052631578947 0.603117505995204 0.660377358490566 0.171052631578947 0.454545454545455 0.682926829268293 0.433333333333333 0.666666666666667
0.608695652173913 0.500000000000000 0.902777777777778 0.397379912663755 0.153846153846154 0.150943396226415 0.562091503267974 0.228571428571429 0.500000000000000 0.457142857142857 0.436842105263158 0.472422062350120 0.540880503144654 0.092105263157895 0.318181818181818 0.926829268292683 0.533333333333333 0.800000000000000
0.478260869565217 0.538461538461538 0.569444444444444 0.314410480349345 0.131868131868132 0.094339622641509 0.366013071895425 0.371428571428571 0.250000000000000 0.485714285714286 0.347368421052632 0.288968824940048 0.477987421383648 0.105263157894737 0.181818181818182 0.097560975609756 0.500000000000000 0.566666666666667
0.347826086956522 0.538461538461538 0.625000000000000 0.187772925764192 0.120879120879121 0.150943396226415 0.267973856209150 0.514285714285714 0.166666666666667 0.471428571428571 0.236842105263158 0.197841726618705 0.484276729559748 0.197368421052632 0.590909090909091 0.170731707317073 0.333333333333333 0.533333333333333
0.304347826086957 0.461538461538462 0.513888888888889 0.213973799126638 0.131868131868132 0.094339622641509 0.274509803921569 0.514285714285714 0.166666666666667 0.385714285714286 0.268421052631579 0.199040767386091 0.396226415094340 0.210526315789474 0.681818181818182 0.341463414634146 0.266666666666667 0.266666666666667
0.760869565217391 0.807692307692308 0.902777777777778 0.432314410480349 0.164835164835165 0.169811320754717 0.588235294117647 0.200000000000000 0.500000000000000 0.657142857142857 0.452631578947368 0.508393285371703 0.792452830188679 0.118421052631579 0.545454545454545 0.073170731707317 0.466666666666667 0.633333333333333
0.369565217391304 0.538461538461538 0.625000000000000 0.196506550218341 0.142857142857143 0.150943396226415 0.281045751633987 0.485714285714286 0.166666666666667 0.528571428571429 0.257894736842105 0.205035971223022 0.484276729559748 0.210526315789474 0.045454545454545 0.121951219512195 0.300000000000000 0.500000000000000
0.195652173913043 0.153846153846154 0.263888888888889 0.131004366812227 0.175824175824176 0.094339622641509 0.150326797385621 0.714285714285714 0.083333333333333 0.142857142857143 0.110526315789474 0.095923261390887 0.213836477987421 0.302631578947368 0.500000000000000 0.585365853658537 0.100000000000000 0.133333333333333
0.239130434782609 0.461538461538462 0.388888888888889 0.192139737991266 0.186813186813187 0.075471698113208 0.222222222222222 0.571428571428571 0.166666666666667 0.342857142857143 0.200000000000000 0.159472422062350 0.446540880503145 0.210526315789474 0.227272727272727 0.024390243902439 0.233333333333333 0.200000000000000
0.347826086956522 0.538461538461538 0.569444444444444 0.227074235807860 0.109890109890110 0.113207547169811 0.320261437908497 0.428571428571429 0.250000000000000 0.442857142857143 0.300000000000000 0.244604316546763 0.553459119496855 0.171052631578947 0.409090909090909 0.365853658536585 0.366666666666667 0.400000000000000
0.500000000000000 0.307692307692308 0.513888888888889 0.318777292576419 0.186813186813187 0.056603773584906 0.424836601307190 0.285714285714286 0.333333333333333 0.228571428571429 0.394736842105263 0.360911270983213 0.245283018867925 0.197368421052632 0.000000000000000 0.097560975609756 0.666666666666667 0.566666666666667
0.521739130434783 0.461538461538462 0.444444444444444 0.362445414847162 0.263736263736264 0.056603773584906 0.320261437908497 0.400000000000000 0.250000000000000 0.371428571428571 0.252631578947368 0.257793764988010 0.484276729559748 0.144736842105263 0.318181818181818 0.170731707317073 0.666666666666667 0.733333333333333
0.521739130434783 0.538461538461538 0.652777777777778 0.262008733624454 0.186813186813187 0.132075471698113 0.287581699346405 0.485714285714286 0.250000000000000 0.442857142857143 0.226315789473684 0.209832134292566 0.459119496855346 0.118421052631579 0.045454545454545 0.317073170731707 0.533333333333333 0.700000000000000
0.500000000000000 0.538461538461538 0.513888888888889 0.436681222707424 0.274725274725275 0.075471698113208 0.359477124183007 0.342857142857143 0.250000000000000 0.457142857142857 0.305263157894737 0.293764988009592 0.459119496855346 0.131578947368421 0.272727272727273 0.390243902439024 0.766666666666667 0.733333333333333
0.304347826086957 0.115384615384615 0.180555555555556 0.056768558951965 0.120879120879121 0.037735849056604 0.039215686274510 0.885714285714286 0.000000000000000 0.100000000000000 0.042105263157895 0.025179856115108 0.182389937106918 0.342105263157895 0.409090909090909 0.365853658536585 0.133333333333333 0.066666666666667
0.782608695652174 0.730769230769231 0.763888888888889 0.371179039301310 0.120879120879121 0.037735849056604 0.751633986928105 0.085714285714286 0.666666666666667 0.571428571428571 0.694736842105263 0.709832134292566 0.679245283018868 0.302631578947368 0.000000000000000 0.463414634146341 0.366666666666667 0.166666666666667
0.673913043478261 0.692307692307692 0.944444444444444 0.388646288209607 0.131868131868132 0.169811320754717 0.686274509803922 0.142857142857143 0.583333333333333 0.642857142857143 0.536842105263158 0.611510791366906 0.591194968553459 0.171052631578947 0.681818181818182 0.536585365853659 0.466666666666667 0.666666666666667
0.304347826086957 0.153846153846154 0.277777777777778 0.122270742358079 0.109890109890110 0.075471698113208 0.104575163398693 0.742857142857143 0.083333333333333 0.157142857142857 0.126315789473684 0.070743405275779 0.144654088050314 0.157894736842105 0.045454545454545 0.341463414634146 0.333333333333333 0.366666666666667
0.195652173913043 0.115384615384615 0.194444444444444 0.056768558951965 0.065934065934066 0.094339622641509 0.084967320261438 0.800000000000000 0.083333333333333 0.114285714285714 0.084210526315789 0.053956834532374 0.119496855345912 0.250000000000000 0.045454545454545 0.121951219512195 0.133333333333333 0.100000000000000
0.695652173913043 0.884615384615385 0.805555555555556 0.458515283842795 0.186813186813187 0.169811320754717 0.686274509803922 0.142857142857143 0.583333333333333 0.785714285714286 0.500000000000000 0.613908872901679 0.672955974842767 0.171052631578947 0.090909090909091 0.463414634146341 0.400000000000000 0.600000000000000
0.152173913043478 0.230769230769231 0.277777777777778 0.078602620087336 0.098901098901099 0.075471698113208 0.176470588235294 0.657142857142857 0.083333333333333 0.185714285714286 0.110526315789474 0.116306954436451 0.207547169811321 0.276315789473684 0.000000000000000 0.121951219512195 0.100000000000000 0.166666666666667
0.717391304347826 0.807692307692308 0.833333333333333 0.537117903930131 0.219780219780220 0.037735849056604 0.901960784313726 0.028571428571429 0.833333333333333 0.628571428571429 0.789473684210526 0.886091127098321 0.962264150943396 0.381578947368421 0.227272727272727 0.268292682926829 0.200000000000000 0.033333333333333
0.173913043478261 0.500000000000000 0.430555555555556 0.161572052401747 0.153846153846154 0.094339622641509 0.267973856209150 0.514285714285714 0.166666666666667 0.428571428571429 0.247368421052632 0.195443645083933 0.509433962264151 0.276315789473684 0.045454545454545 0.341463414634146 0.200000000000000 0.200000000000000
0.586956521739130 0.692307692307692 0.958333333333333 0.524017467248908 0.219780219780220 0.132075471698113 0.686274509803922 0.114285714285714 0.583333333333333 0.628571428571429 0.568421052631579 0.623501199040767 0.610062893081761 0.171052631578947 0.272727272727273 0.439024390243902 0.433333333333333 0.600000000000000
0.326086956521739 0.423076923076923 0.430555555555556 0.179039301310044 0.098901098901099 0.113207547169811 0.196078431372549 0.628571428571429 0.166666666666667 0.357142857142857 0.152631578947368 0.134292565947242 0.408805031446541 0.118421052631579 0.318181818181818 0.439024390243902 0.400000000000000 0.533333333333333
0.456521739130435 0.615384615384615 0.652777777777778 0.240174672489083 0.186813186813187 0.150943396226415 0.294117647058824 0.485714285714286 0.250000000000000 0.571428571428571 0.257894736842105 0.214628297362110 0.591194968553459 0.210526315789474 0.181818181818182 0.000000000000000 0.233333333333333 0.433333333333333
0.565217391304348 0.384615384615385 0.680555555555556 0.397379912663755 0.175824175824176 0.113207547169811 0.483660130718954 0.257142857142857 0.416666666666667 0.371428571428571 0.421052631578947 0.404076738609113 0.358490566037736 0.118421052631579 0.272727272727273 0.317073170731707 0.500000000000000 0.600000000000000
0.369565217391304 0.538461538461538 0.625000000000000 0.179039301310044 0.120879120879121 0.132075471698113 0.261437908496732 0.514285714285714 0.166666666666667 0.528571428571429 0.236842105263158 0.193045563549161 0.471698113207547 0.184210526315789 0.181818181818182 0.048780487804878 0.333333333333333 0.533333333333333
0.456521739130435 0.538461538461538 0.625000000000000 1.000000000000000 1.000000000000000 0.886792452830189 0.281045751633987 0.485714285714286 0.166666666666667 0.528571428571429 1.000000000000000 0.203836930455636 0.490566037735849 1.000000000000000 0.545454545454545 0.219512195121951 0.400000000000000 0.500000000000000
0.586956521739130 0.923076923076923 0.930555555555556 0.449781659388646 0.175824175824176 0.169811320754717 0.751633986928105 0.114285714285714 0.666666666666667 0.885714285714286 0.547368421052632 0.685851318944844 0.603773584905660 0.171052631578947 0.272727272727273 0.463414634146341 0.333333333333333 0.566666666666667
0.282608695652174 0.346153846153846 0.347222222222222 0.039301310043668 0.032967032967033 0.113207547169811 0.261437908496732 0.542857142857143 0.166666666666667 0.328571428571429 0.205263157894737 0.177458033573141 0.389937106918239 0.342105263157895 0.181818181818182 0.390243902439024 0.100000000000000 0.066666666666667
0.391304347826087 0.192307692307692 0.416666666666667 0.244541484716157 0.208791208791209 0.433962264150943 0.183006535947712 0.600000000000000 0.083333333333333 0.300000000000000 0.168421052631579 0.134292565947242 0.132075471698113 0.105263157894737 0.181818181818182 0.268292682926829 0.533333333333333 0.700000000000000
0.434782608695652 0.423076923076923 0.694444444444444 0.270742358078603 0.197802197802198 0.150943396226415 0.267973856209150 0.514285714285714 0.166666666666667 0.542857142857143 0.210526315789474 0.196642685851319 0.213836477987421 0.092105263157895 0.409090909090909 0.414634146341463 0.600000000000000 0.733333333333333
0.282608695652174 0.538461538461538 0.486111111111111 0.266375545851528 0.230769230769231 0.075471698113208 0.274509803921569 0.485714285714286 0.166666666666667 0.400000000000000 0.242105263157895 0.206235011990408 0.509433962264151 0.197368421052632 0.318181818181818 0.073170731707317 0.400000000000000 0.433333333333333
0.369565217391304 0.615384615384615 0.597222222222222 0.362445414847162 0.175824175824176 0.094339622641509 0.418300653594771 0.314285714285714 0.333333333333333 0.514285714285714 0.394736842105263 0.339328537170264 0.710691823899371 0.144736842105263 0.045454545454545 0.048780487804878 0.433333333333333 0.466666666666667
0.521739130434783 0.153846153846154 0.500000000000000 0.283842794759825 0.142857142857143 0.113207547169811 0.320261437908497 0.428571428571429 0.250000000000000 0.185714285714286 0.310526315789474 0.248201438848921 0.169811320754717 0.171052631578947 0.000000000000000 0.000000000000000 0.400000000000000 0.366666666666667
0.760869565217391 0.923076923076923 0.916666666666667 0.318777292576419 0.043956043956044 0.056603773584906 0.941176470588235 0.000000000000000 0.916666666666667 0.742857142857143 0.815789473684211 0.937649880095923 0.955974842767296 0.368421052631579 0.500000000000000 0.048780487804878 0.200000000000000 0.000000000000000
0.347826086956522 0.307692307692308 0.486111111111111 0.253275109170306 0.208791208791209 0.056603773584906 0.267973856209150 0.485714285714286 0.166666666666667 0.257142857142857 0.236842105263158 0.201438848920863 0.283018867924528 0.171052631578947 0.090909090909091 0.000000000000000 0.400000000000000 0.466666666666667
0.543478260869565 0.192307692307692 0.416666666666667 0.358078602620087 0.230769230769231 0.075471698113208 0.339869281045752 0.371428571428571 0.250000000000000 0.257142857142857 0.310526315789474 0.274580335731415 0.125786163522013 0.157894736842105 0.136363636363636 0.414634146341463 0.800000000000000 0.733333333333333
0.304347826086957 0.346153846153846 0.333333333333333 0.200873362445415 0.186813186813187 0.150943396226415 0.137254901960784 0.685714285714286 0.083333333333333 0.328571428571429 0.142105263157895 0.097122302158273 0.314465408805031 0.105263157894737 0.318181818181818 0.000000000000000 0.566666666666667 0.666666666666667
0.739130434782609 0.769230769230769 0.944444444444444 0.475982532751092 0.186813186813187 0.188679245283019 0.614379084967320 0.171428571428571 0.500000000000000 0.642857142857143 0.452631578947368 0.531175059952038 0.584905660377358 0.078947368421053 0.954545454545455 0.536585365853659 0.600000000000000 0.800000000000000
0.260869565217391 0.153846153846154 0.555555555555556 0.235807860262009 0.131868131868132 0.113207547169811 0.267973856209150 0.514285714285714 0.166666666666667 0.114285714285714 0.257894736842105 0.196642685851319 0.169811320754717 0.131578947368421 0.272727272727273 0.512195121951220 0.500000000000000 0.533333333333333
0.608695652173913 0.730769230769231 0.902777777777778 0.253275109170306 0.065934065934066 0.150943396226415 0.653594771241830 0.142857142857143 0.583333333333333 0.642857142857143 0.505263157894737 0.581534772182254 0.597484276729560 0.197368421052632 0.545454545454545 0.268292682926829 0.333333333333333 0.433333333333333
0.500000000000000 0.230769230769231 0.513888888888889 0.244541484716157 0.164835164835165 0.113207547169811 0.183006535947712 0.600000000000000 0.083333333333333 0.457142857142857 0.163157894736842 0.131894484412470 0.094339622641509 0.039473684210526 0.681818181818182 0.073170731707317 0.833333333333333 0.900000000000000
0.652173913043478 0.576923076923077 0.847222222222222 0.436681222707424 0.164835164835165 0.188679245283019 0.575163398692810 0.200000000000000 0.500000000000000 0.571428571428571 0.447368421052632 0.492805755395683 0.345911949685535 0.092105263157895 0.363636363636364 0.536585365853659 0.533333333333333 0.700000000000000
0.326086956521739 0.269230769230769 0.458333333333333 0.301310043668122 0.230769230769231 0.094339622641509 0.248366013071895 0.514285714285714 0.166666666666667 0.271428571428571 0.231578947368421 0.188249400479616 0.264150943396226 0.131578947368421 0.090909090909091 0.487804878048780 0.666666666666667 0.633333333333333
0.152173913043478 0.192307692307692 0.333333333333333 0.113537117903930 0.131868131868132 0.113207547169811 0.143790849673203 0.714285714285714 0.083333333333333 0.114285714285714 0.115789473684211 0.089928057553957 0.163522012578616 0.223684210526316 0.045454545454545 0.560975609756098 0.100000000000000 0.233333333333333
0.391304347826087 0.192307692307692 0.486111111111111 0.139737991266376 0.065934065934066 0.075471698113208 0.209150326797386 0.600000000000000 0.166666666666667 0.185714285714286 0.184210526315789 0.145083932853717 0.251572327044025 0.131578947368421 0.045454545454545 0.170731707317073 0.333333333333333 0.333333333333333
0.282608695652174 0.461538461538462 0.430555555555556 0.222707423580786 0.208791208791209 0.094339622641509 0.222222222222222 0.542857142857143 0.166666666666667 0.371428571428571 0.194736842105263 0.165467625899281 0.421383647798742 0.171052631578947 0.227272727272727 0.146341463414634 0.433333333333333 0.500000000000000
0.282608695652174 0.192307692307692 0.638888888888889 0.310043668122271 0.142857142857143 0.132075471698113 0.379084967320261 0.371428571428571 0.333333333333333 0.228571428571429 0.321052631578947 0.298561151079137 0.182389937106918 0.118421052631579 0.045454545454545 0.682926829268293 0.500000000000000 0.600000000000000
0.347826086956522 0.461538461538462 0.513888888888889 0.366812227074236 0.186813186813187 0.132075471698113 0.320261437908497 0.428571428571429 0.250000000000000 0.471428571428571 0.315789473684211 0.247002398081535 0.408805031446541 0.092105263157895 0.181818181818182 0.048780487804878 0.600000000000000 0.666666666666667
0.108695652173913 0.115384615384615 0.152777777777778 0.052401746724891 0.098901098901099 0.037735849056604 0.052287581699346 0.885714285714286 0.000000000000000 0.085714285714286 0.026315789473684 0.029976019184652 0.163522012578616 0.328947368421053 0.045454545454545 0.292682926829268 0.033333333333333 0.100000000000000
0.152173913043478 0.384615384615385 0.430555555555556 0.126637554585153 0.142857142857143 0.094339622641509 0.248366013071895 0.542857142857143 0.166666666666667 0.400000000000000 0.210526315789474 0.175059952038369 0.421383647798742 0.289473684210526 0.272727272727273 0.365853658536585 0.133333333333333 0.100000000000000
0.326086956521739 0.115384615384615 0.527777777777778 0.244541484716157 0.164835164835165 0.075471698113208 0.183006535947712 0.628571428571429 0.083333333333333 0.071428571428571 0.163157894736842 0.123501199040767 0.125786163522013 0.092105263157895 0.181818181818182 0.853658536585366 0.600000000000000 0.700000000000000
0.260869565217391 0.461538461538462 0.583333333333333 0.126637554585153 0.098901098901099 0.169811320754717 0.307189542483660 0.485714285714286 0.250000000000000 0.542857142857143 0.210526315789474 0.213429256594724 0.402515723270440 0.223684210526316 0.454545454545455 0.512195121951220 0.233333333333333 0.400000000000000
0.608695652173913 0.769230769230769 0.944444444444444 0.349344978165939 0.076923076923077 0.188679245283019 0.679738562091503 0.142857142857143 0.583333333333333 0.771428571428571 0.473684210526316 0.600719424460432 0.490566037735849 0.118421052631579 0.181818181818182 0.585365853658537 0.466666666666667 0.666666666666667
0.347826086956522 0.423076923076923 0.416666666666667 0.235807860262009 0.186813186813187 0.075471698113208 0.189542483660131 0.600000000000000 0.083333333333333 0.357142857142857 0.178947368421053 0.137889688249400 0.402515723270440 0.092105263157895 0.409090909090909 0.268292682926829 0.566666666666667 0.600000000000000
0.500000000000000 0.115384615384615 0.472222222222222 0.344978165938865 0.252747252747253 0.075471698113208 0.241830065359477 0.485714285714286 0.166666666666667 0.128571428571429 0.252631578947368 0.188249400479616 0.113207547169811 0.131578947368421 0.000000000000000 0.414634146341463 0.833333333333333 0.800000000000000
0.304347826086957 0.384615384615385 0.416666666666667 0.283842794759825 0.274725274725275 0.094339622641509 0.261437908496732 0.514285714285714 0.166666666666667 0.385714285714286 0.247368421052632 0.188249400479616 0.389937106918239 0.223684210526316 0.272727272727273 0.292682926829268 0.266666666666667 0.200000000000000
0.434782608695652 0.038461538461538 0.444444444444444 0.174672489082969 0.098901098901099 0.075471698113208 0.137254901960784 0.685714285714286 0.083333333333333 0.071428571428571 0.147368421052632 0.094724220623501 0.100628930817610 0.052631578947368 0.227272727272727 0.487804878048780 0.800000000000000 0.833333333333333
0.500000000000000 0.230769230769231 0.250000000000000 0.056768558951965 0.043956043956044 0.075471698113208 0.137254901960784 0.742857142857143 0.083333333333333 0.300000000000000 0.126315789473684 0.085131894484412 0.257861635220126 0.355263157894737 0.272727272727273 0.000000000000000 0.166666666666667 0.033333333333333
0.543478260869565 0.576923076923077 0.847222222222222 0.397379912663755 0.153846153846154 0.169811320754717 0.620915032679739 0.142857142857143 0.500000000000000 0.485714285714286 0.510526315789474 0.558752997601918 0.528301886792453 0.157894736842105 0.227272727272727 0.170731707317073 0.433333333333333 0.500000000000000
0.369565217391304 0.038461538461538 0.361111111111111 0.235807860262009 0.131868131868132 0.094339622641509 0.183006535947712 0.600000000000000 0.083333333333333 0.085714285714286 0.184210526315789 0.136690647482014 0.050314465408805 0.026315789473684 0.045454545454545 0.073170731707317 0.833333333333333 0.866666666666667
0.260869565217391 0.461538461538462 0.416666666666667 0.069868995633188 0.076923076923077 0.094339622641509 0.241830065359477 0.542857142857143 0.166666666666667 0.385714285714286 0.205263157894737 0.170263788968825 0.484276729559748 0.289473684210526 0.363636363636364 0.097560975609756 0.166666666666667 0.100000000000000
0.391304347826087 0.307692307692308 0.736111111111111 0.406113537117904 0.197802197802198 0.132075471698113 0.464052287581699 0.285714285714286 0.333333333333333 0.271428571428571 0.378947368421053 0.383693045563549 0.276729559748428 0.092105263157895 0.500000000000000 0.585365853658537 0.566666666666667 0.633333333333333
0.347826086956522 0.115384615384615 0.402777777777778 0.165938864628821 0.109890109890110 0.094339622641509 0.150326797385621 0.685714285714286 0.083333333333333 0.114285714285714 0.126315789473684 0.098321342925659 0.119496855345912 0.092105263157895 0.136363636363636 0.878048780487805 0.566666666666667 0.733333333333333
0.717391304347826 0.769230769230769 0.805555555555556 0.432314410480349 0.175824175824176 0.169811320754717 0.705882352941177 0.114285714285714 0.666666666666667 0.700000000000000 0.515789473684211 0.630695443645084 0.660377358490566 0.157894736842105 0.454545454545455 0.585365853658537 0.400000000000000 0.533333333333333
0.282608695652174 0.192307692307692 0.680555555555556 0.314410480349345 0.131868131868132 0.132075471698113 0.372549019607843 0.371428571428571 0.250000000000000 0.200000000000000 0.315789473684211 0.292565947242206 0.245283018867925 0.105263157894737 0.318181818181818 0.804878048780488 0.566666666666667 0.700000000000000
0.847826086956522 0.653846153846154 0.888888888888889 0.406113537117904 0.120879120879121 0.169811320754717 0.627450980392157 0.171428571428571 0.583333333333333 0.585714285714286 0.489473684210526 0.545563549160672 0.484276729559748 0.105263157894737 0.681818181818182 0.536585365853659 0.500000000000000 0.700000000000000
0.239130434782609 0.153846153846154 0.416666666666667 0.179039301310044 0.164835164835165 0.132075471698113 0.156862745098039 0.628571428571429 0.083333333333333 0.228571428571429 0.152631578947368 0.115107913669065 0.194968553459120 0.118421052631579 0.500000000000000 0.219512195121951 0.600000000000000 0.700000000000000
0.673913043478261 0.769230769230769 0.944444444444444 0.445414847161572 0.153846153846154 0.169811320754717 0.686274509803922 0.142857142857143 0.583333333333333 0.714285714285714 0.505263157894737 0.611510791366906 0.628930817610063 0.105263157894737 0.000000000000000 0.219512195121951 0.400000000000000 0.666666666666667
0.565217391304348 0.538461538461538 0.708333333333333 0.532751091703057 0.296703296703297 0.056603773584906 0.588235294117647 0.171428571428571 0.500000000000000 0.428571428571429 0.547368421052632 0.533573141486811 0.484276729559748 0.263157894736842 0.181818181818182 0.268292682926829 0.533333333333333 0.333333333333333
0.239130434782609 0.192307692307692 0.597222222222222 0.161572052401747 0.076923076923077 0.094339622641509 0.241830065359477 0.542857142857143 0.166666666666667 0.200000000000000 0.247368421052632 0.171462829736211 0.251572327044025 0.197368421052632 0.272727272727273 0.707317073170732 0.300000000000000 0.333333333333333
0.260869565217391 0.346153846153846 0.416666666666667 0.113537117903930 0.098901098901099 0.094339622641509 0.248366013071895 0.542857142857143 0.166666666666667 0.385714285714286 0.247368421052632 0.172661870503597 0.396226415094340 0.302631578947368 0.454545454545455 0.341463414634146 0.166666666666667 0.133333333333333
0.673913043478261 0.692307692307692 0.902777777777778 0.279475982532751 0.076923076923077 0.150943396226415 0.627450980392157 0.171428571428571 0.583333333333333 0.628571428571429 0.473684210526316 0.547961630695444 0.704402515723270 0.171052631578947 0.409090909090909 0.487804878048780 0.366666666666667 0.533333333333333
0.260869565217391 0.153846153846154 0.388888888888889 0.179039301310044 0.142857142857143 0.075471698113208 0.117647058823529 0.714285714285714 0.083333333333333 0.171428571428571 0.105263157894737 0.082733812949640 0.075471698113208 0.078947368421053 0.136363636363636 0.341463414634146 0.633333333333333 0.733333333333333
0.434782608695652 0.346153846153846 0.333333333333333 0.082969432314410 0.043956043956044 0.094339622641509 0.150326797385621 0.714285714285714 0.083333333333333 0.371428571428571 0.178947368421053 0.093525179856115 0.289308176100629 0.250000000000000 0.727272727272727 0.292682926829268 0.300000000000000 0.133333333333333
0.239130434782609 0.269230769230769 0.430555555555556 0.117903930131004 0.087912087912088 0.094339622641509 0.248366013071895 0.542857142857143 0.166666666666667 0.228571428571429 0.194736842105263 0.175059952038369 0.352201257861635 0.276315789473684 0.545454545454545 0.024390243902439 0.133333333333333 0.166666666666667
0.391304347826087 0.615384615384615 0.638888888888889 0.397379912663755 0.175824175824176 0.113207547169811 0.424836601307190 0.314285714285714 0.333333333333333 0.542857142857143 0.384210526315789 0.346522781774580 0.578616352201258 0.105263157894737 0.318181818181818 0.121951219512195 0.533333333333333 0.566666666666667
0.543478260869565 0.538461538461538 0.958333333333333 0.427947598253275 0.131868131868132 0.169811320754717 0.568627450980392 0.228571428571429 0.500000000000000 0.514285714285714 0.405263157894737 0.482014388489209 0.352201257861635 0.026315789473684 0.045454545454545 0.804878048780488 0.600000000000000 0.900000000000000
0.608695652173913 0.692307692307692 0.805555555555556 0.393013100436681 0.142857142857143 0.150943396226415 0.542483660130719 0.228571428571429 0.416666666666667 0.614285714285714 0.468421052631579 0.465227817745803 0.691823899371069 0.105263157894737 0.000000000000000 0.243902439024390 0.533333333333333 0.666666666666667
0.369565217391304 0.538461538461538 0.458333333333333 0.139737991266376 0.120879120879121 0.169811320754717 0.320261437908497 0.457142857142857 0.250000000000000 0.500000000000000 0.221052631578947 0.230215827338130 0.477987421383648 0.236842105263158 0.500000000000000 0.195121951219512 0.233333333333333 0.333333333333333
0.391304347826087 0.115384615384615 0.277777777777778 0.096069868995633 0.098901098901099 0.075471698113208 0.045751633986928 0.857142857142857 0.000000000000000 0.171428571428571 0.047368421052632 0.032374100719424 0.056603773584906 0.105263157894737 0.272727272727273 0.341463414634146 0.533333333333333 0.566666666666667
0.565217391304348 0.653846153846154 0.666666666666667 0.436681222707424 0.186813186813187 0.150943396226415 0.477124183006536 0.257142857142857 0.416666666666667 0.585714285714286 0.415789473684211 0.399280575539568 0.528301886792453 0.092105263157895 0.545454545454545 0.268292682926829 0.600000000000000 0.666666666666667
0.630434782608696 0.769230769230769 0.847222222222222 0.585152838427948 0.274725274725275 0.037735849056604 0.823529411764706 0.057142857142857 0.750000000000000 0.642857142857143 0.721052631578947 0.791366906474820 0.836477987421384 0.342105263157895 0.318181818181818 0.536585365853659 0.266666666666667 0.100000000000000
0.347826086956522 0.500000000000000 0.472222222222222 0.135371179039301 0.131868131868132 0.132075471698113 0.294117647058824 0.514285714285714 0.250000000000000 0.571428571428571 0.210526315789474 0.206235011990408 0.427672955974843 0.263157894736842 0.545454545454545 0.073170731707317 0.266666666666667 0.333333333333333
0.608695652173913 0.730769230769231 0.847222222222222 0.406113537117904 0.164835164835165 0.132075471698113 0.496732026143791 0.257142857142857 0.416666666666667 0.628571428571429 0.410526315789474 0.411270983213429 0.591194968553459 0.105263157894737 0.636363636363636 0.365853658536585 0.566666666666667 0.700000000000000
0.478260869565217 0.923076923076923 0.888888888888889 0.541484716157205 0.296703296703297 0.150943396226415 0.653594771241830 0.142857142857143 0.583333333333333 0.814285714285714 0.494736842105263 0.582733812949640 0.716981132075472 0.197368421052632 0.000000000000000 0.097560975609756 0.333333333333333 0.400000000000000
0.608695652173913 0.769230769230769 0.708333333333333 0.393013100436681 0.197802197802198 0.075471698113208 0.601307189542484 0.171428571428571 0.500000000000000 0.614285714285714 0.531578947368421 0.541966426858513 0.660377358490566 0.250000000000000 0.227272727272727 0.341463414634146 0.533333333333333 0.366666666666667
0.391304347826087 0.230769230769231 0.583333333333333 0.262008733624454 0.230769230769231 0.150943396226415 0.202614379084967 0.571428571428571 0.166666666666667 0.271428571428571 0.178947368421053 0.148681055155875 0.308176100628931 0.118421052631579 0.590909090909091 0.219512195121951 0.500000000000000 0.666666666666667
0.391304347826087 0.500000000000000 0.486111111111111 0.353711790393013 0.307692307692308 0.094339622641509 0.274509803921569 0.457142857142857 0.166666666666667 0.414285714285714 0.252631578947368 0.213429256594724 0.522012578616352 0.171052631578947 0.363636363636364 0.195121951219512 0.533333333333333 0.600000000000000
0.456521739130435 0.153846153846154 0.472222222222222 0.283842794759825 0.131868131868132 0.094339622641509 0.326797385620915 0.428571428571429 0.250000000000000 0.214285714285714 0.252631578947368 0.251798561151079 0.132075471698113 0.052631578947368 0.272727272727273 0.146341463414634 0.733333333333333 0.766666666666667
0.413043478260870 0.192307692307692 0.472222222222222 0.323144104803493 0.164835164835165 0.132075471698113 0.320261437908497 0.428571428571429 0.250000000000000 0.242857142857143 0.268421052631579 0.244604316546763 0.144654088050314 0.052631578947368 0.318181818181818 0.707317073170732 0.700000000000000 0.833333333333333
0.478260869565217 0.384615384615385 0.430555555555556 0.240174672489083 0.186813186813187 0.075471698113208 0.215686274509804 0.542857142857143 0.166666666666667 0.328571428571429 0.205263157894737 0.165467625899281 0.389937106918239 0.105263157894737 0.363636363636364 0.097560975609756 0.633333333333333 0.633333333333333
0.717391304347826 0.730769230769231 0.847222222222222 0.475982532751092 0.186813186813187 0.169811320754717 0.581699346405229 0.200000000000000 0.500000000000000 0.571428571428571 0.442105263157895 0.507194244604317 0.597484276729560 0.078947368421053 0.090909090909091 0.097560975609756 0.533333333333333 0.766666666666667
0.173913043478261 0.384615384615385 0.388888888888889 0.152838427947598 0.164835164835165 0.094339622641509 0.241830065359477 0.571428571428571 0.166666666666667 0.385714285714286 0.221052631578947 0.166666666666667 0.389937106918239 0.315789473684211 0.045454545454545 0.341463414634146 0.133333333333333 0.100000000000000
0.413043478260870 0.384615384615385 0.416666666666667 0.087336244541485 0.054945054945055 0.075471698113208 0.176470588235294 0.657142857142857 0.083333333333333 0.371428571428571 0.178947368421053 0.117505995203837 0.396226415094340 0.263157894736842 0.181818181818182 0.390243902439024 0.233333333333333 0.133333333333333
0.217391304347826 0.461538461538462 0.458333333333333 0.248908296943231 0.230769230769231 0.113207547169811 0.196078431372549 0.571428571428571 0.083333333333333 0.371428571428571 0.205263157894737 0.145083932853717 0.440251572327044 0.157894736842105 0.454545454545455 0.073170731707317 0.500000000000000 0.600000000000000
0.652173913043478 0.923076923076923 0.902777777777778 0.510917030567686 0.241758241758242 0.169811320754717 0.692810457516340 0.114285714285714 0.583333333333333 0.785714285714286 0.505263157894737 0.625899280575540 0.886792452830189 0.184210526315789 0.454545454545455 0.048780487804878 0.366666666666667 0.466666666666667
0.543478260869565 0.346153846153846 0.694444444444444 0.384279475982533 0.153846153846154 0.132075471698113 0.431372549019608 0.314285714285714 0.333333333333333 0.371428571428571 0.310526315789474 0.354916067146283 0.182389937106918 0.026315789473684 0.136363636363636 0.195121951219512 0.766666666666667 0.900000000000000
0.369565217391304 0.307692307692308 0.305555555555556 0.187772925764192 0.142857142857143 0.075471698113208 0.104575163398693 0.742857142857143 0.083333333333333 0.328571428571429 0.100000000000000 0.074340527577938 0.301886792452830 0.026315789473684 0.590909090909091 0.097560975609756 0.833333333333333 0.900000000000000
0.717391304347826 0.730769230769231 0.930555555555556 0.467248908296943 0.164835164835165 0.113207547169811 0.575163398692810 0.200000000000000 0.500000000000000 0.614285714285714 0.463157894736842 0.501199040767386 0.572327044025157 0.105263157894737 0.409090909090909 0.414634146341463 0.600000000000000 0.666666666666667
0.521739130434783 0.538461538461538 0.569444444444444 0.344978165938865 0.186813186813187 0.113207547169811 0.366013071895425 0.371428571428571 0.250000000000000 0.457142857142857 0.331578947368421 0.290167865707434 0.459119496855346 0.144736842105263 0.500000000000000 0.048780487804878 0.533333333333333 0.566666666666667
0.260869565217391 0.269230769230769 0.361111111111111 0.074235807860262 0.054945054945055 0.037735849056604 0.261437908496732 0.514285714285714 0.166666666666667 0.214285714285714 0.210526315789474 0.187050359712230 0.339622641509434 0.368421052631579 0.590909090909091 0.073170731707317 0.133333333333333 0.066666666666667
0.586956521739130 0.615384615384615 0.555555555555556 0.445414847161572 0.252747252747253 0.075471698113208 0.464052287581699 0.257142857142857 0.333333333333333 0.542857142857143 0.400000000000000 0.399280575539568 0.559748427672956 0.184210526315789 0.136363636363636 0.317073170731707 0.733333333333333 0.600000000000000
0.195652173913043 0.384615384615385 0.430555555555556 0.218340611353712 0.230769230769231 0.094339622641509 0.248366013071895 0.542857142857143 0.166666666666667 0.357142857142857 0.215789473684211 0.175059952038369 0.402515723270440 0.250000000000000 0.318181818181818 0.268292682926829 0.166666666666667 0.166666666666667
0.108695652173913 0.384615384615385 0.416666666666667 0.187772925764192 0.197802197802198 0.113207547169811 0.228758169934641 0.571428571428571 0.166666666666667 0.385714285714286 0.205263157894737 0.161870503597122 0.371069182389937 0.236842105263158 0.045454545454545 0.292682926829268 0.166666666666667 0.166666666666667
0.500000000000000 0.807692307692308 0.888888888888889 0.310043668122271 0.120879120879121 0.150943396226415 0.673202614379085 0.142857142857143 0.583333333333333 0.814285714285714 0.478947368421053 0.597122302158273 0.710691823899371 0.210526315789474 0.590909090909091 0.560975609756098 0.333333333333333 0.433333333333333
0.695652173913043 0.692307692307692 0.944444444444444 0.423580786026201 0.164835164835165 0.169811320754717 0.705882352941177 0.114285714285714 0.666666666666667 0.642857142857143 0.536842105263158 0.631894484412470 0.584905660377358 0.171052631578947 0.545454545454545 0.390243902439024 0.433333333333333 0.633333333333333
0.413043478260870 0.269230769230769 0.305555555555556 0.174672489082969 0.131868131868132 0.113207547169811 0.098039215686275 0.742857142857143 0.000000000000000 0.300000000000000 0.100000000000000 0.068345323741007 0.257861635220126 0.039473684210526 0.590909090909091 0.024390243902439 0.933333333333333 0.966666666666667
0.391304347826087 0.423076923076923 0.361111111111111 0.205240174672489 0.175824175824176 0.094339622641509 0.163398692810458 0.628571428571429 0.083333333333333 0.400000000000000 0.189473684210526 0.115107913669065 0.364779874213836 0.171052631578947 0.045454545454545 0.219512195121951 0.400000000000000 0.433333333333333
0.673913043478261 0.846153846153846 0.958333333333333 0.550218340611354 0.219780219780220 0.188679245283019 0.692810457516340 0.114285714285714 0.583333333333333 0.800000000000000 0.526315789473684 0.625899280575540 0.735849056603774 0.105263157894737 0.363636363636364 0.536585365853659 0.500000000000000 0.700000000000000
0.695652173913043 0.653846153846154 0.736111111111111 0.301310043668122 0.076923076923077 0.037735849056604 0.718954248366013 0.114285714285714 0.666666666666667 0.585714285714286 0.652631578947368 0.660671462829736 0.610062893081761 0.315789473684211 0.181818181818182 0.292682926829268 0.333333333333333 0.100000000000000
0.739130434782609 0.884615384615385 0.902777777777778 0.427947598253275 0.153846153846154 0.169811320754717 0.712418300653595 0.114285714285714 0.666666666666667 0.871428571428571 0.547368421052632 0.648681055155875 0.647798742138365 0.171052631578947 0.681818181818182 0.024390243902439 0.433333333333333 0.500000000000000
0.195652173913043 0.269230769230769 0.458333333333333 0.161572052401747 0.109890109890110 0.113207547169811 0.267973856209150 0.514285714285714 0.166666666666667 0.214285714285714 0.226315789473684 0.189448441247002 0.276729559748428 0.210526315789474 0.500000000000000 0.219512195121951 0.166666666666667 0.200000000000000
0.521739130434783 0.846153846153846 0.888888888888889 0.502183406113537 0.263736263736264 0.132075471698113 0.647058823529412 0.171428571428571 0.583333333333333 0.757142857142857 0.484210526315789 0.568345323741007 0.716981132075472 0.197368421052632 0.045454545454545 0.585365853658537 0.333333333333333 0.500000000000000
0.608695652173913 0.846153846153846 0.847222222222222 0.344978165938865 0.109890109890110 0.207547169811321 0.738562091503268 0.114285714285714 0.666666666666667 0.842857142857143 0.500000000000000 0.667865707434053 0.597484276729560 0.157894736842105 0.227272727272727 0.243902439024390 0.333333333333333 0.566666666666667
0.347826086956522 0.500000000000000 0.527777777777778 0.200873362445415 0.175824175824176 0.169811320754717 0.313725490196078 0.485714285714286 0.250000000000000 0.600000000000000 0.210526315789474 0.219424460431655 0.421383647798742 0.184210526315789 0.227272727272727 0.219512195121951 0.300000000000000 0.433333333333333
0.456521739130435 0.461538461538462 0.680555555555556 0.475982532751092 0.263736263736264 0.056603773584906 0.483660130718954 0.257142857142857 0.416666666666667 0.385714285714286 0.389473684210526 0.418465227817746 0.459119496855346 0.157894736842105 0.181818181818182 0.317073170731707 0.633333333333333 0.566666666666667
0.282608695652174 0.346153846153846 0.333333333333333 0.078602620087336 0.076923076923077 0.075471698113208 0.235294117647059 0.571428571428571 0.166666666666667 0.357142857142857 0.210526315789474 0.161870503597122 0.389937106918239 0.368421052631579 0.045454545454545 0.073170731707317 0.100000000000000 0.033333333333333
0.673913043478261 0.846153846153846 0.833333333333333 0.423580786026201 0.208791208791209 0.150943396226415 0.666666666666667 0.142857142857143 0.583333333333333 0.785714285714286 0.494736842105263 0.594724220623501 0.704402515723270 0.197368421052632 0.045454545454545 0.024390243902439 0.300000000000000 0.433333333333333
0.673913043478261 0.807692307692308 0.708333333333333 0.458515283842795 0.219780219780220 0.169811320754717 0.692810457516340 0.142857142857143 0.583333333333333 0.742857142857143 0.489473684210526 0.615107913669065 0.547169811320755 0.197368421052632 0.181818181818182 0.512195121951220 0.366666666666667 0.500000000000000
0.456521739130435 0.500000000000000 0.541666666666667 0.336244541484716 0.164835164835165 0.113207547169811 0.359477124183007 0.400000000000000 0.250000000000000 0.428571428571429 0.315789473684211 0.280575539568345 0.528301886792453 0.105263157894737 0.545454545454545 0.365853658536585 0.500000000000000 0.566666666666667
0.282608695652174 0.192307692307692 0.500000000000000 0.170305676855895 0.131868131868132 0.113207547169811 0.196078431372549 0.600000000000000 0.083333333333333 0.185714285714286 0.194736842105263 0.140287769784173 0.182389937106918 0.157894736842105 0.227272727272727 0.243902439024390 0.433333333333333 0.500000000000000
0.369565217391304 0.576923076923077 0.527777777777778 0.170305676855895 0.142857142857143 0.169811320754717 0.320261437908497 0.485714285714286 0.250000000000000 0.585714285714286 0.221052631578947 0.227817745803357 0.484276729559748 0.210526315789474 0.090909090909091 0.048780487804878 0.266666666666667 0.400000000000000
0.217391304347826 0.500000000000000 0.430555555555556 0.227074235807860 0.252747252747253 0.075471698113208 0.254901960784314 0.514285714285714 0.166666666666667 0.414285714285714 0.231578947368421 0.184652278177458 0.559748427672956 0.276315789473684 0.136363636363636 0.268292682926829 0.166666666666667 0.166666666666667
0.673913043478261 0.923076923076923 0.875000000000000 0.515283842794760 0.274725274725275 0.188679245283019 0.712418300653595 0.114285714285714 0.666666666666667 0.842857142857143 0.489473684210526 0.640287769784173 0.685534591194969 0.171052631578947 0.500000000000000 0.292682926829268 0.333333333333333 0.466666666666667
0.434782608695652 0.461538461538462 0.569444444444444 0.318777292576419 0.186813186813187 0.094339622641509 0.313725490196078 0.428571428571429 0.250000000000000 0.414285714285714 0.263157894736842 0.238609112709832 0.496855345911950 0.144736842105263 0.500000000000000 0.268292682926829 0.533333333333333 0.600000000000000
0.195652173913043 0.230769230769231 0.638888888888889 0.157205240174672 0.076923076923077 0.094339622641509 0.267973856209150 0.542857142857143 0.166666666666667 0.228571428571429 0.231578947368421 0.184652278177458 0.188679245283019 0.157894736842105 0.500000000000000 0.439024390243902 0.233333333333333 0.266666666666667
0.630434782608696 0.692307692307692 0.944444444444444 0.388646288209607 0.109890109890110 0.150943396226415 0.653594771241830 0.142857142857143 0.583333333333333 0.628571428571429 0.468421052631579 0.574340527577938 0.471698113207547 0.092105263157895 0.318181818181818 0.512195121951220 0.500000000000000 0.666666666666667
0.760869565217391 0.807692307692308 0.958333333333333 0.371179039301310 0.109890109890110 0.169811320754717 0.705882352941177 0.142857142857143 0.666666666666667 0.800000000000000 0.521052631578947 0.629496402877698 0.660377358490566 0.144736842105263 0.545454545454545 0.560975609756098 0.433333333333333 0.666666666666667
0.521739130434783 0.461538461538462 0.500000000000000 0.310043668122271 0.142857142857143 0.132075471698113 0.294117647058824 0.457142857142857 0.250000000000000 0.442857142857143 0.263157894736842 0.223021582733813 0.377358490566038 0.052631578947368 0.727272727272727 0.292682926829268 0.733333333333333 0.833333333333333
0.260869565217391 0.384615384615385 0.361111111111111 0.113537117903930 0.109890109890110 0.075471698113208 0.254901960784314 0.542857142857143 0.166666666666667 0.357142857142857 0.226315789473684 0.178657074340528 0.371069182389937 0.355263157894737 0.181818181818182 0.219512195121951 0.133333333333333 0.066666666666667
0.630434782608696 0.807692307692308 0.805555555555556 0.318777292576419 0.098901098901099 0.150943396226415 0.699346405228758 0.142857142857143 0.666666666666667 0.757142857142857 0.468421052631579 0.625899280575540 0.716981132075472 0.171052631578947 0.227272727272727 0.414634146341463 0.333333333333333 0.500000000000000
0.717391304347826 0.807692307692308 0.902777777777778 0.262008733624454 0.010989010989011 0.056603773584906 0.882352941176471 0.028571428571429 0.833333333333333 0.671428571428571 0.731578947368421 0.847721822541966 0.842767295597484 0.328947368421053 0.545454545454545 0.024390243902439 0.166666666666667 0.033333333333333
0.456521739130435 0.461538461538462 0.444444444444444 0.327510917030568 0.241758241758242 0.075471698113208 0.287581699346405 0.428571428571429 0.166666666666667 0.371428571428571 0.268421052631579 0.226618705035971 0.515723270440252 0.131578947368421 0.227272727272727 0.121951219512195 0.566666666666667 0.566666666666667
0.717391304347826 0.846153846153846 0.805555555555556 0.524017467248908 0.230769230769231 0.169811320754717 0.673202614379085 0.142857142857143 0.583333333333333 0.742857142857143 0.484210526315789 0.593525179856115 0.660377358490566 0.118421052631579 0.090909090909091 0.707317073170732 0.433333333333333 0.666666666666667
0.456521739130435 0.384615384615385 0.583333333333333 0.139737991266376 0.076923076923077 0.150943396226415 0.281045751633987 0.485714285714286 0.166666666666667 0.442857142857143 0.242105263157895 0.209832134292566 0.327044025157233 0.197368421052632 0.045454545454545 0.146341463414634 0.333333333333333 0.533333333333333
0.326086956521739 0.115384615384615 0.180555555555556 0.039301310043668 0.109890109890110 0.018867924528302 0.039215686274510 0.885714285714286 0.000000000000000 0.142857142857143 0.036842105263158 0.023980815347722 0.169811320754717 0.381578947368421 0.318181818181818 0.341463414634146 0.133333333333333 0.066666666666667
0.630434782608696 0.807692307692308 0.805555555555556 0.275109170305677 0.065934065934066 0.150943396226415 0.686274509803922 0.142857142857143 0.583333333333333 0.800000000000000 0.515789473684211 0.609112709832134 0.716981132075472 0.171052631578947 0.000000000000000 0.756097560975610 0.366666666666667 0.566666666666667
0.608695652173913 0.884615384615385 0.833333333333333 0.436681222707424 0.164835164835165 0.188679245283019 0.751633986928105 0.114285714285714 0.666666666666667 0.857142857142857 0.531578947368421 0.687050359712230 0.597484276729560 0.184210526315789 0.000000000000000 0.268292682926829 0.333333333333333 0.533333333333333
0.695652173913043 0.807692307692308 0.777777777777778 0.353711790393013 0.109890109890110 0.150943396226415 0.699346405228758 0.114285714285714 0.666666666666667 0.742857142857143 0.531578947368421 0.625899280575540 0.679245283018868 0.210526315789474 0.227272727272727 0.292682926829268 0.366666666666667 0.466666666666667
0.282608695652174 0.115384615384615 0.361111111111111 0.104803493449782 0.109890109890110 0.113207547169811 0.124183006535948 0.742857142857143 0.083333333333333 0.128571428571429 0.094736842105263 0.081534772182254 0.188679245283019 0.223684210526316 0.227272727272727 0.658536585365854 0.233333333333333 0.200000000000000
0.391304347826087 0.230769230769231 0.444444444444444 0.126637554585153 0.087912087912088 0.094339622641509 0.222222222222222 0.571428571428571 0.166666666666667 0.200000000000000 0.210526315789474 0.155875299760192 0.251572327044025 0.236842105263158 0.409090909090909 0.439024390243902 0.266666666666667 0.266666666666667
0.521739130434783 0.500000000000000 0.750000000000000 0.458515283842795 0.219780219780220 0.150943396226415 0.542483660130719 0.228571428571429 0.416666666666667 0.414285714285714 0.494736842105263 0.466426858513189 0.534591194968553 0.144736842105263 0.000000000000000 0.341463414634146 0.400000000000000 0.533333333333333
0.913043478260870 0.769230769230769 0.833333333333333 0.441048034934498 0.186813186813187 0.169811320754717 0.705882352941177 0.114285714285714 0.666666666666667 0.685714285714286 0.521052631578947 0.630695443645084 0.660377358490566 0.157894736842105 0.954545454545455 0.268292682926829 0.433333333333333 0.600000000000000
0.608695652173913 0.692307692307692 1.000000000000000 0.423580786026201 0.131868131868132 0.169811320754717 0.666666666666667 0.171428571428571 0.583333333333333 0.628571428571429 0.489473684210526 0.579136690647482 0.534591194968553 0.078947368421053 0.000000000000000 0.878048780487805 0.466666666666667 0.833333333333333
0.434782608695652 0.076923076923077 0.527777777777778 0.253275109170306 0.142857142857143 0.113207547169811 0.248366013071895 0.542857142857143 0.166666666666667 0.100000000000000 0.221052631578947 0.176258992805755 0.176100628930818 0.105263157894737 0.090909090909091 0.804878048780488 0.500000000000000 0.566666666666667
0.478260869565217 0.500000000000000 0.722222222222222 0.240174672489083 0.175824175824176 0.169811320754717 0.313725490196078 0.457142857142857 0.250000000000000 0.557142857142857 0.242105263157895 0.225419664268585 0.389937106918239 0.144736842105263 0.318181818181818 0.512195121951220 0.433333333333333 0.633333333333333
0.608695652173913 0.846153846153846 0.902777777777778 0.340611353711790 0.131868131868132 0.150943396226415 0.673202614379085 0.142857142857143 0.583333333333333 0.842857142857143 0.478947368421053 0.592326139088729 0.716981132075472 0.197368421052632 0.545454545454545 0.634146341463415 0.333333333333333 0.466666666666667
0.282608695652174 0.384615384615385 0.416666666666667 0.096069868995633 0.098901098901099 0.075471698113208 0.235294117647059 0.571428571428571 0.166666666666667 0.385714285714286 0.189473684210526 0.159472422062350 0.389937106918239 0.355263157894737 0.272727272727273 0.219512195121951 0.100000000000000 0.033333333333333
0.326086956521739 0.192307692307692 0.513888888888889 0.227074235807860 0.098901098901099 0.094339622641509 0.333333333333333 0.428571428571429 0.250000000000000 0.157142857142857 0.284210526315789 0.252997601918465 0.194968553459120 0.105263157894737 0.045454545454545 0.219512195121951 0.533333333333333 0.566666666666667
0.652173913043478 0.807692307692308 0.930555555555556 0.371179039301310 0.098901098901099 0.169811320754717 0.725490196078431 0.114285714285714 0.666666666666667 0.800000000000000 0.500000000000000 0.653477218225420 0.572327044025157 0.144736842105263 0.000000000000000 0.707317073170732 0.366666666666667 0.666666666666667
0.478260869565217 0.153846153846154 0.430555555555556 0.292576419213974 0.153846153846154 0.132075471698113 0.294117647058824 0.485714285714286 0.250000000000000 0.228571428571429 0.252631578947368 0.217026378896883 0.100628930817610 0.052631578947368 0.227272727272727 0.975609756097561 0.666666666666667 0.900000000000000
0.347826086956522 0.192307692307692 0.472222222222222 0.148471615720524 0.131868131868132 0.094339622641509 0.156862745098039 0.657142857142857 0.083333333333333 0.214285714285714 0.194736842105263 0.112709832134293 0.119496855345912 0.171052631578947 0.318181818181818 0.170731707317073 0.433333333333333 0.400000000000000
0.065217391304348 0.192307692307692 0.250000000000000 0.091703056768559 0.120879120879121 0.056603773584906 0.137254901960784 0.714285714285714 0.083333333333333 0.128571428571429 0.115789473684211 0.089928057553957 0.226415094339623 0.368421052631579 0.000000000000000 0.512195121951220 0.033333333333333 0.100000000000000
0.413043478260870 0.346153846153846 0.486111111111111 0.296943231441048 0.142857142857143 0.113207547169811 0.228758169934641 0.542857142857143 0.166666666666667 0.342857142857143 0.231578947368421 0.165467625899281 0.320754716981132 0.039473684210526 1.000000000000000 0.243902439024390 1.000000000000000 1.000000000000000
0.739130434782609 0.807692307692308 0.944444444444444 0.541484716157205 0.230769230769231 0.188679245283019 0.692810457516340 0.142857142857143 0.666666666666667 0.742857142857143 0.489473684210526 0.618705035971223 0.723270440251572 0.105263157894737 0.590909090909091 0.609756097560976 0.466666666666667 0.766666666666667
0.260869565217391 0.269230769230769 0.486111111111111 0.144104803493450 0.098901098901099 0.094339622641509 0.261437908496732 0.514285714285714 0.166666666666667 0.228571428571429 0.226315789473684 0.185851318944844 0.320754716981132 0.223684210526316 0.318181818181818 0.390243902439024 0.200000000000000 0.200000000000000
0.326086956521739 0.230769230769231 0.500000000000000 0.222707423580786 0.164835164835165 0.113207547169811 0.163398692810458 0.628571428571429 0.083333333333333 0.271428571428571 0.136842105263158 0.116306954436451 0.094339622641509 0.052631578947368 0.136363636363636 0.146341463414634 0.833333333333333 0.933333333333333
0.347826086956522 0.269230769230769 0.680555555555556 0.305676855895196 0.120879120879121 0.113207547169811 0.424836601307190 0.314285714285714 0.333333333333333 0.214285714285714 0.378947368421053 0.344124700239808 0.289308176100629 0.144736842105263 0.318181818181818 0.439024390243902 0.433333333333333 0.500000000000000
0.434782608695652 0.269230769230769 0.458333333333333 0.152838427947598 0.120879120879121 0.075471698113208 0.156862745098039 0.657142857142857 0.083333333333333 0.285714285714286 0.189473684210526 0.109112709832134 0.176100628930818 0.184210526315789 0.000000000000000 0.000000000000000 0.366666666666667 0.233333333333333
0.347826086956522 0.115384615384615 0.402777777777778 0.253275109170306 0.175824175824176 0.075471698113208 0.183006535947712 0.628571428571429 0.083333333333333 0.185714285714286 0.178947368421053 0.128297362110312 0.106918238993711 0.092105263157895 0.045454545454545 0.926829268292683 0.566666666666667 0.766666666666667
0.369565217391304 0.384615384615385 0.569444444444444 0.554585152838428 0.549450549450549 0.830188679245283 0.248366013071895 0.542857142857143 0.166666666666667 0.442857142857143 0.368421052631579 0.177458033573141 0.345911949685535 0.421052631578947 0.227272727272727 0.219512195121951 0.333333333333333 0.500000000000000
0.695652173913043 0.730769230769231 0.930555555555556 0.449781659388646 0.142857142857143 0.169811320754717 0.692810457516340 0.142857142857143 0.583333333333333 0.700000000000000 0.478947368421053 0.619904076738609 0.553459119496855 0.092105263157895 0.000000000000000 0.487804878048780 0.500000000000000 0.733333333333333
0.413043478260870 0.461538461538462 0.500000000000000 0.253275109170306 0.109890109890110 0.094339622641509 0.307189542483660 0.428571428571429 0.250000000000000 0.414285714285714 0.284210526315789 0.236211031175060 0.427672955974843 0.131578947368421 0.363636363636364 0.243902439024390 0.466666666666667 0.466666666666667
0.521739130434783 0.423076923076923 0.763888888888889 0.427947598253275 0.208791208791209 0.132075471698113 0.496732026143791 0.257142857142857 0.416666666666667 0.371428571428571 0.452631578947368 0.410071942446043 0.415094339622642 0.171052631578947 0.681818181818182 0.268292682926829 0.466666666666667 0.533333333333333
0.782608695652174 0.615384615384615 0.875000000000000 0.358078602620087 0.109890109890110 0.169811320754717 0.614379084967320 0.171428571428571 0.500000000000000 0.542857142857143 0.431578947368421 0.534772182254197 0.484276729559748 0.078947368421053 0.545454545454545 0.512195121951220 0.533333333333333 0.666666666666667
0.478260869565217 0.538461538461538 0.458333333333333 0.397379912663755 0.252747252747253 0.094339622641509 0.359477124183007 0.342857142857143 0.250000000000000 0.485714285714286 0.284210526315789 0.294964028776978 0.477987421383648 0.131578947368421 0.409090909090909 0.463414634146341 0.800000000000000 0.833333333333333
0.282608695652174 0.384615384615385 0.291666666666667 0.065502183406114 0.065934065934066 0.113207547169811 0.248366013071895 0.571428571428571 0.166666666666667 0.371428571428571 0.205263157894737 0.170263788968825 0.396226415094340 0.342105263157895 0.363636363636364 0.195121951219512 0.100000000000000 0.033333333333333
0.326086956521739 0.576923076923077 0.694444444444444 0.323144104803493 0.142857142857143 0.113207547169811 0.411764705882353 0.342857142857143 0.333333333333333 0.485714285714286 0.368421052631579 0.330935251798561 0.559748427672956 0.118421052631579 0.590909090909091 0.390243902439024 0.533333333333333 0.600000000000000
0.739130434782609 0.846153846153846 0.875000000000000 0.275109170305677 0.021978021978022 0.094339622641509 0.915032679738562 0.028571428571429 0.916666666666667 0.771428571428571 0.731578947368421 0.863309352517986 0.817610062893082 0.315789473684211 0.227272727272727 0.731707317073171 0.100000000000000 0.166666666666667
0.673913043478261 0.615384615384615 0.902777777777778 0.458515283842795 0.153846153846154 0.169811320754717 0.620915032679739 0.171428571428571 0.583333333333333 0.557142857142857 0.457894736842105 0.543165467625899 0.371069182389937 0.065789473684211 0.000000000000000 0.463414634146341 0.566666666666667 0.866666666666667
0.347826086956522 0.307692307692308 0.319444444444444 0.131004366812227 0.131868131868132 0.075471698113208 0.071895424836601 0.828571428571429 0.000000000000000 0.271428571428571 0.094736842105263 0.046762589928058 0.257861635220126 0.223684210526316 0.545454545454545 0.073170731707317 0.333333333333333 0.233333333333333
0.369565217391304 0.230769230769231 0.236111111111111 0.043668122270742 0.010989010989011 0.094339622641509 0.150326797385621 0.714285714285714 0.083333333333333 0.300000000000000 0.131578947368421 0.092326139088729 0.264150943396226 0.342105263157895 0.545454545454545 0.195121951219512 0.233333333333333 0.033333333333333
0.543478260869565 0.423076923076923 0.666666666666667 0.314410480349345 0.219780219780220 0.150943396226415 0.300653594771242 0.485714285714286 0.250000000000000 0.442857142857143 0.226315789473684 0.219424460431655 0.283018867924528 0.092105263157895 0.636363636363636 0.219512195121951 0.600000000000000 0.700000000000000
0.630434782608696 0.846153846153846 0.847222222222222 0.475982532751092 0.219780219780220 0.188679245283019 0.718954248366013 0.114285714285714 0.666666666666667 0.842857142857143 0.505263157894737 0.641486810551559 0.654088050314465 0.157894736842105 0.090909090909091 0.512195121951220 0.366666666666667 0.600000000000000
0.282608695652174 0.269230769230769 0.361111111111111 0.152838427947598 0.131868131868132 0.094339622641509 0.065359477124183 0.800000000000000 0.000000000000000 0.300000000000000 0.078947368421053 0.049160671462830 0.213836477987421 0.052631578947368 0.318181818181818 0.268292682926829 0.866666666666667 0.900000000000000
0.608695652173913 0.615384615384615 0.875000000000000 0.471615720524017 0.219780219780220 0.150943396226415 0.581699346405229 0.200000000000000 0.500000000000000 0.542857142857143 0.447368421052632 0.500000000000000 0.408805031446541 0.131578947368421 0.181818181818182 0.268292682926829 0.433333333333333 0.500000000000000
0.782608695652174 0.846153846153846 0.777777777777778 0.379912663755459 0.109890109890110 0.075471698113208 0.843137254901961 0.057142857142857 0.750000000000000 0.742857142857143 0.721052631578947 0.806954436450839 0.836477987421384 0.342105263157895 0.363636363636364 0.219512195121951 0.266666666666667 0.100000000000000
0.413043478260870 0.461538461538462 0.472222222222222 0.362445414847162 0.296703296703297 0.094339622641509 0.294117647058824 0.428571428571429 0.166666666666667 0.357142857142857 0.257894736842105 0.229016786570743 0.465408805031447 0.144736842105263 0.363636363636364 0.146341463414634 0.633333333333333 0.666666666666667
0.326086956521739 0.038461538461538 0.250000000000000 0.157205240174672 0.131868131868132 0.075471698113208 0.098039215686275 0.742857142857143 0.083333333333333 0.171428571428571 0.094736842105263 0.070743405275779 0.025157232704403 0.052631578947368 0.181818181818182 0.243902439024390 0.766666666666667 0.833333333333333
0.434782608695652 0.230769230769231 0.638888888888889 0.331877729257642 0.131868131868132 0.132075471698113 0.359477124183007 0.371428571428571 0.250000000000000 0.228571428571429 0.294736842105263 0.280575539568345 0.125786163522013 0.052631578947368 0.272727272727273 0.414634146341463 0.700000000000000 0.766666666666667
0.500000000000000 0.153846153846154 0.472222222222222 0.362445414847162 0.230769230769231 0.113207547169811 0.307189542483660 0.457142857142857 0.250000000000000 0.228571428571429 0.278947368421053 0.232613908872902 0.157232704402516 0.131578947368421 0.136363636363636 0.390243902439024 0.466666666666667 0.533333333333333
0.326086956521739 0.384615384615385 0.416666666666667 0.318777292576419 0.296703296703297 0.320754716981132 0.261437908496732 0.514285714285714 0.166666666666667 0.357142857142857 0.263157894736842 0.189448441247002 0.371069182389937 0.223684210526316 0.045454545454545 0.219512195121951 0.333333333333333 0.266666666666667
0.326086956521739 0.423076923076923 0.611111111111111 0.135371179039301 0.087912087912088 0.188679245283019 0.281045751633987 0.514285714285714 0.250000000000000 0.571428571428571 0.242105263157895 0.200239808153477 0.345911949685535 0.210526315789474 0.318181818181818 0.268292682926829 0.233333333333333 0.466666666666667
0.413043478260870 0.269230769230769 0.361111111111111 0.030567685589520 0.010989010989011 0.094339622641509 0.176470588235294 0.685714285714286 0.166666666666667 0.314285714285714 0.152631578947368 0.111510791366906 0.245283018867925 0.342105263157895 0.545454545454545 0.463414634146341 0.200000000000000 0.066666666666667
0.326086956521739 0.423076923076923 0.416666666666667 0.205240174672489 0.153846153846154 0.113207547169811 0.202614379084967 0.571428571428571 0.083333333333333 0.357142857142857 0.173684210526316 0.152278177458034 0.402515723270440 0.118421052631579 0.318181818181818 0.195121951219512 0.666666666666667 0.733333333333333
0.456521739130435 0.230769230769231 0.486111111111111 0.349344978165939 0.274725274725275 0.113207547169811 0.281045751633987 0.457142857142857 0.166666666666667 0.214285714285714 0.236842105263158 0.217026378896883 0.226415094339623 0.144736842105263 0.181818181818182 0.121951219512195 0.533333333333333 0.633333333333333
0.739130434782609 0.692307692307692 0.875000000000000 0.340611353711790 0.098901098901099 0.169811320754717 0.660130718954248 0.142857142857143 0.583333333333333 0.628571428571429 0.505263157894737 0.586330935251799 0.679245283018868 0.171052631578947 0.090909090909091 0.097560975609756 0.400000000000000 0.566666666666667
0.282608695652174 0.192307692307692 0.250000000000000 0.065502183406114 0.098901098901099 0.037735849056604 0.039215686274510 0.885714285714286 0.000000000000000 0.157142857142857 0.052631578947368 0.028776978417266 0.270440251572327 0.250000000000000 0.409090909090909 0.048780487804878 0.266666666666667 0.166666666666667
0.130434782608696 0.230769230769231 0.444444444444444 0.100436681222707 0.065934065934066 0.132075471698113 0.196078431372549 0.628571428571429 0.166666666666667 0.242857142857143 0.184210526315789 0.133093525179856 0.220125786163522 0.236842105263158 0.318181818181818 0.512195121951220 0.166666666666667 0.266666666666667
0.369565217391304 0.230769230769231 0.680555555555556 0.336244541484716 0.164835164835165 0.113207547169811 0.411764705882353 0.342857142857143 0.333333333333333 0.200000000000000 0.368421052631579 0.328537170263789 0.283018867924528 0.144736842105263 0.500000000000000 0.365853658536585 0.433333333333333 0.466666666666667
0.282608695652174 0.461538461538462 0.361111111111111 0.096069868995633 0.109890109890110 0.113207547169811 0.235294117647059 0.571428571428571 0.166666666666667 0.385714285714286 0.210526315789474 0.164268585131894 0.484276729559748 0.355263157894737 0.000000000000000 0.170731707317073 0.100000000000000 0.033333333333333
0.869565217391304 0.576923076923077 0.805555555555556 0.454148471615721 0.164835164835165 0.132075471698113 0.594771241830065 0.200000000000000 0.500000000000000 0.471428571428571 0.452631578947368 0.514388489208633 0.465408805031447 0.065789473684211 0.772727272727273 0.707317073170732 0.566666666666667 0.766666666666667
0.304347826086957 0.615384615384615 0.638888888888889 0.375545851528384 0.186813186813187 0.132075471698113 0.424836601307190 0.314285714285714 0.333333333333333 0.500000000000000 0.352631578947368 0.344124700239808 0.628930817610063 0.105263157894737 0.500000000000000 0.170731707317073 0.533333333333333 0.600000000000000
0.760869565217391 0.884615384615385 0.861111111111111 0.620087336244541 0.307692307692308 0.075471698113208 0.830065359477124 0.057142857142857 0.750000000000000 0.700000000000000 0.705263157894737 0.804556354916067 0.748427672955975 0.302631578947368 0.409090909090909 0.317073170731707 0.333333333333333 0.133333333333333
0.282608695652174 0.269230769230769 0.361111111111111 0.148471615720524 0.131868131868132 0.037735849056604 0.163398692810458 0.657142857142857 0.083333333333333 0.214285714285714 0.168421052631579 0.113908872901679 0.264150943396226 0.197368421052632 0.272727272727273 0.341463414634146 0.333333333333333 0.300000000000000
0.260869565217391 0.384615384615385 0.361111111111111 0.074235807860262 0.076923076923077 0.094339622641509 0.248366013071895 0.571428571428571 0.166666666666667 0.414285714285714 0.205263157894737 0.167865707434053 0.415094339622642 0.368421052631579 0.000000000000000 0.121951219512195 0.100000000000000 0.033333333333333
0.608695652173913 0.884615384615385 0.847222222222222 0.554585152838428 0.274725274725275 0.150943396226415 0.686274509803922 0.142857142857143 0.583333333333333 0.757142857142857 0.536842105263158 0.616306954436451 0.672955974842767 0.171052631578947 0.090909090909091 0.146341463414634 0.366666666666667 0.533333333333333
0.695652173913043 0.846153846153846 0.777777777777778 0.336244541484716 0.098901098901099 0.132075471698113 0.699346405228758 0.114285714285714 0.666666666666667 0.814285714285714 0.531578947368421 0.634292565947242 0.672955974842767 0.197368421052632 0.181818181818182 0.121951219512195 0.366666666666667 0.433333333333333
0.326086956521739 0.230769230769231 0.666666666666667 0.393013100436681 0.241758241758242 0.113207547169811 0.366013071895425 0.400000000000000 0.250000000000000 0.214285714285714 0.363157894736842 0.278177458033573 0.264150943396226 0.197368421052632 0.136363636363636 0.536585365853659 0.333333333333333 0.366666666666667
0.869565217391304 0.769230769230769 0.736111111111111 0.406113537117904 0.164835164835165 0.169811320754717 0.679738562091503 0.142857142857143 0.583333333333333 0.671428571428571 0.478947368421053 0.604316546762590 0.547169811320755 0.171052631578947 0.272727272727273 0.609756097560976 0.400000000000000 0.600000000000000
0.347826086956522 0.346153846153846 0.486111111111111 0.157205240174672 0.087912087912088 0.075471698113208 0.215686274509804 0.571428571428571 0.166666666666667 0.300000000000000 0.210526315789474 0.153477218225420 0.358490566037736 0.157894736842105 0.681818181818182 0.634146341463415 0.500000000000000 0.566666666666667
0.543478260869565 0.076923076923077 0.416666666666667 0.340611353711790 0.230769230769231 0.056603773584906 0.281045751633987 0.428571428571429 0.166666666666667 0.085714285714286 0.284210526315789 0.224220623501199 0.050314465408805 0.157894736842105 0.136363636363636 0.536585365853659 0.866666666666667 0.800000000000000
0.608695652173913 0.576923076923077 0.625000000000000 0.379912663755459 0.142857142857143 0.169811320754717 0.411764705882353 0.342857142857143 0.333333333333333 0.500000000000000 0.326315789473684 0.328537170263789 0.490566037735849 0.039473684210526 0.227272727272727 0.536585365853659 0.700000000000000 0.966666666666667
0.760869565217391 0.807692307692308 0.875000000000000 0.471615720524017 0.197802197802198 0.169811320754717 0.627450980392157 0.171428571428571 0.583333333333333 0.628571428571429 0.515789473684211 0.556354916067146 0.823899371069182 0.157894736842105 0.409090909090909 0.000000000000000 0.433333333333333 0.533333333333333
0.391304347826087 0.269230769230769 0.597222222222222 0.270742358078603 0.142857142857143 0.113207547169811 0.313725490196078 0.428571428571429 0.250000000000000 0.214285714285714 0.310526315789474 0.238609112709832 0.289308176100629 0.171052631578947 0.227272727272727 0.170731707317073 0.333333333333333 0.333333333333333
0.282608695652174 0.384615384615385 0.402777777777778 0.082969432314410 0.076923076923077 0.075471698113208 0.248366013071895 0.571428571428571 0.166666666666667 0.371428571428571 0.231578947368421 0.169064748201439 0.427672955974843 0.368421052631579 0.136363636363636 0.170731707317073 0.133333333333333 0.033333333333333
0.521739130434783 0.076923076923077 0.361111111111111 0.205240174672489 0.186813186813187 0.113207547169811 0.104575163398693 0.742857142857143 0.083333333333333 0.157142857142857 0.094736842105263 0.074340527577938 0.018867924528302 0.092105263157895 0.272727272727273 0.048780487804878 0.633333333333333 0.633333333333333
0.695652173913043 0.769230769230769 0.944444444444444 0.445414847161572 0.175824175824176 0.188679245283019 0.718954248366013 0.142857142857143 0.666666666666667 0.714285714285714 0.505263157894737 0.633093525179856 0.578616352201258 0.157894736842105 0.681818181818182 0.853658536585366 0.433333333333333 0.733333333333333
0.456521739130435 0.384615384615385 0.402777777777778 0.248908296943231 0.131868131868132 0.094339622641509 0.261437908496732 0.485714285714286 0.166666666666667 0.357142857142857 0.236842105263158 0.197841726618705 0.490566037735849 0.105263157894737 0.545454545454545 0.268292682926829 0.566666666666667 0.566666666666667
0.500000000000000 0.461538461538462 0.652777777777778 0.283842794759825 0.219780219780220 0.150943396226415 0.274509803921569 0.514285714285714 0.166666666666667 0.442857142857143 0.194736842105263 0.200239808153477 0.408805031446541 0.105263157894737 0.409090909090909 0.195121951219512 0.533333333333333 0.666666666666667
0.347826086956522 0.538461538461538 0.555555555555556 0.117903930131004 0.076923076923077 0.169811320754717 0.313725490196078 0.485714285714286 0.250000000000000 0.642857142857143 0.236842105263158 0.221822541966427 0.408805031446541 0.236842105263158 0.045454545454545 0.170731707317073 0.200000000000000 0.400000000000000
0.673913043478261 0.846153846153846 0.902777777777778 0.489082969432314 0.230769230769231 0.169811320754717 0.607843137254902 0.171428571428571 0.500000000000000 0.728571428571429 0.478947368421053 0.526378896882494 0.672955974842767 0.157894736842105 0.409090909090909 0.439024390243902 0.433333333333333 0.500000000000000
0.782608695652174 0.807692307692308 0.875000000000000 0.506550218340611 0.208791208791209 0.169811320754717 0.666666666666667 0.142857142857143 0.583333333333333 0.700000000000000 0.521052631578947 0.591127098321343 0.647798742138365 0.144736842105263 0.045454545454545 0.560975609756098 0.400000000000000 0.666666666666667
0.782608695652174 0.769230769230769 0.875000000000000 0.462882096069869 0.175824175824176 0.169811320754717 0.699346405228758 0.114285714285714 0.666666666666667 0.771428571428571 0.521052631578947 0.627098321342926 0.647798742138365 0.157894736842105 0.272727272727273 0.073170731707317 0.400000000000000 0.600000000000000
0.565217391304348 0.807692307692308 0.833333333333333 0.414847161572052 0.164835164835165 0.132075471698113 0.575163398692810 0.200000000000000 0.500000000000000 0.685714285714286 0.484210526315789 0.498800959232614 0.830188679245283 0.144736842105263 0.090909090909091 0.170731707317073 0.433333333333333 0.566666666666667
0.413043478260870 0.500000000000000 0.583333333333333 0.288209606986900 0.120879120879121 0.113207547169811 0.346405228758170 0.400000000000000 0.250000000000000 0.442857142857143 0.268421052631579 0.269784172661870 0.345911949685535 0.026315789473684 0.363636363636364 0.268292682926829 0.800000000000000 0.900000000000000
0.239130434782609 0.192307692307692 0.361111111111111 0.148471615720524 0.164835164835165 0.075471698113208 0.091503267973856 0.800000000000000 0.083333333333333 0.200000000000000 0.073684210526316 0.057553956834532 0.188679245283019 0.144736842105263 0.181818181818182 0.170731707317073 0.300000000000000 0.300000000000000
0.260869565217391 0.346153846153846 0.361111111111111 0.069868995633188 0.065934065934066 0.094339622641509 0.241830065359477 0.542857142857143 0.166666666666667 0.385714285714286 0.226315789473684 0.169064748201439 0.339622641509434 0.342105263157895 0.227272727272727 0.097560975609756 0.133333333333333 0.033333333333333
0.347826086956522 0.115384615384615 0.388888888888889 0.161572052401747 0.131868131868132 0.113207547169811 0.176470588235294 0.600000000000000 0.083333333333333 0.171428571428571 0.189473684210526 0.128297362110312 0.113207547169811 0.184210526315789 0.318181818181818 0.024390243902439 0.433333333333333 0.500000000000000
0.760869565217391 0.769230769230769 0.888888888888889 0.336244541484716 0.098901098901099 0.169811320754717 0.705882352941177 0.142857142857143 0.666666666666667 0.700000000000000 0.505263157894737 0.633093525179856 0.660377358490566 0.171052631578947 0.681818181818182 0.439024390243902 0.433333333333333 0.600000000000000
0.673913043478261 0.807692307692308 0.847222222222222 0.406113537117904 0.186813186813187 0.169811320754717 0.660130718954248 0.142857142857143 0.583333333333333 0.771428571428571 0.463157894736842 0.581534772182254 0.710691823899371 0.197368421052632 0.636363636363636 0.097560975609756 0.366666666666667 0.500000000000000
0.586956521739130 0.692307692307692 0.680555555555556 0.414847161572052 0.197802197802198 0.075471698113208 0.581699346405229 0.171428571428571 0.500000000000000 0.585714285714286 0.468421052631579 0.525179856115108 0.603773584905660 0.197368421052632 0.272727272727273 0.170731707317073 0.566666666666667 0.400000000000000
0.260869565217391 0.076923076923077 0.333333333333333 0.109170305676856 0.109890109890110 0.075471698113208 0.026143790849673 0.885714285714286 0.000000000000000 0.100000000000000 0.042105263157895 0.019184652278177 0.088050314465409 0.078947368421053 0.045454545454545 0.560975609756098 0.666666666666667 0.733333333333333
0.543478260869565 0.846153846153846 0.944444444444444 0.279475982532751 0.065934065934066 0.169811320754717 0.732026143790850 0.114285714285714 0.666666666666667 0.857142857142857 0.531578947368421 0.663069544364508 0.679245283018868 0.184210526315789 0.363636363636364 0.731707317073171 0.366666666666667 0.566666666666667
0.239130434782609 0.192307692307692 0.472222222222222 0.148471615720524 0.109890109890110 0.113207547169811 0.176470588235294 0.657142857142857 0.083333333333333 0.128571428571429 0.157894736842105 0.117505995203837 0.113207547169811 0.171052631578947 0.409090909090909 0.487804878048780 0.233333333333333 0.333333333333333
0.347826086956522 0.192307692307692 0.527777777777778 0.213973799126638 0.153846153846154 0.094339622641509 0.222222222222222 0.571428571428571 0.166666666666667 0.128571428571429 0.189473684210526 0.155875299760192 0.207547169811321 0.131578947368421 0.000000000000000 0.219512195121951 0.366666666666667 0.433333333333333
0.673913043478261 0.846153846153846 0.902777777777778 0.519650655021834 0.252747252747253 0.150943396226415 0.725490196078431 0.114285714285714 0.666666666666667 0.842857142857143 0.563157894736842 0.663069544364508 0.685534591194969 0.210526315789474 0.636363636363636 0.268292682926829 0.400000000000000 0.500000000000000
0.239130434782609 0.423076923076923 0.347222222222222 0.104803493449782 0.087912087912088 0.113207547169811 0.248366013071895 0.571428571428571 0.166666666666667 0.428571428571429 0.205263157894737 0.169064748201439 0.421383647798742 0.302631578947368 0.045454545454545 0.268292682926829 0.100000000000000 0.066666666666667
0.152173913043478 0.115384615384615 0.402777777777778 0.100436681222707 0.098901098901099 0.094339622641509 0.104575163398693 0.771428571428571 0.083333333333333 0.085714285714286 0.089473684210526 0.067146282973621 0.150943396226415 0.144736842105263 0.090909090909091 0.512195121951220 0.233333333333333 0.333333333333333
0.130434782608696 0.384615384615385 0.444444444444444 0.161572052401747 0.164835164835165 0.113207547169811 0.267973856209150 0.514285714285714 0.166666666666667 0.371428571428571 0.236842105263158 0.191846522781775 0.408805031446541 0.250000000000000 0.000000000000000 0.195121951219512 0.200000000000000 0.233333333333333
0.347826086956522 0.384615384615385 0.513888888888889 0.187772925764192 0.076923076923077 0.113207547169811 0.209150326797386 0.571428571428571 0.166666666666667 0.400000000000000 0.173684210526316 0.148681055155875 0.408805031446541 0.065789473684211 0.590909090909091 0.121951219512195 0.600000000000000 0.666666666666667
0.217391304347826 0.269230769230769 0.263888888888889 0.052401746724891 0.065934065934066 0.094339622641509 0.130718954248366 0.742857142857143 0.083333333333333 0.271428571428571 0.078947368421053 0.079136690647482 0.301886792452830 0.328947368421053 0.545454545454545 0.146341463414634 0.033333333333333 0.066666666666667
0.347826086956522 0.653846153846154 0.597222222222222 0.397379912663755 0.197802197802198 0.075471698113208 0.431372549019608 0.314285714285714 0.333333333333333 0.542857142857143 0.405263157894737 0.356115107913669 0.635220125786163 0.157894736842105 0.045454545454545 0.146341463414634 0.433333333333333 0.433333333333333
0.369565217391304 0.269230769230769 0.597222222222222 0.323144104803493 0.153846153846154 0.113207547169811 0.431372549019608 0.314285714285714 0.333333333333333 0.200000000000000 0.363157894736842 0.345323741007194 0.301886792452830 0.157894736842105 0.045454545454545 0.341463414634146 0.366666666666667 0.400000000000000
0.326086956521739 0.346153846153846 0.361111111111111 0.126637554585153 0.109890109890110 0.075471698113208 0.071895424836601 0.800000000000000 0.000000000000000 0.371428571428571 0.089473684210526 0.051558752997602 0.320754716981132 0.092105263157895 0.363636363636364 0.097560975609756 0.566666666666667 0.566666666666667
0.500000000000000 0.384615384615385 0.583333333333333 0.248908296943231 0.087912087912088 0.056603773584906 0.483660130718954 0.228571428571429 0.416666666666667 0.328571428571429 0.447368421052632 0.419664268585132 0.333333333333333 0.210526315789474 0.000000000000000 0.146341463414634 0.633333333333333 0.500000000000000
0.434782608695652 0.230769230769231 0.319444444444444 0.183406113537118 0.120879120879121 0.094339622641509 0.104575163398693 0.742857142857143 0.083333333333333 0.228571428571429 0.100000000000000 0.074340527577938 0.308176100628931 0.052631578947368 0.409090909090909 0.170731707317073 0.733333333333333 0.766666666666667
0.543478260869565 0.500000000000000 0.513888888888889 0.414847161572052 0.263736263736264 0.094339622641509 0.352941176470588 0.371428571428571 0.250000000000000 0.457142857142857 0.284210526315789 0.285371702637890 0.446540880503145 0.131578947368421 0.590909090909091 0.219512195121951 0.800000000000000 0.733333333333333
0.434782608695652 0.230769230769231 0.527777777777778 0.262008733624454 0.208791208791209 0.113207547169811 0.176470588235294 0.628571428571429 0.083333333333333 0.314285714285714 0.142105263157895 0.127098321342926 0.106918238993711 0.065789473684211 0.181818181818182 0.170731707317073 0.833333333333333 0.900000000000000
0.586956521739130 0.692307692307692 0.958333333333333 0.554585152838428 0.252747252747253 0.169811320754717 0.705882352941177 0.114285714285714 0.666666666666667 0.642857142857143 0.568421052631579 0.645083932853717 0.610062893081761 0.184210526315789 0.500000000000000 0.463414634146341 0.433333333333333 0.566666666666667
0.369565217391304 0.115384615384615 0.625000000000000 0.349344978165939 0.186813186813187 0.075471698113208 0.313725490196078 0.428571428571429 0.250000000000000 0.100000000000000 0.300000000000000 0.241007194244604 0.188679245283019 0.092105263157895 0.409090909090909 0.756097560975610 0.633333333333333 0.733333333333333
0.326086956521739 0.269230769230769 0.541666666666667 0.344978165938865 0.164835164835165 0.094339622641509 0.418300653594771 0.342857142857143 0.333333333333333 0.285714285714286 0.368421052631579 0.333333333333333 0.257861635220126 0.092105263157895 0.000000000000000 0.707317073170732 0.433333333333333 0.600000000000000
0.521739130434783 0.769230769230769 0.902777777777778 0.528384279475983 0.263736263736264 0.188679245283019 0.712418300653595 0.114285714285714 0.666666666666667 0.700000000000000 0.505263157894737 0.634292565947242 0.584905660377358 0.144736842105263 0.136363636363636 0.487804878048780 0.333333333333333 0.633333333333333
0.239130434782609 0.153846153846154 0.416666666666667 0.200873362445415 0.153846153846154 0.094339622641509 0.163398692810458 0.657142857142857 0.083333333333333 0.314285714285714 0.136842105263158 0.112709832134293 0.075471698113208 0.065789473684211 0.000000000000000 0.560975609756098 0.666666666666667 0.800000000000000
0.282608695652174 0.230769230769231 0.305555555555556 0.109170305676856 0.131868131868132 0.075471698113208 0.026143790849673 0.885714285714286 0.000000000000000 0.242857142857143 0.036842105263158 0.022781774580336 0.226415094339623 0.065789473684211 0.318181818181818 0.219512195121951 0.766666666666667 0.766666666666667
0.260869565217391 0.192307692307692 0.444444444444444 0.113537117903930 0.065934065934066 0.132075471698113 0.143790849673203 0.714285714285714 0.083333333333333 0.200000000000000 0.078947368421053 0.092326139088729 0.088050314465409 0.078947368421053 0.045454545454545 0.585365853658537 0.400000000000000 0.566666666666667
0.304347826086957 0.346153846153846 0.277777777777778 0.052401746724891 0.043956043956044 0.075471698113208 0.248366013071895 0.571428571428571 0.166666666666667 0.328571428571429 0.205263157894737 0.167865707434053 0.389937106918239 0.342105263157895 0.090909090909091 0.341463414634146 0.066666666666667 0.033333333333333
0.652173913043478 0.884615384615385 0.902777777777778 0.344978165938865 0.131868131868132 0.150943396226415 0.640522875816993 0.171428571428571 0.583333333333333 0.785714285714286 0.457894736842105 0.556354916067146 0.685534591194969 0.171052631578947 0.590909090909091 0.536585365853659 0.400000000000000 0.500000000000000
0.369565217391304 0.615384615384615 0.625000000000000 0.161572052401747 0.109890109890110 0.169811320754717 0.307189542483660 0.485714285714286 0.250000000000000 0.700000000000000 0.226315789473684 0.217026378896883 0.484276729559748 0.210526315789474 0.045454545454545 0.268292682926829 0.200000000000000 0.366666666666667
0.152173913043478 0.038461538461538 0.027777777777778 0.026200873362445 0.109890109890110 0.018867924528302 0.013071895424837 0.942857142857143 0.000000000000000 0.014285714285714 0.005263157894737 0.008393285371703 0.075471698113208 0.368421052631579 0.181818181818182 0.170731707317073 0.100000000000000 0.066666666666667
0.413043478260870 0.153846153846154 0.486111111111111 0.379912663755459 0.263736263736264 0.075471698113208 0.320261437908497 0.400000000000000 0.250000000000000 0.142857142857143 0.263157894736842 0.250599520383693 0.163522012578616 0.131578947368421 0.045454545454545 0.341463414634146 0.633333333333333 0.700000000000000
0.260869565217391 0.000000000000000 0.138888888888889 0.000000000000000 0.065934065934066 0.037735849056604 0.019607843137255 0.942857142857143 0.000000000000000 0.000000000000000 0.031578947368421 0.010791366906475 0.113207547169811 0.315789473684211 0.045454545454545 0.731707317073171 0.100000000000000 0.133333333333333
0.326086956521739 0.038461538461538 0.402777777777778 0.209606986899563 0.109890109890110 0.056603773584906 0.169934640522876 0.628571428571429 0.083333333333333 0.057142857142857 0.147368421052632 0.119904076738609 0.069182389937107 0.039473684210526 0.409090909090909 0.707317073170732 0.933333333333333 0.966666666666667
0.413043478260870 0.346153846153846 0.402777777777778 0.213973799126638 0.120879120879121 0.113207547169811 0.183006535947712 0.628571428571429 0.083333333333333 0.285714285714286 0.184210526315789 0.127098321342926 0.264150943396226 0.065789473684211 0.454545454545455 0.512195121951220 0.766666666666667 0.833333333333333
0.217391304347826 0.153846153846154 0.125000000000000 0.034934497816594 0.087912087912088 0.056603773584906 0.065359477124183 0.828571428571429 0.000000000000000 0.142857142857143 0.073684210526316 0.041966426858513 0.232704402515723 0.342105263157895 0.363636363636364 0.390243902439024 0.133333333333333 0.100000000000000
0.543478260869565 0.230769230769231 0.388888888888889 0.139737991266376 0.098901098901099 0.113207547169811 0.124183006535948 0.742857142857143 0.083333333333333 0.371428571428571 0.152631578947368 0.080335731414868 0.157232704402516 0.171052631578947 0.181818181818182 0.243902439024390 0.333333333333333 0.200000000000000
0.521739130434783 0.846153846153846 0.777777777777778 0.288209606986900 0.076923076923077 0.150943396226415 0.679738562091503 0.142857142857143 0.583333333333333 0.785714285714286 0.468421052631579 0.600719424460432 0.685534591194969 0.210526315789474 0.000000000000000 0.097560975609756 0.266666666666667 0.400000000000000
0.760869565217391 0.884615384615385 0.875000000000000 0.567685589519651 0.285714285714286 0.150943396226415 0.712418300653595 0.114285714285714 0.666666666666667 0.800000000000000 0.536842105263158 0.640287769784173 0.660377358490566 0.184210526315789 0.363636363636364 0.073170731707317 0.366666666666667 0.533333333333333
0.369565217391304 0.576923076923077 0.569444444444444 0.174672489082969 0.142857142857143 0.132075471698113 0.248366013071895 0.514285714285714 0.166666666666667 0.542857142857143 0.226315789473684 0.178657074340528 0.572327044025157 0.210526315789474 0.090909090909091 0.000000000000000 0.300000000000000 0.466666666666667
0.500000000000000 0.269230769230769 0.833333333333333 0.323144104803493 0.120879120879121 0.113207547169811 0.450980392156863 0.314285714285714 0.333333333333333 0.228571428571429 0.394736842105263 0.362110311750600 0.320754716981132 0.118421052631579 0.227272727272727 0.829268292682927 0.533333333333333 0.700000000000000
0.717391304347826 0.730769230769231 0.944444444444444 0.449781659388646 0.186813186813187 0.188679245283019 0.712418300653595 0.142857142857143 0.666666666666667 0.714285714285714 0.521052631578947 0.629496402877698 0.572327044025157 0.184210526315789 1.000000000000000 0.926829268292683 0.466666666666667 0.800000000000000
0.239130434782609 0.115384615384615 0.486111111111111 0.139737991266376 0.087912087912088 0.075471698113208 0.183006535947712 0.628571428571429 0.083333333333333 0.100000000000000 0.189473684210526 0.127098321342926 0.182389937106918 0.157894736842105 0.181818181818182 0.878048780487805 0.433333333333333 0.466666666666667
0.673913043478261 0.769230769230769 0.847222222222222 0.375545851528384 0.175824175824176 0.150943396226415 0.660130718954248 0.171428571428571 0.583333333333333 0.685714285714286 0.463157894736842 0.575539568345324 0.584905660377358 0.197368421052632 0.590909090909091 0.512195121951220 0.400000000000000 0.566666666666667
0.217391304347826 0.423076923076923 0.416666666666667 0.270742358078603 0.241758241758242 0.056603773584906 0.202614379084967 0.571428571428571 0.083333333333333 0.357142857142857 0.189473684210526 0.146282973621103 0.383647798742138 0.131578947368421 0.318181818181818 0.146341463414634 0.400000000000000 0.400000000000000
0.326086956521739 0.423076923076923 0.430555555555556 0.266375545851528 0.252747252747253 0.094339622641509 0.209150326797386 0.571428571428571 0.166666666666667 0.328571428571429 0.194736842105263 0.153477218225420 0.396226415094340 0.157894736842105 0.181818181818182 0.097560975609756 0.400000000000000 0.400000000000000
0.543478260869565 0.692307692307692 0.611111111111111 0.449781659388646 0.274725274725275 0.094339622641509 0.470588235294118 0.257142857142857 0.333333333333333 0.614285714285714 0.363157894736842 0.402877697841727 0.559748427672956 0.171052631578947 0.409090909090909 0.268292682926829 0.666666666666667 0.600000000000000
0.369565217391304 0.346153846153846 0.319444444444444 0.174672489082969 0.131868131868132 0.094339622641509 0.124183006535948 0.685714285714286 0.083333333333333 0.342857142857143 0.126315789473684 0.089928057553957 0.333333333333333 0.078947368421053 0.681818181818182 0.073170731707317 0.700000000000000 0.766666666666667
0.282608695652174 0.269230769230769 0.319444444444444 0.135371179039301 0.098901098901099 0.056603773584906 0.137254901960784 0.685714285714286 0.083333333333333 0.242857142857143 0.115789473684211 0.093525179856115 0.358490566037736 0.144736842105263 0.409090909090909 0.048780487804878 0.366666666666667 0.333333333333333
0.652173913043478 0.615384615384615 0.930555555555556 0.327510917030568 0.076923076923077 0.188679245283019 0.627450980392157 0.171428571428571 0.583333333333333 0.585714285714286 0.442105263157895 0.551558752997602 0.465408805031447 0.092105263157895 0.045454545454545 0.292682926829268 0.500000000000000 0.633333333333333
0.282608695652174 0.423076923076923 0.416666666666667 0.157205240174672 0.186813186813187 0.075471698113208 0.235294117647059 0.542857142857143 0.166666666666667 0.385714285714286 0.210526315789474 0.165467625899281 0.477987421383648 0.302631578947368 0.454545454545455 0.024390243902439 0.166666666666667 0.066666666666667
0.630434782608696 0.730769230769231 0.847222222222222 0.475982532751092 0.186813186813187 0.150943396226415 0.594771241830065 0.200000000000000 0.500000000000000 0.557142857142857 0.442105263157895 0.517985611510791 0.484276729559748 0.078947368421053 0.000000000000000 0.463414634146341 0.566666666666667 0.733333333333333
0.173913043478261 0.192307692307692 0.180555555555556 0.082969432314410 0.120879120879121 0.075471698113208 0.143790849673203 0.714285714285714 0.083333333333333 0.142857142857143 0.089473684210526 0.089928057553957 0.245283018867925 0.315789473684211 0.454545454545455 0.146341463414634 0.033333333333333 0.100000000000000
0.521739130434783 0.307692307692308 0.305555555555556 0.126637554585153 0.098901098901099 0.094339622641509 0.117647058823529 0.742857142857143 0.083333333333333 0.357142857142857 0.147368421052632 0.075539568345324 0.301886792452830 0.250000000000000 0.227272727272727 0.170731707317073 0.266666666666667 0.166666666666667
0.500000000000000 0.307692307692308 0.402777777777778 0.213973799126638 0.098901098901099 0.094339622641509 0.189542483660131 0.600000000000000 0.083333333333333 0.328571428571429 0.168421052631579 0.135491606714628 0.377358490566038 0.026315789473684 0.500000000000000 0.195121951219512 0.866666666666667 0.933333333333333
0.282608695652174 0.423076923076923 0.347222222222222 0.109170305676856 0.098901098901099 0.075471698113208 0.261437908496732 0.542857142857143 0.166666666666667 0.457142857142857 0.200000000000000 0.176258992805755 0.427672955974843 0.315789473684211 0.181818181818182 0.317073170731707 0.066666666666667 0.066666666666667
0.521739130434783 0.615384615384615 0.500000000000000 0.432314410480349 0.285714285714286 0.094339622641509 0.431372549019608 0.285714285714286 0.333333333333333 0.557142857142857 0.336842105263158 0.363309352517986 0.484276729559748 0.171052631578947 0.000000000000000 0.170731707317073 0.700000000000000 0.633333333333333
0.760869565217391 0.846153846153846 0.902777777777778 0.550218340611354 0.230769230769231 0.169811320754717 0.692810457516340 0.114285714285714 0.583333333333333 0.757142857142857 0.515789473684211 0.629496402877698 0.635220125786163 0.131578947368421 0.636363636363636 0.097560975609756 0.466666666666667 0.533333333333333
0.391304347826087 0.730769230769231 0.805555555555556 0.401746724890830 0.164835164835165 0.132075471698113 0.529411764705882 0.228571428571429 0.416666666666667 0.614285714285714 0.452631578947368 0.453237410071942 0.849056603773585 0.131578947368421 0.136363636363636 0.024390243902439 0.466666666666667 0.600000000000000
0.239130434782609 0.384615384615385 0.500000000000000 0.331877729257642 0.307692307692308 0.094339622641509 0.281045751633987 0.485714285714286 0.166666666666667 0.357142857142857 0.263157894736842 0.209832134292566 0.402515723270440 0.236842105263158 0.227272727272727 0.292682926829268 0.300000000000000 0.300000000000000
0.478260869565217 0.500000000000000 0.888888888888889 0.454148471615721 0.208791208791209 0.132075471698113 0.516339869281046 0.257142857142857 0.416666666666667 0.428571428571429 0.421052631578947 0.430455635491607 0.377358490566038 0.118421052631579 0.000000000000000 0.682926829268293 0.466666666666667 0.633333333333333
0.478260869565217 0.384615384615385 0.597222222222222 0.410480349344978 0.241758241758242 0.075471698113208 0.424836601307190 0.285714285714286 0.333333333333333 0.300000000000000 0.310526315789474 0.359712230215827 0.339622641509434 0.118421052631579 0.272727272727273 0.097560975609756 0.666666666666667 0.566666666666667
0.500000000000000 0.500000000000000 0.666666666666667 0.244541484716157 0.186813186813187 0.132075471698113 0.254901960784314 0.514285714285714 0.166666666666667 0.428571428571429 0.226315789473684 0.185851318944844 0.459119496855346 0.144736842105263 0.681818181818182 0.268292682926829 0.533333333333333 0.600000000000000
0.282608695652174 0.423076923076923 0.513888888888889 0.222707423580786 0.142857142857143 0.094339622641509 0.261437908496732 0.514285714285714 0.166666666666667 0.328571428571429 0.231578947368421 0.193045563549161 0.327044025157233 0.171052631578947 0.409090909090909 0.000000000000000 0.366666666666667 0.366666666666667
0.369565217391304 0.192307692307692 0.541666666666667 0.353711790393013 0.241758241758242 0.075471698113208 0.313725490196078 0.400000000000000 0.250000000000000 0.171428571428571 0.252631578947368 0.250599520383693 0.150943396226415 0.092105263157895 0.090909090909091 0.341463414634146 0.733333333333333 0.800000000000000
0.260869565217391 0.192307692307692 0.486111111111111 0.122270742358079 0.076923076923077 0.094339622641509 0.228758169934641 0.571428571428571 0.166666666666667 0.185714285714286 0.215789473684211 0.160671462829736 0.226415094339623 0.210526315789474 0.318181818181818 0.609756097560976 0.233333333333333 0.233333333333333
0.695652173913043 0.769230769230769 0.902777777777778 0.349344978165939 0.109890109890110 0.169811320754717 0.647058823529412 0.142857142857143 0.583333333333333 0.714285714285714 0.494736842105263 0.571942446043165 0.685534591194969 0.157894736842105 0.000000000000000 0.365853658536585 0.333333333333333 0.533333333333333
0.347826086956522 0.192307692307692 0.513888888888889 0.248908296943231 0.164835164835165 0.094339622641509 0.241830065359477 0.542857142857143 0.166666666666667 0.157142857142857 0.231578947368421 0.171462829736211 0.276729559748428 0.157894736842105 0.272727272727273 0.512195121951220 0.400000000000000 0.400000000000000
0.543478260869565 0.846153846153846 0.888888888888889 0.475982532751092 0.219780219780220 0.132075471698113 0.614379084967320 0.171428571428571 0.500000000000000 0.700000000000000 0.489473684210526 0.533573141486811 0.698113207547170 0.171052631578947 0.227272727272727 0.463414634146341 0.366666666666667 0.500000000000000
0.260869565217391 0.269230769230769 0.361111111111111 0.139737991266376 0.120879120879121 0.075471698113208 0.196078431372549 0.628571428571429 0.166666666666667 0.271428571428571 0.178947368421053 0.133093525179856 0.345911949685535 0.236842105263158 0.090909090909091 0.536585365853659 0.200000000000000 0.166666666666667
0.521739130434783 0.153846153846154 0.527777777777778 0.336244541484716 0.164835164835165 0.113207547169811 0.320261437908497 0.428571428571429 0.250000000000000 0.185714285714286 0.273684210526316 0.245803357314149 0.050314465408805 0.039473684210526 0.090909090909091 0.682926829268293 0.900000000000000 1.000000000000000
0.521739130434783 0.307692307692308 0.722222222222222 0.406113537117904 0.175824175824176 0.150943396226415 0.437908496732026 0.314285714285714 0.333333333333333 0.314285714285714 0.352631578947368 0.356115107913669 0.169811320754717 0.052631578947368 0.181818181818182 0.073170731707317 0.700000000000000 0.766666666666667
0.586956521739130 0.538461538461538 0.666666666666667 0.375545851528384 0.142857142857143 0.150943396226415 0.385620915032680 0.342857142857143 0.333333333333333 0.528571428571429 0.294736842105263 0.306954436450839 0.377358490566038 0.000000000000000 0.681818181818182 0.439024390243902 0.833333333333333 0.966666666666667
0.282608695652174 0.076923076923077 0.055555555555556 0.026200873362445 0.076923076923077 0.000000000000000 0.045751633986928 0.885714285714286 0.000000000000000 0.042857142857143 0.047368421052632 0.028776978417266 0.176100628930818 0.407894736842105 0.272727272727273 0.024390243902439 0.133333333333333 0.066666666666667
0.239130434782609 0.346153846153846 0.500000000000000 0.227074235807860 0.186813186813187 0.094339622641509 0.254901960784314 0.514285714285714 0.166666666666667 0.357142857142857 0.257894736842105 0.185851318944844 0.301886792452830 0.210526315789474 0.000000000000000 0.487804878048780 0.366666666666667 0.400000000000000
0.347826086956522 0.461538461538462 0.625000000000000 0.196506550218341 0.131868131868132 0.169811320754717 0.300653594771242 0.485714285714286 0.250000000000000 0.571428571428571 0.247368421052632 0.213429256594724 0.402515723270440 0.210526315789474 0.545454545454545 0.390243902439024 0.233333333333333 0.400000000000000
0.391304347826087 0.230769230769231 0.513888888888889 0.213973799126638 0.131868131868132 0.113207547169811 0.176470588235294 0.628571428571429 0.083333333333333 0.300000000000000 0.152631578947368 0.125899280575540 0.088050314465409 0.039473684210526 0.363636363636364 0.414634146341463 0.833333333333333 0.933333333333333
0.500000000000000 0.653846153846154 0.750000000000000 0.484716157205240 0.219780219780220 0.132075471698113 0.490196078431373 0.257142857142857 0.416666666666667 0.571428571428571 0.442105263157895 0.408872901678657 0.660377358490566 0.105263157894737 0.363636363636364 0.146341463414634 0.566666666666667 0.666666666666667
0.326086956521739 0.076923076923077 0.277777777777778 0.170305676855895 0.131868131868132 0.094339622641509 0.104575163398693 0.742857142857143 0.083333333333333 0.157142857142857 0.089473684210526 0.074340527577938 0.000000000000000 0.039473684210526 0.045454545454545 0.146341463414634 0.866666666666667 0.933333333333333
0.804347826086957 0.500000000000000 0.833333333333333 0.406113537117904 0.153846153846154 0.132075471698113 0.529411764705882 0.228571428571429 0.416666666666667 0.442857142857143 0.415789473684211 0.452038369304556 0.320754716981132 0.078947368421053 0.500000000000000 0.170731707317073 0.600000000000000 0.733333333333333
0.304347826086957 0.307692307692308 0.361111111111111 0.157205240174672 0.120879120879121 0.075471698113208 0.235294117647059 0.571428571428571 0.166666666666667 0.257142857142857 0.178947368421053 0.160671462829736 0.433962264150943 0.263157894736842 0.863636363636364 0.048780487804878 0.166666666666667 0.133333333333333
0.347826086956522 0.538461538461538 0.597222222222222 0.283842794759825 0.153846153846154 0.113207547169811 0.339869281045752 0.400000000000000 0.250000000000000 0.457142857142857 0.310526315789474 0.261390887290168 0.509433962264151 0.171052631578947 0.318181818181818 0.243902439024390 0.366666666666667 0.400000000000000
0.369565217391304 0.384615384615385 0.444444444444444 0.231441048034935 0.186813186813187 0.113207547169811 0.156862745098039 0.657142857142857 0.083333333333333 0.385714285714286 0.147368421052632 0.113908872901679 0.364779874213836 0.065789473684211 0.181818181818182 0.146341463414634 0.833333333333333 0.933333333333333
0.369565217391304 0.538461538461538 0.625000000000000 0.248908296943231 0.186813186813187 0.150943396226415 0.333333333333333 0.457142857142857 0.250000000000000 0.600000000000000 0.247368421052632 0.245803357314149 0.477987421383648 0.184210526315789 0.409090909090909 0.000000000000000 0.300000000000000 0.466666666666667
0.630434782608696 0.384615384615385 0.777777777777778 0.406113537117904 0.175824175824176 0.150943396226415 0.477124183006536 0.285714285714286 0.416666666666667 0.342857142857143 0.378947368421053 0.394484412470024 0.188679245283019 0.078947368421053 0.363636363636364 0.292682926829268 0.633333333333333 0.766666666666667
0.804347826086957 0.769230769230769 0.888888888888889 0.519650655021834 0.208791208791209 0.150943396226415 0.647058823529412 0.171428571428571 0.583333333333333 0.657142857142857 0.489473684210526 0.569544364508393 0.635220125786163 0.105263157894737 0.227272727272727 0.390243902439024 0.466666666666667 0.733333333333333
0.456521739130435 0.500000000000000 0.708333333333333 0.310043668122271 0.252747252747253 0.188679245283019 0.294117647058824 0.485714285714286 0.250000000000000 0.528571428571429 0.221052631578947 0.208633093525180 0.522012578616352 0.131578947368421 0.681818181818182 0.512195121951220 0.466666666666667 0.633333333333333
0.260869565217391 0.423076923076923 0.361111111111111 0.091703056768559 0.120879120879121 0.075471698113208 0.235294117647059 0.542857142857143 0.166666666666667 0.385714285714286 0.210526315789474 0.166666666666667 0.477987421383648 0.328947368421053 0.363636363636364 0.024390243902439 0.133333333333333 0.066666666666667
0.478260869565217 0.692307692307692 0.777777777777778 0.401746724890830 0.175824175824176 0.132075471698113 0.509803921568627 0.257142857142857 0.416666666666667 0.614285714285714 0.410526315789474 0.430455635491607 0.792452830188679 0.118421052631579 0.590909090909091 0.000000000000000 0.500000000000000 0.566666666666667
0.652173913043478 0.307692307692308 0.597222222222222 0.393013100436681 0.175824175824176 0.132075471698113 0.411764705882353 0.342857142857143 0.333333333333333 0.342857142857143 0.363157894736842 0.324940047961631 0.182389937106918 0.078947368421053 0.318181818181818 0.731707317073171 0.700000000000000 0.833333333333333
0.521739130434783 0.538461538461538 0.666666666666667 0.344978165938865 0.142857142857143 0.094339622641509 0.555555555555556 0.200000000000000 0.500000000000000 0.428571428571429 0.442105263157895 0.494004796163070 0.578616352201258 0.197368421052632 0.363636363636364 0.000000000000000 0.533333333333333 0.333333333333333
0.391304347826087 0.076923076923077 0.361111111111111 0.240174672489083 0.131868131868132 0.094339622641509 0.228758169934641 0.542857142857143 0.166666666666667 0.185714285714286 0.205263157894737 0.165467625899281 0.088050314465409 0.065789473684211 0.045454545454545 0.024390243902439 0.700000000000000 0.733333333333333
0.413043478260870 0.153846153846154 0.555555555555556 0.331877729257642 0.219780219780220 0.113207547169811 0.274509803921569 0.485714285714286 0.166666666666667 0.157142857142857 0.263157894736842 0.202637889688249 0.220125786163522 0.131578947368421 0.272727272727273 0.219512195121951 0.466666666666667 0.466666666666667
0.586956521739130 0.961538461538462 0.958333333333333 0.550218340611354 0.252747252747253 0.169811320754717 0.745098039215686 0.114285714285714 0.666666666666667 0.914285714285714 0.547368421052632 0.681055155875300 0.616352201257862 0.171052631578947 0.000000000000000 0.317073170731707 0.366666666666667 0.566666666666667
0.195652173913043 0.384615384615385 0.458333333333333 0.235807860262009 0.230769230769231 0.094339622641509 0.254901960784314 0.514285714285714 0.166666666666667 0.385714285714286 0.268421052631579 0.183453237410072 0.402515723270440 0.276315789473684 0.090909090909091 0.414634146341463 0.233333333333333 0.233333333333333
0.695652173913043 0.692307692307692 0.555555555555556 0.449781659388646 0.263736263736264 0.075471698113208 0.542483660130719 0.200000000000000 0.416666666666667 0.585714285714286 0.442105263157895 0.473621103117506 0.496855345911950 0.210526315789474 0.272727272727273 0.487804878048780 0.600000000000000 0.433333333333333
0.282608695652174 0.461538461538462 0.416666666666667 0.078602620087336 0.098901098901099 0.094339622641509 0.235294117647059 0.542857142857143 0.166666666666667 0.371428571428571 0.210526315789474 0.167865707434053 0.484276729559748 0.328947368421053 0.409090909090909 0.121951219512195 0.133333333333333 0.066666666666667
0.347826086956522 0.307692307692308 0.500000000000000 0.344978165938865 0.285714285714286 0.094339622641509 0.294117647058824 0.457142857142857 0.166666666666667 0.257142857142857 0.268421052631579 0.226618705035971 0.276729559748428 0.197368421052632 0.363636363636364 0.292682926829268 0.500000000000000 0.466666666666667
0.478260869565217 0.500000000000000 0.500000000000000 0.253275109170306 0.208791208791209 0.169811320754717 0.326797385620915 0.457142857142857 0.250000000000000 0.528571428571429 0.236842105263158 0.236211031175060 0.396226415094340 0.197368421052632 0.363636363636364 0.097560975609756 0.266666666666667 0.400000000000000
0.500000000000000 0.500000000000000 0.416666666666667 0.393013100436681 0.252747252747253 0.075471698113208 0.359477124183007 0.371428571428571 0.250000000000000 0.428571428571429 0.278947368421053 0.291366906474820 0.389937106918239 0.131578947368421 0.772727272727273 0.243902439024390 0.800000000000000 0.733333333333333
0.369565217391304 0.500000000000000 0.458333333333333 0.144104803493450 0.120879120879121 0.169811320754717 0.320261437908497 0.485714285714286 0.250000000000000 0.571428571428571 0.210526315789474 0.226618705035971 0.484276729559748 0.223684210526316 0.000000000000000 0.219512195121951 0.200000000000000 0.400000000000000
0.804347826086957 0.884615384615385 0.958333333333333 0.414847161572052 0.109890109890110 0.056603773584906 0.908496732026144 0.028571428571429 0.833333333333333 0.728571428571429 0.747368421052632 0.892086330935252 1.000000000000000 0.302631578947368 0.500000000000000 0.243902439024390 0.233333333333333 0.066666666666667
0.565217391304348 0.192307692307692 0.472222222222222 0.349344978165939 0.208791208791209 0.075471698113208 0.339869281045752 0.371428571428571 0.250000000000000 0.185714285714286 0.331578947368421 0.275779376498801 0.176100628930818 0.157894736842105 0.090909090909091 0.536585365853659 0.800000000000000 0.700000000000000
0.260869565217391 0.346153846153846 0.361111111111111 0.069868995633188 0.065934065934066 0.094339622641509 0.241830065359477 0.571428571428571 0.166666666666667 0.357142857142857 0.205263157894737 0.164268585131894 0.320754716981132 0.342105263157895 0.454545454545455 0.170731707317073 0.133333333333333 0.033333333333333
0.326086956521739 0.269230769230769 0.402777777777778 0.183406113537118 0.131868131868132 0.094339622641509 0.117647058823529 0.714285714285714 0.083333333333333 0.228571428571429 0.089473684210526 0.081534772182254 0.220125786163522 0.065789473684211 0.045454545454545 0.024390243902439 0.566666666666667 0.633333333333333
0.717391304347826 0.923076923076923 0.930555555555556 0.572052401746725 0.219780219780220 0.075471698113208 0.980392156862745 0.000000000000000 0.916666666666667 0.757142857142857 0.815789473684211 0.962829736211031 0.949685534591195 0.355263157894737 0.409090909090909 0.756097560975610 0.133333333333333 0.100000000000000
0.347826086956522 0.076923076923077 0.166666666666667 0.074235807860262 0.109890109890110 0.037735849056604 0.065359477124183 0.828571428571429 0.000000000000000 0.100000000000000 0.047368421052632 0.043165467625899 0.119496855345912 0.302631578947368 0.227272727272727 0.317073170731707 0.166666666666667 0.100000000000000
0.695652173913043 0.692307692307692 0.902777777777778 0.406113537117904 0.142857142857143 0.169811320754717 0.516339869281046 0.257142857142857 0.416666666666667 0.628571428571429 0.405263157894737 0.432853717026379 0.534591194968553 0.065789473684211 0.818181818181818 0.097560975609756 0.666666666666667 0.800000000000000
0.456521739130435 0.269230769230769 0.625000000000000 0.358078602620087 0.164835164835165 0.132075471698113 0.372549019607843 0.371428571428571 0.250000000000000 0.300000000000000 0.284210526315789 0.294964028776978 0.150943396226415 0.026315789473684 0.090909090909091 0.219512195121951 0.800000000000000 0.966666666666667
0.282608695652174 0.461538461538462 0.430555555555556 0.288209606986900 0.252747252747253 0.075471698113208 0.222222222222222 0.542857142857143 0.166666666666667 0.400000000000000 0.221052631578947 0.164268585131894 0.503144654088050 0.157894736842105 0.454545454545455 0.195121951219512 0.366666666666667 0.333333333333333
0.760869565217391 0.692307692307692 0.833333333333333 0.445414847161572 0.175824175824176 0.150943396226415 0.549019607843137 0.228571428571429 0.500000000000000 0.585714285714286 0.442105263157895 0.470023980815348 0.578616352201258 0.078947368421053 0.318181818181818 0.390243902439024 0.600000000000000 0.800000000000000
0.369565217391304 0.500000000000000 0.486111111111111 0.126637554585153 0.087912087912088 0.169811320754717 0.313725490196078 0.485714285714286 0.250000000000000 0.614285714285714 0.226315789473684 0.221822541966427 0.389937106918239 0.236842105263158 0.000000000000000 0.390243902439024 0.200000000000000 0.366666666666667
0.586956521739130 0.384615384615385 0.722222222222222 0.406113537117904 0.164835164835165 0.150943396226415 0.444444444444444 0.285714285714286 0.333333333333333 0.357142857142857 0.368421052631579 0.365707434052758 0.276729559748428 0.065789473684211 0.272727272727273 0.219512195121951 0.633333333333333 0.800000000000000
0.413043478260870 0.307692307692308 0.361111111111111 0.091703056768559 0.054945054945055 0.094339622641509 0.176470588235294 0.685714285714286 0.083333333333333 0.357142857142857 0.157894736842105 0.109112709832134 0.327044025157233 0.289473684210526 0.318181818181818 0.463414634146341 0.200000000000000 0.100000000000000
0.347826086956522 0.192307692307692 0.583333333333333 0.227074235807860 0.131868131868132 0.113207547169811 0.267973856209150 0.485714285714286 0.166666666666667 0.157142857142857 0.257894736842105 0.200239808153477 0.176100628930818 0.144736842105263 0.045454545454545 0.024390243902439 0.366666666666667 0.366666666666667
0.413043478260870 0.153846153846154 0.486111111111111 0.349344978165939 0.252747252747253 0.075471698113208 0.274509803921569 0.457142857142857 0.166666666666667 0.185714285714286 0.284210526315789 0.214628297362110 0.113207547169811 0.157894736842105 0.000000000000000 0.097560975609756 0.733333333333333 0.700000000000000
0.217391304347826 0.346153846153846 0.430555555555556 0.209606986899563 0.186813186813187 0.094339622641509 0.241830065359477 0.542857142857143 0.166666666666667 0.342857142857143 0.221052631578947 0.176258992805755 0.308176100628931 0.197368421052632 0.090909090909091 0.048780487804878 0.266666666666667 0.300000000000000
0.434782608695652 0.538461538461538 0.597222222222222 0.266375545851528 0.142857142857143 0.094339622641509 0.359477124183007 0.400000000000000 0.250000000000000 0.414285714285714 0.352631578947368 0.279376498800959 0.578616352201258 0.184210526315789 0.545454545454545 0.097560975609756 0.366666666666667 0.366666666666667
0.717391304347826 0.769230769230769 0.805555555555556 0.384279475982533 0.120879120879121 0.169811320754717 0.686274509803922 0.142857142857143 0.583333333333333 0.685714285714286 0.515789473684211 0.610311750599520 0.515723270440252 0.157894736842105 0.500000000000000 0.585365853658537 0.400000000000000 0.566666666666667
0.760869565217391 0.615384615384615 0.875000000000000 0.419213973799127 0.164835164835165 0.150943396226415 0.614379084967320 0.171428571428571 0.500000000000000 0.528571428571429 0.510526315789474 0.540767386091127 0.666666666666667 0.171052631578947 0.272727272727273 0.390243902439024 0.433333333333333 0.566666666666667
0.500000000000000 0.576923076923077 0.597222222222222 0.318777292576419 0.131868131868132 0.113207547169811 0.385620915032680 0.371428571428571 0.333333333333333 0.485714285714286 0.342105263157895 0.304556354916067 0.547169811320755 0.105263157894737 0.681818181818182 0.000000000000000 0.633333333333333 0.666666666666667
0.434782608695652 0.384615384615385 0.527777777777778 0.253275109170306 0.186813186813187 0.113207547169811 0.163398692810458 0.628571428571429 0.083333333333333 0.385714285714286 0.136842105263158 0.116306954436451 0.314465408805031 0.052631578947368 0.772727272727273 0.292682926829268 0.900000000000000 0.966666666666667
0.565217391304348 0.730769230769231 0.888888888888889 0.318777292576419 0.087912087912088 0.150943396226415 0.640522875816993 0.171428571428571 0.583333333333333 0.685714285714286 0.468421052631579 0.567146282973621 0.666666666666667 0.184210526315789 0.136363636363636 0.048780487804878 0.366666666666667 0.433333333333333
0.804347826086957 0.807692307692308 0.861111111111111 0.423580786026201 0.186813186813187 0.169811320754717 0.660130718954248 0.142857142857143 0.583333333333333 0.757142857142857 0.484210526315789 0.581534772182254 0.704402515723270 0.184210526315789 0.772727272727273 0.390243902439024 0.400000000000000 0.566666666666667
0.195652173913043 0.384615384615385 0.416666666666667 0.637554585152838 0.637362637362637 1.000000000000000 0.176470588235294 0.628571428571429 0.083333333333333 0.385714285714286 0.531578947368421 0.125899280575540 0.396226415094340 0.526315789473684 0.181818181818182 0.219512195121951 0.466666666666667 0.600000000000000
0.413043478260870 0.076923076923077 0.250000000000000 0.139737991266376 0.120879120879121 0.075471698113208 0.065359477124183 0.828571428571429 0.000000000000000 0.200000000000000 0.063157894736842 0.045563549160671 0.044025157232704 0.065789473684211 0.272727272727273 0.414634146341463 0.700000000000000 0.733333333333333
0.456521739130435 0.615384615384615 0.583333333333333 0.144104803493450 0.098901098901099 0.150943396226415 0.307189542483660 0.485714285714286 0.250000000000000 0.600000000000000 0.242105263157895 0.219424460431655 0.484276729559748 0.223684210526316 0.454545454545455 0.170731707317073 0.233333333333333 0.366666666666667
0.478260869565217 0.346153846153846 0.777777777777778 0.406113537117904 0.197802197802198 0.132075471698113 0.431372549019608 0.314285714285714 0.333333333333333 0.328571428571429 0.363157894736842 0.347721822541966 0.251572327044025 0.105263157894737 0.045454545454545 0.707317073170732 0.566666666666667 0.633333333333333
0.630434782608696 0.807692307692308 0.805555555555556 0.423580786026201 0.153846153846154 0.075471698113208 0.738562091503268 0.085714285714286 0.666666666666667 0.671428571428571 0.610526315789474 0.697841726618705 0.767295597484277 0.263157894736842 0.409090909090909 0.341463414634146 0.400000000000000 0.200000000000000
0.586956521739130 0.807692307692308 0.861111111111111 0.445414847161572 0.197802197802198 0.150943396226415 0.562091503267974 0.200000000000000 0.500000000000000 0.657142857142857 0.494736842105263 0.483213429256595 0.823899371069182 0.171052631578947 0.181818181818182 0.268292682926829 0.366666666666667 0.500000000000000
0.695652173913043 0.461538461538462 0.833333333333333 0.397379912663755 0.153846153846154 0.150943396226415 0.562091503267974 0.200000000000000 0.500000000000000 0.442857142857143 0.442105263157895 0.482014388489209 0.484276729559748 0.105263157894737 0.363636363636364 0.121951219512195 0.533333333333333 0.633333333333333
0.739130434782609 0.769230769230769 0.944444444444444 0.467248908296943 0.175824175824176 0.169811320754717 0.699346405228758 0.142857142857143 0.666666666666667 0.714285714285714 0.515789473684211 0.623501199040767 0.559748427672956 0.131578947368421 0.454545454545455 0.512195121951220 0.466666666666667 0.733333333333333
0.456521739130435 0.423076923076923 0.416666666666667 0.358078602620087 0.274725274725275 0.113207547169811 0.267973856209150 0.457142857142857 0.166666666666667 0.371428571428571 0.215789473684211 0.212230215827338 0.433962264150943 0.105263157894737 0.318181818181818 0.048780487804878 0.766666666666667 0.833333333333333
0.586956521739130 0.730769230769231 0.958333333333333 0.528384279475983 0.230769230769231 0.150943396226415 0.718954248366013 0.114285714285714 0.666666666666667 0.671428571428571 0.584210526315790 0.655875299760192 0.616352201257862 0.184210526315789 0.318181818181818 0.682926829268293 0.400000000000000 0.600000000000000
0.521739130434783 0.307692307692308 0.666666666666667 0.349344978165939 0.131868131868132 0.132075471698113 0.411764705882353 0.342857142857143 0.333333333333333 0.314285714285714 0.326315789473684 0.329736211031175 0.238993710691824 0.052631578947368 0.045454545454545 0.121951219512195 0.666666666666667 0.800000000000000
0.500000000000000 0.500000000000000 0.472222222222222 0.427947598253275 0.296703296703297 0.056603773584906 0.333333333333333 0.371428571428571 0.250000000000000 0.442857142857143 0.289473684210526 0.268585131894484 0.515723270440252 0.144736842105263 0.318181818181818 0.195121951219512 0.666666666666667 0.633333333333333
0.673913043478261 0.730769230769231 0.972222222222222 0.296943231441048 0.065934065934066 0.150943396226415 0.699346405228758 0.114285714285714 0.666666666666667 0.685714285714286 0.552631578947368 0.631894484412470 0.685534591194969 0.197368421052632 0.454545454545455 0.682926829268293 0.400000000000000 0.566666666666667
0.673913043478261 0.769230769230769 0.847222222222222 0.414847161572052 0.197802197802198 0.169811320754717 0.660130718954248 0.142857142857143 0.583333333333333 0.714285714285714 0.452631578947368 0.579136690647482 0.704402515723270 0.171052631578947 0.545454545454545 0.292682926829268 0.366666666666667 0.566666666666667
0.391304347826087 0.192307692307692 0.500000000000000 0.296943231441048 0.153846153846154 0.113207547169811 0.359477124183007 0.400000000000000 0.250000000000000 0.228571428571429 0.347368421052632 0.276978417266187 0.226415094339623 0.157894736842105 0.000000000000000 0.682926829268293 0.433333333333333 0.566666666666667
0.695652173913043 0.807692307692308 0.944444444444444 0.567685589519651 0.252747252747253 0.188679245283019 0.673202614379085 0.142857142857143 0.583333333333333 0.714285714285714 0.505263157894737 0.603117505995204 0.748427672955975 0.118421052631579 0.181818181818182 0.536585365853659 0.433333333333333 0.666666666666667
0.456521739130435 0.461538461538462 0.625000000000000 0.257641921397380 0.230769230769231 0.150943396226415 0.294117647058824 0.514285714285714 0.250000000000000 0.542857142857143 0.210526315789474 0.207434052757794 0.421383647798742 0.184210526315789 0.772727272727273 0.268292682926829 0.366666666666667 0.466666666666667
0.695652173913043 0.500000000000000 0.833333333333333 0.397379912663755 0.153846153846154 0.132075471698113 0.529411764705882 0.228571428571429 0.416666666666667 0.457142857142857 0.405263157894737 0.447242206235012 0.327044025157233 0.078947368421053 0.227272727272727 0.219512195121951 0.600000000000000 0.700000000000000
0.456521739130435 0.461538461538462 0.625000000000000 0.244541484716157 0.175824175824176 0.150943396226415 0.300653594771242 0.485714285714286 0.250000000000000 0.557142857142857 0.231578947368421 0.219424460431655 0.333333333333333 0.118421052631579 0.045454545454545 0.146341463414634 0.433333333333333 0.600000000000000
0.391304347826087 0.153846153846154 0.500000000000000 0.148471615720524 0.087912087912088 0.113207547169811 0.130718954248366 0.714285714285714 0.083333333333333 0.242857142857143 0.142105263157895 0.086330935251799 0.094339622641509 0.131578947368421 0.000000000000000 0.292682926829268 0.500000000000000 0.366666666666667
0.630434782608696 0.576923076923077 0.902777777777778 0.480349344978166 0.186813186813187 0.150943396226415 0.581699346405229 0.200000000000000 0.500000000000000 0.485714285714286 0.442105263157895 0.498800959232614 0.433962264150943 0.065789473684211 0.000000000000000 0.609756097560976 0.533333333333333 0.766666666666667
0.500000000000000 0.423076923076923 0.388888888888889 0.375545851528384 0.252747252747253 0.094339622641509 0.281045751633987 0.428571428571429 0.166666666666667 0.385714285714286 0.257894736842105 0.225419664268585 0.358490566037736 0.105263157894737 0.227272727272727 0.170731707317073 0.866666666666667 0.833333333333333
0.260869565217391 0.115384615384615 0.444444444444444 0.100436681222707 0.098901098901099 0.094339622641509 0.098039215686275 0.800000000000000 0.083333333333333 0.100000000000000 0.073684210526316 0.058752997601918 0.088050314465409 0.144736842105263 0.136363636363636 0.731707317073171 0.266666666666667 0.433333333333333
0.652173913043478 0.576923076923077 0.777777777777778 0.558951965065502 0.263736263736264 0.150943396226415 0.607843137254902 0.171428571428571 0.500000000000000 0.500000000000000 0.505263157894737 0.538369304556355 0.553459119496855 0.157894736842105 0.090909090909091 0.365853658536585 0.400000000000000 0.500000000000000
0.608695652173913 0.846153846153846 0.930555555555556 0.419213973799127 0.153846153846154 0.169811320754717 0.738562091503268 0.114285714285714 0.666666666666667 0.857142857142857 0.515789473684211 0.654676258992806 0.597484276729560 0.197368421052632 0.363636363636364 0.853658536585366 0.366666666666667 0.666666666666667
0.652173913043478 0.730769230769231 0.875000000000000 0.288209606986900 0.054945054945055 0.094339622641509 0.810457516339869 0.057142857142857 0.750000000000000 0.600000000000000 0.652631578947368 0.757793764988010 0.886792452830189 0.302631578947368 0.136363636363636 0.560975609756098 0.233333333333333 0.100000000000000
0.260869565217391 0.461538461538462 0.458333333333333 0.275109170305677 0.241758241758242 0.113207547169811 0.202614379084967 0.571428571428571 0.083333333333333 0.428571428571429 0.226315789473684 0.147482014388489 0.421383647798742 0.157894736842105 0.090909090909091 0.000000000000000 0.466666666666667 0.600000000000000
0.891304347826087 0.923076923076923 0.861111111111111 0.336244541484716 0.054945054945055 0.075471698113208 0.947712418300654 0.000000000000000 0.916666666666667 0.728571428571429 0.826315789473684 0.940047961630695 0.955974842767296 0.342105263157895 0.090909090909091 0.512195121951220 0.200000000000000 0.100000000000000
0.326086956521739 0.269230769230769 0.208333333333333 0.043668122270742 0.065934065934066 0.094339622641509 0.130718954248366 0.771428571428571 0.083333333333333 0.300000000000000 0.063157894736842 0.077937649880096 0.308176100628931 0.368421052631579 0.000000000000000 0.170731707317073 0.000000000000000 0.066666666666667
0.282608695652174 0.153846153846154 0.513888888888889 0.174672489082969 0.076923076923077 0.094339622641509 0.274509803921569 0.485714285714286 0.166666666666667 0.128571428571429 0.257894736842105 0.201438848920863 0.226415094339623 0.157894736842105 0.636363636363636 0.317073170731707 0.333333333333333 0.333333333333333
0.630434782608696 0.692307692307692 0.888888888888889 0.493449781659389 0.219780219780220 0.150943396226415 0.601307189542484 0.171428571428571 0.500000000000000 0.628571428571429 0.473684210526316 0.523980815347722 0.540880503144654 0.118421052631579 0.136363636363636 0.463414634146341 0.400000000000000 0.533333333333333
0.695652173913043 0.692307692307692 0.736111111111111 0.244541484716157 0.043956043956044 0.094339622641509 0.686274509803922 0.114285714285714 0.583333333333333 0.671428571428571 0.578947368421053 0.622302158273381 0.622641509433962 0.289473684210526 0.409090909090909 0.609756097560976 0.400000000000000 0.233333333333333
0.586956521739130 0.653846153846154 0.805555555555556 0.436681222707424 0.175824175824176 0.075471698113208 0.692810457516340 0.114285714285714 0.583333333333333 0.542857142857143 0.536842105263158 0.641486810551559 0.654088050314465 0.236842105263158 0.363636363636364 0.170731707317073 0.433333333333333 0.266666666666667
0.500000000000000 0.423076923076923 0.625000000000000 0.270742358078603 0.208791208791209 0.150943396226415 0.281045751633987 0.485714285714286 0.166666666666667 0.457142857142857 0.194736842105263 0.205035971223022 0.314465408805031 0.105263157894737 0.136363636363636 0.243902439024390 0.533333333333333 0.700000000000000
0.782608695652174 0.730769230769231 0.888888888888889 0.414847161572052 0.142857142857143 0.188679245283019 0.673202614379085 0.142857142857143 0.583333333333333 0.628571428571429 0.473684210526316 0.607913669064748 0.647798742138365 0.105263157894737 0.500000000000000 0.170731707317073 0.433333333333333 0.600000000000000
0.304347826086957 0.230769230769231 0.472222222222222 0.266375545851528 0.208791208791209 0.075471698113208 0.215686274509804 0.542857142857143 0.166666666666667 0.228571428571429 0.226315789473684 0.160671462829736 0.188679245283019 0.144736842105263 0.136363636363636 0.512195121951220 0.633333333333333 0.633333333333333
0.369565217391304 0.307692307692308 0.527777777777778 0.179039301310044 0.087912087912088 0.094339622641509 0.169934640522876 0.628571428571429 0.083333333333333 0.285714285714286 0.163157894736842 0.119904076738609 0.308176100628931 0.105263157894737 0.000000000000000 0.024390243902439 0.533333333333333 0.533333333333333
0.543478260869565 0.576923076923077 0.847222222222222 0.432314410480349 0.197802197802198 0.132075471698113 0.555555555555556 0.200000000000000 0.500000000000000 0.485714285714286 0.452631578947368 0.479616306954436 0.408805031446541 0.118421052631579 0.090909090909091 0.121951219512195 0.433333333333333 0.533333333333333
0.500000000000000 0.500000000000000 0.666666666666667 0.305676855895196 0.230769230769231 0.150943396226415 0.281045751633987 0.485714285714286 0.166666666666667 0.428571428571429 0.226315789473684 0.203836930455636 0.459119496855346 0.131578947368421 0.636363636363636 0.365853658536585 0.600000000000000 0.700000000000000
0.260869565217391 0.384615384615385 0.402777777777778 0.161572052401747 0.164835164835165 0.094339622641509 0.261437908496732 0.514285714285714 0.166666666666667 0.385714285714286 0.252631578947368 0.188249400479616 0.440251572327044 0.328947368421053 0.045454545454545 0.097560975609756 0.166666666666667 0.100000000000000
0.391304347826087 0.346153846153846 0.361111111111111 0.165938864628821 0.120879120879121 0.132075471698113 0.143790849673203 0.685714285714286 0.083333333333333 0.342857142857143 0.173684210526316 0.100719424460432 0.345911949685535 0.131578947368421 0.272727272727273 0.121951219512195 0.500000000000000 0.533333333333333
0.152173913043478 0.384615384615385 0.388888888888889 0.082969432314410 0.065934065934066 0.094339622641509 0.248366013071895 0.571428571428571 0.166666666666667 0.414285714285714 0.205263157894737 0.171462829736211 0.421383647798742 0.289473684210526 0.318181818181818 0.341463414634146 0.100000000000000 0.100000000000000
0.434782608695652 0.500000000000000 0.625000000000000 0.283842794759825 0.208791208791209 0.132075471698113 0.254901960784314 0.514285714285714 0.166666666666667 0.414285714285714 0.205263157894737 0.185851318944844 0.440251572327044 0.105263157894737 0.000000000000000 0.097560975609756 0.633333333333333 0.766666666666667
0.434782608695652 0.692307692307692 0.694444444444444 0.458515283842795 0.241758241758242 0.113207547169811 0.464052287581699 0.285714285714286 0.416666666666667 0.542857142857143 0.426315789473684 0.386091127098321 0.761006289308176 0.144736842105263 0.272727272727273 0.024390243902439 0.433333333333333 0.500000000000000
0.500000000000000 0.269230769230769 0.527777777777778 0.288209606986900 0.120879120879121 0.094339622641509 0.405228758169935 0.342857142857143 0.333333333333333 0.300000000000000 0.352631578947368 0.324940047961631 0.320754716981132 0.118421052631579 0.136363636363636 0.707317073170732 0.500000000000000 0.633333333333333
0.260869565217391 0.115384615384615 0.152777777777778 0.048034934497817 0.098901098901099 0.056603773584906 0.045751633986928 0.885714285714286 0.000000000000000 0.085714285714286 0.047368421052632 0.027577937649880 0.113207547169811 0.289473684210526 0.590909090909091 0.121951219512195 0.166666666666667 0.100000000000000
0.586956521739130 0.115384615384615 0.458333333333333 0.414847161572052 0.285714285714286 0.075471698113208 0.326797385620915 0.400000000000000 0.250000000000000 0.128571428571429 0.310526315789474 0.260191846522782 0.100628930817610 0.171052631578947 0.272727272727273 0.463414634146341 0.800000000000000 0.766666666666667
0.391304347826087 0.115384615384615 0.444444444444444 0.253275109170306 0.142857142857143 0.113207547169811 0.248366013071895 0.514285714285714 0.166666666666667 0.214285714285714 0.189473684210526 0.179856115107914 0.075471698113208 0.052631578947368 0.090909090909091 0.536585365853659 0.666666666666667 0.800000000000000
0.391304347826087 0.307692307692308 0.333333333333333 0.192139737991266 0.153846153846154 0.113207547169811 0.111111111111111 0.714285714285714 0.083333333333333 0.342857142857143 0.163157894736842 0.077937649880096 0.276729559748428 0.118421052631579 0.272727272727273 0.292682926829268 0.600000000000000 0.666666666666667
0.282608695652174 0.230769230769231 0.250000000000000 0.091703056768559 0.087912087912088 0.056603773584906 0.032679738562092 0.885714285714286 0.000000000000000 0.228571428571429 0.052631578947368 0.023980815347722 0.245283018867925 0.131578947368421 0.318181818181818 0.146341463414634 0.466666666666667 0.433333333333333
0.478260869565217 0.769230769230769 0.763888888888889 0.427947598253275 0.197802197802198 0.150943396226415 0.529411764705882 0.228571428571429 0.416666666666667 0.600000000000000 0.473684210526316 0.449640287769784 0.805031446540881 0.157894736842105 0.136363636363636 0.048780487804878 0.400000000000000 0.500000000000000
0.391304347826087 0.384615384615385 0.444444444444444 0.165938864628821 0.098901098901099 0.094339622641509 0.241830065359477 0.542857142857143 0.166666666666667 0.314285714285714 0.200000000000000 0.171462829736211 0.352201257861635 0.171052631578947 0.590909090909091 0.560975609756098 0.333333333333333 0.333333333333333
0.173913043478261 0.461538461538462 0.388888888888889 0.144104803493450 0.142857142857143 0.094339622641509 0.261437908496732 0.542857142857143 0.166666666666667 0.471428571428571 0.194736842105263 0.178657074340528 0.440251572327044 0.289473684210526 0.136363636363636 0.317073170731707 0.100000000000000 0.066666666666667
0.456521739130435 0.653846153846154 0.611111111111111 0.148471615720524 0.109890109890110 0.150943396226415 0.287581699346405 0.514285714285714 0.250000000000000 0.742857142857143 0.215789473684211 0.200239808153477 0.490566037735849 0.236842105263158 0.227272727272727 0.146341463414634 0.200000000000000 0.333333333333333
0.739130434782609 0.461538461538462 0.722222222222222 0.406113537117904 0.164835164835165 0.150943396226415 0.496732026143791 0.257142857142857 0.416666666666667 0.428571428571429 0.378947368421053 0.410071942446043 0.314465408805031 0.065789473684211 0.545454545454545 0.487804878048780 0.633333333333333 0.733333333333333
0.913043478260870 0.692307692307692 0.833333333333333 0.423580786026201 0.142857142857143 0.188679245283019 0.549019607843137 0.228571428571429 0.500000000000000 0.628571428571429 0.405263157894737 0.466426858513189 0.471698113207547 0.039473684210526 1.000000000000000 0.024390243902439 0.733333333333333 0.900000000000000
0.369565217391304 0.423076923076923 0.402777777777778 0.209606986899563 0.186813186813187 0.094339622641509 0.150326797385621 0.657142857142857 0.083333333333333 0.385714285714286 0.184210526315789 0.105515587529976 0.333333333333333 0.210526315789474 0.136363636363636 0.048780487804878 0.366666666666667 0.333333333333333
0.630434782608696 0.730769230769231 0.805555555555556 0.528384279475983 0.263736263736264 0.150943396226415 0.666666666666667 0.142857142857143 0.583333333333333 0.657142857142857 0.515789473684211 0.597122302158273 0.566037735849057 0.157894736842105 0.000000000000000 0.390243902439024 0.366666666666667 0.500000000000000
0.652173913043478 0.769230769230769 0.916666666666667 0.296943231441048 0.087912087912088 0.150943396226415 0.653594771241830 0.171428571428571 0.583333333333333 0.714285714285714 0.473684210526316 0.570743405275779 0.716981132075472 0.184210526315789 0.727272727272727 0.585365853658537 0.366666666666667 0.533333333333333
0.239130434782609 0.384615384615385 0.416666666666667 0.082969432314410 0.076923076923077 0.113207547169811 0.254901960784314 0.542857142857143 0.166666666666667 0.400000000000000 0.226315789473684 0.177458033573141 0.421383647798742 0.289473684210526 0.045454545454545 0.292682926829268 0.166666666666667 0.100000000000000
0.543478260869565 0.192307692307692 0.527777777777778 0.379912663755459 0.197802197802198 0.113207547169811 0.372549019607843 0.371428571428571 0.250000000000000 0.257142857142857 0.352631578947368 0.294964028776978 0.201257861635220 0.105263157894737 0.409090909090909 0.487804878048780 0.533333333333333 0.600000000000000
0.326086956521739 0.230769230769231 0.416666666666667 0.270742358078603 0.208791208791209 0.094339622641509 0.235294117647059 0.514285714285714 0.166666666666667 0.228571428571429 0.194736842105263 0.177458033573141 0.213836477987421 0.131578947368421 0.227272727272727 0.317073170731707 0.566666666666667 0.666666666666667
0.391304347826087 0.500000000000000 0.847222222222222 0.414847161572052 0.197802197802198 0.132075471698113 0.549019607843137 0.228571428571429 0.500000000000000 0.400000000000000 0.468421052631579 0.467625899280576 0.566037735849057 0.184210526315789 0.227272727272727 0.195121951219512 0.333333333333333 0.433333333333333
0.391304347826087 0.115384615384615 0.597222222222222 0.253275109170306 0.153846153846154 0.113207547169811 0.196078431372549 0.600000000000000 0.166666666666667 0.142857142857143 0.173684210526316 0.136690647482014 0.176100628930818 0.052631578947368 0.000000000000000 0.756097560975610 0.566666666666667 0.633333333333333
0.152173913043478 0.423076923076923 0.388888888888889 0.069868995633188 0.065934065934066 0.113207547169811 0.254901960784314 0.542857142857143 0.166666666666667 0.400000000000000 0.210526315789474 0.178657074340528 0.509433962264151 0.276315789473684 0.181818181818182 0.390243902439024 0.133333333333333 0.133333333333333
0.521739130434783 0.576923076923077 0.902777777777778 0.471615720524017 0.186813186813187 0.169811320754717 0.581699346405229 0.200000000000000 0.500000000000000 0.528571428571429 0.431578947368421 0.501199040767386 0.333333333333333 0.065789473684211 0.090909090909091 0.170731707317073 0.566666666666667 0.700000000000000
0.413043478260870 0.730769230769231 0.736111111111111 0.436681222707424 0.219780219780220 0.132075471698113 0.503267973856209 0.257142857142857 0.416666666666667 0.614285714285714 0.442105263157895 0.422062350119904 0.823899371069182 0.171052631578947 0.090909090909091 0.121951219512195 0.400000000000000 0.466666666666667
0.304347826086957 0.346153846153846 0.416666666666667 0.152838427947598 0.131868131868132 0.094339622641509 0.241830065359477 0.542857142857143 0.166666666666667 0.342857142857143 0.247368421052632 0.171462829736211 0.295597484276730 0.250000000000000 0.272727272727273 0.219512195121951 0.300000000000000 0.233333333333333
0.456521739130435 0.153846153846154 0.444444444444444 0.183406113537118 0.142857142857143 0.132075471698113 0.137254901960784 0.685714285714286 0.083333333333333 0.242857142857143 0.163157894736842 0.093525179856115 0.119496855345912 0.131578947368421 0.090909090909091 0.170731707317073 0.533333333333333 0.466666666666667
0.521739130434783 0.192307692307692 0.486111111111111 0.366812227074236 0.230769230769231 0.075471698113208 0.385620915032680 0.314285714285714 0.250000000000000 0.157142857142857 0.363157894736842 0.318944844124700 0.176100628930818 0.197368421052632 0.090909090909091 0.146341463414634 0.700000000000000 0.600000000000000
0.500000000000000 0.461538461538462 0.847222222222222 0.423580786026201 0.208791208791209 0.132075471698113 0.522875816993464 0.228571428571429 0.416666666666667 0.357142857142857 0.463157894736842 0.441247002398082 0.540880503144654 0.184210526315789 0.136363636363636 0.463414634146341 0.433333333333333 0.533333333333333
0.717391304347826 0.769230769230769 0.805555555555556 0.218340611353712 0.000000000000000 0.037735849056604 0.816993464052288 0.057142857142857 0.750000000000000 0.657142857142857 0.700000000000000 0.784172661870504 0.710691823899371 0.302631578947368 0.181818181818182 0.414634146341463 0.300000000000000 0.100000000000000
0.826086956521739 0.653846153846154 0.875000000000000 0.414847161572052 0.142857142857143 0.169811320754717 0.647058823529412 0.142857142857143 0.583333333333333 0.542857142857143 0.489473684210526 0.574340527577938 0.496855345911950 0.118421052631579 0.409090909090909 0.219512195121951 0.466666666666667 0.633333333333333
0.500000000000000 0.230769230769231 0.333333333333333 0.030567685589520 0.010989010989011 0.113207547169811 0.143790849673203 0.742857142857143 0.083333333333333 0.328571428571429 0.157894736842105 0.088729016786571 0.188679245283019 0.276315789473684 0.318181818181818 0.487804878048780 0.233333333333333 0.100000000000000
0.782608695652174 0.538461538461538 0.777777777777778 0.445414847161572 0.186813186813187 0.132075471698113 0.562091503267974 0.200000000000000 0.500000000000000 0.457142857142857 0.468421052631579 0.482014388489209 0.515723270440252 0.144736842105263 0.181818181818182 0.317073170731707 0.466666666666667 0.566666666666667
0.326086956521739 0.346153846153846 0.333333333333333 0.205240174672489 0.164835164835165 0.113207547169811 0.117647058823529 0.714285714285714 0.083333333333333 0.342857142857143 0.105263157894737 0.082733812949640 0.327044025157233 0.052631578947368 0.136363636363636 0.048780487804878 0.900000000000000 0.966666666666667
0.304347826086957 0.423076923076923 0.805555555555556 0.467248908296943 0.252747252747253 0.150943396226415 0.503267973856209 0.257142857142857 0.416666666666667 0.328571428571429 0.442105263157895 0.420863309352518 0.433962264150943 0.157894736842105 0.090909090909091 0.512195121951220 0.366666666666667 0.433333333333333
0.739130434782609 0.807692307692308 0.777777777777778 0.423580786026201 0.164835164835165 0.188679245283019 0.692810457516340 0.142857142857143 0.583333333333333 0.742857142857143 0.478947368421053 0.611510791366906 0.679245283018868 0.157894736842105 0.090909090909091 0.512195121951220 0.366666666666667 0.566666666666667
0.304347826086957 0.153846153846154 0.166666666666667 0.052401746724891 0.076923076923077 0.075471698113208 0.019607843137255 0.914285714285714 0.000000000000000 0.114285714285714 0.026315789473684 0.014388489208633 0.220125786163522 0.197368421052632 0.500000000000000 0.536585365853659 0.333333333333333 0.300000000000000
0.260869565217391 0.384615384615385 0.361111111111111 0.082969432314410 0.098901098901099 0.075471698113208 0.235294117647059 0.571428571428571 0.166666666666667 0.385714285714286 0.189473684210526 0.161870503597122 0.389937106918239 0.342105263157895 0.272727272727273 0.268292682926829 0.100000000000000 0.033333333333333
0.739130434782609 0.846153846153846 0.875000000000000 0.475982532751092 0.230769230769231 0.169811320754717 0.699346405228758 0.114285714285714 0.666666666666667 0.771428571428571 0.478947368421053 0.629496402877698 0.672955974842767 0.144736842105263 0.454545454545455 0.170731707317073 0.366666666666667 0.533333333333333
0.434782608695652 0.153846153846154 0.416666666666667 0.096069868995633 0.054945054945055 0.132075471698113 0.098039215686275 0.771428571428571 0.083333333333333 0.271428571428571 0.136842105263158 0.064748201438849 0.062893081761006 0.157894736842105 0.090909090909091 0.317073170731707 0.500000000000000 0.300000000000000
0.913043478260870 0.730769230769231 0.833333333333333 0.432314410480349 0.164835164835165 0.150943396226415 0.686274509803922 0.142857142857143 0.583333333333333 0.671428571428571 0.521052631578947 0.615107913669065 0.660377358490566 0.171052631578947 0.636363636363636 0.097560975609756 0.400000000000000 0.533333333333333
0.369565217391304 0.230769230769231 0.625000000000000 0.244541484716157 0.131868131868132 0.094339622641509 0.333333333333333 0.428571428571429 0.250000000000000 0.185714285714286 0.310526315789474 0.254196642685851 0.308176100628931 0.157894736842105 0.318181818181818 0.317073170731707 0.333333333333333 0.366666666666667
0.260869565217391 0.384615384615385 0.361111111111111 0.069868995633188 0.076923076923077 0.056603773584906 0.235294117647059 0.571428571428571 0.166666666666667 0.385714285714286 0.200000000000000 0.163069544364508 0.408805031446541 0.368421052631579 0.363636363636364 0.048780487804878 0.100000000000000 0.000000000000000
0.282608695652174 0.384615384615385 0.388888888888889 0.200873362445415 0.186813186813187 0.132075471698113 0.169934640522876 0.628571428571429 0.083333333333333 0.357142857142857 0.163157894736842 0.121103117505995 0.408805031446541 0.131578947368421 0.272727272727273 0.000000000000000 0.533333333333333 0.666666666666667
0.586956521739130 0.692307692307692 0.888888888888889 0.257641921397380 0.054945054945055 0.150943396226415 0.614379084967320 0.171428571428571 0.500000000000000 0.657142857142857 0.457894736842105 0.535971223021583 0.528301886792453 0.131578947368421 0.227272727272727 0.512195121951220 0.400000000000000 0.500000000000000
0.543478260869565 0.500000000000000 0.666666666666667 0.379912663755459 0.175824175824176 0.075471698113208 0.522875816993464 0.228571428571429 0.416666666666667 0.414285714285714 0.447368421052632 0.454436450839329 0.408805031446541 0.184210526315789 0.090909090909091 0.634146341463415 0.600000000000000 0.533333333333333
0.304347826086957 0.307692307692308 0.500000000000000 0.266375545851528 0.219780219780220 0.094339622641509 0.235294117647059 0.542857142857143 0.166666666666667 0.314285714285714 0.215789473684211 0.171462829736211 0.270440251572327 0.171052631578947 0.318181818181818 0.317073170731707 0.400000000000000 0.466666666666667
0.217391304347826 0.269230769230769 0.180555555555556 0.043668122270742 0.065934065934066 0.075471698113208 0.130718954248366 0.771428571428571 0.083333333333333 0.314285714285714 0.063157894736842 0.075539568345324 0.301886792452830 0.355263157894737 0.363636363636364 0.170731707317073 0.000000000000000 0.066666666666667
0.260869565217391 0.192307692307692 0.319444444444444 0.113537117903930 0.087912087912088 0.094339622641509 0.065359477124183 0.828571428571429 0.000000000000000 0.171428571428571 0.036842105263158 0.041966426858513 0.220125786163522 0.065789473684211 0.909090909090909 0.195121951219512 0.633333333333333 0.666666666666667
0.826086956521739 0.769230769230769 0.944444444444444 0.467248908296943 0.153846153846154 0.169811320754717 0.620915032679739 0.171428571428571 0.500000000000000 0.700000000000000 0.457894736842105 0.541966426858513 0.672955974842767 0.065789473684211 0.954545454545455 0.048780487804878 0.666666666666667 0.800000000000000
0.652173913043478 0.884615384615385 0.833333333333333 0.353711790393013 0.131868131868132 0.169811320754717 0.679738562091503 0.142857142857143 0.583333333333333 0.785714285714286 0.468421052631579 0.599520383693046 0.691823899371069 0.210526315789474 0.681818181818182 0.268292682926829 0.333333333333333 0.433333333333333
0.413043478260870 0.230769230769231 0.500000000000000 0.331877729257642 0.263736263736264 0.075471698113208 0.261437908496732 0.485714285714286 0.166666666666667 0.185714285714286 0.257894736842105 0.199040767386091 0.213836477987421 0.171052631578947 0.272727272727273 0.341463414634146 0.633333333333333 0.633333333333333
0.326086956521739 0.307692307692308 0.555555555555556 0.187772925764192 0.164835164835165 0.113207547169811 0.222222222222222 0.542857142857143 0.166666666666667 0.371428571428571 0.205263157894737 0.160671462829736 0.327044025157233 0.157894736842105 0.181818181818182 0.390243902439024 0.400000000000000 0.533333333333333
0.239130434782609 0.192307692307692 0.277777777777778 0.104803493449782 0.098901098901099 0.056603773584906 0.130718954248366 0.685714285714286 0.083333333333333 0.171428571428571 0.094736842105263 0.092326139088729 0.201257861635220 0.210526315789474 0.363636363636364 0.097560975609756 0.300000000000000 0.233333333333333
0.347826086956522 0.423076923076923 0.555555555555556 0.379912663755459 0.208791208791209 0.075471698113208 0.326797385620915 0.400000000000000 0.250000000000000 0.357142857142857 0.310526315789474 0.254196642685851 0.446540880503145 0.092105263157895 0.590909090909091 0.268292682926829 0.600000000000000 0.600000000000000
0.434782608695652 0.538461538461538 0.611111111111111 0.441048034934498 0.263736263736264 0.094339622641509 0.418300653594771 0.285714285714286 0.333333333333333 0.485714285714286 0.315789473684211 0.350119904076739 0.578616352201258 0.144736842105263 0.318181818181818 0.463414634146341 0.733333333333333 0.666666666666667
0.673913043478261 0.730769230769231 0.847222222222222 0.445414847161572 0.164835164835165 0.150943396226415 0.562091503267974 0.200000000000000 0.500000000000000 0.614285714285714 0.405263157894737 0.483213429256595 0.597484276729560 0.065789473684211 0.090909090909091 0.121951219512195 0.633333333333333 0.766666666666667
0.173913043478261 0.384615384615385 0.388888888888889 0.192139737991266 0.186813186813187 0.094339622641509 0.248366013071895 0.542857142857143 0.166666666666667 0.371428571428571 0.236842105263158 0.175059952038369 0.389937106918239 0.276315789473684 0.045454545454545 0.048780487804878 0.200000000000000 0.133333333333333
0.326086956521739 0.461538461538462 0.583333333333333 0.222707423580786 0.098901098901099 0.113207547169811 0.274509803921569 0.485714285714286 0.166666666666667 0.442857142857143 0.263157894736842 0.207434052757794 0.383647798742138 0.131578947368421 0.136363636363636 0.000000000000000 0.400000000000000 0.400000000000000
0.652173913043478 0.692307692307692 0.902777777777778 0.305676855895196 0.098901098901099 0.169811320754717 0.640522875816993 0.171428571428571 0.583333333333333 0.642857142857143 0.484210526315789 0.558752997601918 0.710691823899371 0.184210526315789 0.363636363636364 0.219512195121951 0.366666666666667 0.500000000000000
0.217391304347826 0.500000000000000 0.388888888888889 0.152838427947598 0.131868131868132 0.075471698113208 0.248366013071895 0.514285714285714 0.166666666666667 0.400000000000000 0.221052631578947 0.182254196642686 0.465408805031447 0.197368421052632 0.227272727272727 0.073170731707317 0.300000000000000 0.333333333333333
0.130434782608696 0.192307692307692 0.208333333333333 0.069868995633188 0.087912087912088 0.056603773584906 0.196078431372549 0.628571428571429 0.166666666666667 0.142857142857143 0.121052631578947 0.133093525179856 0.226415094339623 0.289473684210526 0.181818181818182 0.048780487804878 0.133333333333333 0.066666666666667
0.521739130434783 0.846153846153846 0.875000000000000 0.406113537117904 0.175824175824176 0.169811320754717 0.673202614379085 0.142857142857143 0.583333333333333 0.771428571428571 0.468421052631579 0.591127098321343 0.691823899371069 0.210526315789474 0.227272727272727 0.585365853658537 0.300000000000000 0.433333333333333
0.217391304347826 0.230769230769231 0.402777777777778 0.100436681222707 0.076923076923077 0.056603773584906 0.150326797385621 0.657142857142857 0.083333333333333 0.185714285714286 0.131578947368421 0.107913669064748 0.333333333333333 0.131578947368421 0.727272727272727 0.146341463414634 0.366666666666667 0.300000000000000
0.543478260869565 0.192307692307692 0.444444444444444 0.384279475982533 0.241758241758242 0.056603773584906 0.352941176470588 0.342857142857143 0.250000000000000 0.185714285714286 0.310526315789474 0.291366906474820 0.182389937106918 0.144736842105263 0.045454545454545 0.073170731707317 0.800000000000000 0.700000000000000
0.369565217391304 0.576923076923077 0.513888888888889 0.122270742358079 0.098901098901099 0.150943396226415 0.294117647058824 0.514285714285714 0.250000000000000 0.657142857142857 0.205263157894737 0.203836930455636 0.490566037735849 0.250000000000000 0.045454545454545 0.073170731707317 0.200000000000000 0.333333333333333
0.260869565217391 0.384615384615385 0.361111111111111 0.082969432314410 0.087912087912088 0.094339622641509 0.248366013071895 0.542857142857143 0.166666666666667 0.400000000000000 0.221052631578947 0.170263788968825 0.402515723270440 0.315789473684211 0.181818181818182 0.365853658536585 0.133333333333333 0.066666666666667
0.173913043478261 0.461538461538462 0.388888888888889 0.218340611353712 0.241758241758242 0.377358490566038 0.254901960784314 0.542857142857143 0.166666666666667 0.414285714285714 0.294736842105263 0.181055155875300 0.484276729559748 0.381578947368421 0.045454545454545 0.243902439024390 0.133333333333333 0.133333333333333
0.369565217391304 0.576923076923077 0.625000000000000 0.231441048034935 0.186813186813187 0.169811320754717 0.320261437908497 0.485714285714286 0.250000000000000 0.700000000000000 0.236842105263158 0.229016786570743 0.484276729559748 0.197368421052632 0.136363636363636 0.390243902439024 0.300000000000000 0.466666666666667
0.673913043478261 0.769230769230769 0.944444444444444 0.436681222707424 0.186813186813187 0.169811320754717 0.705882352941177 0.142857142857143 0.666666666666667 0.771428571428571 0.505263157894737 0.627098321342926 0.591194968553459 0.157894736842105 0.636363636363636 0.731707317073171 0.433333333333333 0.733333333333333
0.478260869565217 0.384615384615385 0.777777777777778 0.427947598253275 0.197802197802198 0.150943396226415 0.503267973856209 0.257142857142857 0.416666666666667 0.357142857142857 0.457894736842105 0.419664268585132 0.358490566037736 0.157894736842105 0.272727272727273 0.658536585365854 0.466666666666667 0.533333333333333
0.434782608695652 0.346153846153846 0.805555555555556 0.384279475982533 0.175824175824176 0.132075471698113 0.477124183006536 0.285714285714286 0.416666666666667 0.285714285714286 0.400000000000000 0.388489208633094 0.402515723270440 0.144736842105263 0.454545454545455 0.512195121951220 0.433333333333333 0.533333333333333
0.304347826086957 0.192307692307692 0.430555555555556 0.082969432314410 0.065934065934066 0.113207547169811 0.163398692810458 0.657142857142857 0.083333333333333 0.128571428571429 0.147368421052632 0.111510791366906 0.226415094339623 0.210526315789474 0.000000000000000 0.219512195121951 0.166666666666667 0.166666666666667
0.673913043478261 0.884615384615385 0.777777777777778 0.554585152838428 0.296703296703297 0.169811320754717 0.705882352941177 0.114285714285714 0.666666666666667 0.771428571428571 0.489473684210526 0.634292565947242 0.685534591194969 0.184210526315789 0.272727272727273 0.390243902439024 0.333333333333333 0.466666666666667
0.478260869565217 0.307692307692308 0.583333333333333 0.288209606986900 0.197802197802198 0.132075471698113 0.215686274509804 0.571428571428571 0.166666666666667 0.385714285714286 0.173684210526316 0.155875299760192 0.194968553459120 0.065789473684211 0.181818181818182 0.195121951219512 0.766666666666667 0.866666666666667
0.695652173913043 0.807692307692308 0.902777777777778 0.475982532751092 0.219780219780220 0.150943396226415 0.575163398692810 0.200000000000000 0.500000000000000 0.642857142857143 0.442105263157895 0.495203836930456 0.660377358490566 0.118421052631579 0.454545454545455 0.487804878048780 0.466666666666667 0.566666666666667
0.717391304347826 0.846153846153846 0.777777777777778 0.401746724890830 0.142857142857143 0.188679245283019 0.712418300653595 0.114285714285714 0.666666666666667 0.785714285714286 0.500000000000000 0.639088729016787 0.660377358490566 0.171052631578947 0.409090909090909 0.317073170731707 0.333333333333333 0.500000000000000
0.282608695652174 0.230769230769231 0.611111111111111 0.196506550218341 0.109890109890110 0.113207547169811 0.287581699346405 0.485714285714286 0.250000000000000 0.214285714285714 0.289473684210526 0.208633093525180 0.301886792452830 0.197368421052632 0.000000000000000 0.560975609756098 0.233333333333333 0.300000000000000
0.478260869565217 0.615384615384615 0.722222222222222 0.388646288209607 0.164835164835165 0.150943396226415 0.431372549019608 0.314285714285714 0.333333333333333 0.514285714285714 0.368421052631579 0.352517985611511 0.389937106918239 0.065789473684211 0.090909090909091 0.000000000000000 0.733333333333333 0.833333333333333
0.565217391304348 0.923076923076923 0.833333333333333 0.318777292576419 0.076923076923077 0.207547169811321 0.732026143790850 0.114285714285714 0.666666666666667 1.000000000000000 0.489473684210526 0.649880095923261 0.654088050314465 0.171052631578947 0.181818181818182 0.170731707317073 0.300000000000000 0.566666666666667
0.347826086956522 0.346153846153846 0.361111111111111 0.091703056768559 0.065934065934066 0.094339622641509 0.124183006535948 0.714285714285714 0.083333333333333 0.371428571428571 0.168421052631579 0.083932853717026 0.333333333333333 0.184210526315789 0.454545454545455 0.414634146341463 0.400000000000000 0.333333333333333
0.478260869565217 0.615384615384615 0.583333333333333 0.152838427947598 0.098901098901099 0.169811320754717 0.307189542483660 0.485714285714286 0.250000000000000 0.628571428571429 0.226315789473684 0.217026378896883 0.477987421383648 0.210526315789474 0.318181818181818 0.243902439024390 0.200000000000000 0.333333333333333
0.521739130434783 0.153846153846154 0.416666666666667 0.301310043668122 0.208791208791209 0.094339622641509 0.254901960784314 0.485714285714286 0.166666666666667 0.157142857142857 0.194736842105263 0.194244604316547 0.062893081761006 0.078947368421053 0.000000000000000 0.390243902439024 0.833333333333333 0.900000000000000
0.586956521739130 0.538461538461538 0.416666666666667 0.353711790393013 0.252747252747253 0.094339622641509 0.326797385620915 0.400000000000000 0.250000000000000 0.500000000000000 0.257894736842105 0.266187050359712 0.396226415094340 0.118421052631579 0.409090909090909 0.146341463414634 0.800000000000000 0.800000000000000
0.760869565217391 0.615384615384615 0.958333333333333 0.436681222707424 0.153846153846154 0.169811320754717 0.653594771241830 0.142857142857143 0.583333333333333 0.585714285714286 0.521052631578947 0.576738609112710 0.666666666666667 0.157894736842105 0.727272727272727 0.268292682926829 0.466666666666667 0.600000000000000
0.413043478260870 0.500000000000000 0.597222222222222 0.218340611353712 0.098901098901099 0.075471698113208 0.313725490196078 0.428571428571429 0.250000000000000 0.428571428571429 0.289473684210526 0.237410071942446 0.471698113207547 0.157894736842105 0.454545454545455 0.121951219512195 0.333333333333333 0.333333333333333
0.195652173913043 0.115384615384615 0.152777777777778 0.043668122270742 0.065934065934066 0.037735849056604 0.150326797385621 0.685714285714286 0.083333333333333 0.114285714285714 0.105263157894737 0.100719424460432 0.220125786163522 0.355263157894737 0.681818181818182 0.097560975609756 0.166666666666667 0.033333333333333
0.826086956521739 0.961538461538462 0.902777777777778 0.344978165938865 0.043956043956044 0.075471698113208 1.000000000000000 0.000000000000000 1.000000000000000 0.800000000000000 0.815789473684211 1.000000000000000 0.918238993710692 0.342105263157895 0.181818181818182 0.195121951219512 0.166666666666667 0.066666666666667
0.304347826086957 0.461538461538462 0.361111111111111 0.152838427947598 0.120879120879121 0.113207547169811 0.183006535947712 0.600000000000000 0.083333333333333 0.428571428571429 0.200000000000000 0.131894484412470 0.415094339622642 0.184210526315789 0.136363636363636 0.292682926829268 0.400000000000000 0.500000000000000
0.456521739130435 0.500000000000000 0.513888888888889 0.283842794759825 0.142857142857143 0.113207547169811 0.300653594771242 0.457142857142857 0.250000000000000 0.428571428571429 0.268421052631579 0.226618705035971 0.452830188679245 0.105263157894737 0.545454545454545 0.048780487804878 0.566666666666667 0.600000000000000
0.478260869565217 0.384615384615385 0.500000000000000 0.165938864628821 0.109890109890110 0.150943396226415 0.254901960784314 0.514285714285714 0.166666666666667 0.442857142857143 0.226315789473684 0.185851318944844 0.314465408805031 0.157894736842105 0.090909090909091 0.560975609756098 0.366666666666667 0.633333333333333
0.369565217391304 0.423076923076923 0.444444444444444 0.231441048034935 0.186813186813187 0.113207547169811 0.163398692810458 0.628571428571429 0.083333333333333 0.371428571428571 0.152631578947368 0.118705035971223 0.389937106918239 0.078947368421053 0.409090909090909 0.097560975609756 0.666666666666667 0.733333333333333
0.434782608695652 0.038461538461538 0.361111111111111 0.157205240174672 0.098901098901099 0.094339622641509 0.117647058823529 0.714285714285714 0.083333333333333 0.028571428571429 0.110526315789474 0.080335731414868 0.031446540880503 0.039473684210526 0.227272727272727 0.707317073170732 0.833333333333333 0.866666666666667
0.434782608695652 0.230769230769231 0.652777777777778 0.344978165938865 0.186813186813187 0.113207547169811 0.372549019607843 0.400000000000000 0.250000000000000 0.228571428571429 0.368421052631579 0.285371702637890 0.251572327044025 0.171052631578947 0.318181818181818 0.609756097560976 0.400000000000000 0.466666666666667
0.347826086956522 0.500000000000000 0.611111111111111 0.257641921397380 0.208791208791209 0.169811320754717 0.307189542483660 0.485714285714286 0.250000000000000 0.585714285714286 0.226315789473684 0.220623501199041 0.421383647798742 0.171052631578947 0.045454545454545 0.487804878048780 0.333333333333333 0.533333333333333
0.717391304347826 0.807692307692308 0.847222222222222 0.515283842794760 0.219780219780220 0.188679245283019 0.718954248366013 0.114285714285714 0.666666666666667 0.785714285714286 0.515789473684211 0.643884892086331 0.572327044025157 0.144736842105263 0.136363636363636 0.097560975609756 0.366666666666667 0.666666666666667
0.282608695652174 0.115384615384615 0.527777777777778 0.183406113537118 0.120879120879121 0.094339622641509 0.150326797385621 0.685714285714286 0.083333333333333 0.085714285714286 0.131578947368421 0.103117505995204 0.245283018867925 0.092105263157895 0.000000000000000 0.609756097560976 0.466666666666667 0.466666666666667
0.260869565217391 0.115384615384615 0.361111111111111 0.082969432314410 0.087912087912088 0.056603773584906 0.052287581699346 0.857142857142857 0.000000000000000 0.142857142857143 0.052631578947368 0.033573141486811 0.138364779874214 0.184210526315789 0.045454545454545 0.439024390243902 0.333333333333333 0.300000000000000
