1484 8
0.528089887640449 0.551724137931034 0.329113924050633 0.130000000000000 0.000000000000000 0.000000000000000 0.657534246575342 0.220000000000000
0.359550561797753 0.620689655172414 0.341772151898734 0.270000000000000 0.000000000000000 0.000000000000000 0.726027397260274 0.220000000000000
0.595505617977528 0.563218390804598 0.354430379746835 0.150000000000000 0.000000000000000 0.000000000000000 0.726027397260274 0.220000000000000
0.528089887640449 0.356321839080460 0.455696202531646 0.130000000000000 0.000000000000000 0.000000000000000 0.739726027397260 0.220000000000000
0.348314606741573 0.356321839080460 0.341772151898734 0.540000000000000 0.000000000000000 0.000000000000000 0.657534246575342 0.220000000000000
0.449438202247191 0.310344827586207 0.443037974683544 0.170000000000000 0.000000000000000 0.602409638554217 0.671232876712329 0.220000000000000
0.438202247191011 0.471264367816092 0.341772151898734 0.650000000000000 0.000000000000000 0.000000000000000 0.726027397260274 0.220000000000000
0.415730337078652 0.367816091954023 0.481012658227848 0.200000000000000 0.000000000000000 0.000000000000000 0.794520547945205 0.340000000000000
0.494382022471910 0.425287356321839 0.569620253164557 0.360000000000000 0.000000000000000 0.000000000000000 0.671232876712329 0.220000000000000
0.325842696629214 0.298850574712644 0.493670886075949 0.150000000000000 0.000000000000000 0.000000000000000 0.794520547945205 0.300000000000000
0.359550561797753 0.298850574712644 0.417721518987342 0.210000000000000 0.000000000000000 0.000000000000000 0.726027397260274 0.270000000000000
0.348314606741573 0.275862068965517 0.481012658227848 0.200000000000000 0.000000000000000 0.000000000000000 0.712328767123288 0.290000000000000
0.325842696629214 0.333333333333333 0.455696202531646 0.350000000000000 0.000000000000000 0.000000000000000 0.726027397260274 0.250000000000000
0.550561797752809 0.310344827586207 0.392405063291139 0.460000000000000 0.000000000000000 0.000000000000000 0.726027397260274 0.220000000000000
0.617977528089888 0.482758620689655 0.303797468354430 0.190000000000000 0.000000000000000 0.000000000000000 0.630136986301370 0.220000000000000
0.393258426966292 0.356321839080460 0.392405063291139 0.110000000000000 0.000000000000000 0.000000000000000 0.684931506849315 0.220000000000000
0.404494382022472 0.298850574712644 0.367088607594937 0.110000000000000 0.000000000000000 0.000000000000000 0.671232876712329 0.400000000000000
0.528089887640449 0.390804597701149 0.417721518987342 0.110000000000000 0.000000000000000 0.000000000000000 0.698630136986301 0.260000000000000
0.438202247191011 0.241379310344828 0.430379746835443 0.210000000000000 0.000000000000000 0.000000000000000 0.671232876712329 0.220000000000000
0.561797752808989 0.540229885057471 0.430379746835443 0.210000000000000 0.000000000000000 0.000000000000000 0.684931506849315 0.250000000000000
0.382022471910112 0.310344827586207 0.367088607594937 0.160000000000000 0.000000000000000 0.000000000000000 0.684931506849315 0.220000000000000
0.359550561797753 0.356321839080460 0.341772151898734 0.220000000000000 0.000000000000000 0.000000000000000 0.698630136986301 0.220000000000000
0.696629213483146 0.574712643678161 0.265822784810127 0.300000000000000 0.000000000000000 0.000000000000000 0.671232876712329 0.220000000000000
0.359550561797753 0.459770114942529 0.392405063291139 0.130000000000000 0.000000000000000 0.000000000000000 0.753424657534247 0.220000000000000
0.393258426966292 0.459770114942529 0.392405063291139 0.150000000000000 0.000000000000000 0.000000000000000 0.794520547945205 0.220000000000000
0.449438202247191 0.436781609195402 0.392405063291139 0.510000000000000 0.000000000000000 0.000000000000000 0.739726027397260 0.220000000000000
0.539325842696629 0.367816091954023 0.405063291139241 0.190000000000000 0.000000000000000 0.000000000000000 0.808219178082192 0.270000000000000
0.516853932584270 0.390804597701149 0.493670886075949 0.180000000000000 0.000000000000000 0.000000000000000 0.698630136986301 0.220000000000000
0.584269662921348 0.620689655172414 0.455696202531646 0.240000000000000 0.000000000000000 0.000000000000000 0.671232876712329 0.220000000000000
0.775280898876405 0.862068965517241 0.189873417721519 0.390000000000000 0.000000000000000 0.000000000000000 0.767123287671233 0.330000000000000
0.471910112359551 0.471264367816092 0.278481012658228 0.100000000000000 0.000000000000000 0.000000000000000 0.780821917808219 0.320000000000000
0.449438202247191 0.436781609195402 0.278481012658228 0.870000000000000 0.000000000000000 0.000000000000000 0.712328767123288 0.220000000000000
0.303370786516854 0.551724137931034 0.506329113924051 0.120000000000000 0.000000000000000 0.000000000000000 0.726027397260274 0.470000000000000
0.247191011235955 0.482758620689655 0.379746835443038 0.430000000000000 0.000000000000000 0.000000000000000 0.698630136986301 0.220000000000000
0.752808988764045 0.701149425287356 0.265822784810127 0.260000000000000 0.000000000000000 0.000000000000000 0.589041095890411 0.220000000000000
0.707865168539326 0.620689655172414 0.329113924050633 0.340000000000000 0.000000000000000 0.000000000000000 0.575342465753425 0.220000000000000
0.685393258426966 0.551724137931034 0.303797468354430 0.300000000000000 0.000000000000000 0.000000000000000 0.739726027397260 0.250000000000000
0.325842696629214 0.367816091954023 0.455696202531646 0.180000000000000 0.000000000000000 0.000000000000000 0.767123287671233 0.260000000000000
0.539325842696629 0.459770114942529 0.278481012658228 0.440000000000000 0.000000000000000 0.000000000000000 0.684931506849315 0.220000000000000
0.516853932584270 0.459770114942529 0.405063291139241 0.340000000000000 0.000000000000000 0.000000000000000 0.726027397260274 0.220000000000000
0.842696629213483 0.632183908045977 0.227848101265823 0.240000000000000 0.000000000000000 0.000000000000000 0.739726027397260 0.220000000000000
0.842696629213483 0.701149425287356 0.379746835443038 0.400000000000000 0.000000000000000 0.000000000000000 0.753424657534247 0.220000000000000
0.764044943820225 0.505747126436782 0.253164556962025 0.280000000000000 0.000000000000000 0.000000000000000 0.808219178082192 0.220000000000000
0.337078651685393 0.471264367816092 0.227848101265823 0.200000000000000 0.000000000000000 0.000000000000000 0.698630136986301 0.220000000000000
0.292134831460674 0.264367816091954 0.443037974683544 0.180000000000000 0.000000000000000 0.000000000000000 0.657534246575342 0.260000000000000
0.471910112359551 0.206896551724138 0.468354430379747 0.390000000000000 0.000000000000000 0.000000000000000 0.643835616438356 0.370000000000000
0.707865168539326 0.712643678160920 0.468354430379747 0.470000000000000 0.000000000000000 0.000000000000000 0.547945205479452 0.350000000000000
0.426966292134831 0.298850574712644 0.392405063291139 0.290000000000000 0.000000000000000 0.000000000000000 0.657534246575342 0.220000000000000
0.707865168539326 0.505747126436782 0.379746835443038 0.280000000000000 0.000000000000000 0.000000000000000 0.794520547945205 0.220000000000000
0.348314606741573 0.126436781609195 0.164556962025316 0.160000000000000 0.000000000000000 0.000000000000000 0.684931506849315 0.220000000000000
0.415730337078652 0.298850574712644 0.379746835443038 0.210000000000000 0.000000000000000 0.000000000000000 0.712328767123288 0.280000000000000
0.337078651685393 0.459770114942529 0.303797468354430 0.140000000000000 0.000000000000000 0.000000000000000 0.712328767123288 0.660000000000000
0.382022471910112 0.379310344827586 0.430379746835443 0.430000000000000 0.000000000000000 0.000000000000000 0.753424657534247 0.380000000000000
0.505617977528090 0.402298850574713 0.468354430379747 0.270000000000000 0.000000000000000 0.000000000000000 0.698630136986301 0.220000000000000
0.595505617977528 0.528735632183908 0.443037974683544 0.230000000000000 0.000000000000000 0.000000000000000 0.630136986301370 0.220000000000000
0.595505617977528 0.494252873563218 0.443037974683544 0.220000000000000 0.000000000000000 0.000000000000000 0.616438356164384 0.220000000000000
0.617977528089888 0.563218390804598 0.354430379746835 0.100000000000000 0.000000000000000 0.000000000000000 0.671232876712329 0.220000000000000
0.471910112359551 0.356321839080460 0.379746835443038 0.330000000000000 0.000000000000000 0.000000000000000 0.753424657534247 0.220000000000000
0.303370786516854 0.413793103448276 0.405063291139241 0.190000000000000 0.000000000000000 0.000000000000000 0.684931506849315 0.220000000000000
0.382022471910112 0.517241379310345 0.341772151898734 0.670000000000000 0.000000000000000 0.000000000000000 0.712328767123288 0.220000000000000
0.359550561797753 0.252873563218391 0.392405063291139 0.520000000000000 0.000000000000000 0.000000000000000 0.739726027397260 0.220000000000000
0.292134831460674 0.218390804597701 0.329113924050633 0.180000000000000 0.000000000000000 0.000000000000000 0.616438356164384 0.250000000000000
0.415730337078652 0.344827586206897 0.379746835443038 0.320000000000000 0.000000000000000 0.000000000000000 0.712328767123288 0.430000000000000
0.337078651685393 0.379310344827586 0.481012658227848 0.190000000000000 0.000000000000000 0.000000000000000 0.794520547945205 0.270000000000000
0.483146067415730 0.402298850574713 0.291139240506329 0.080000000000000 0.000000000000000 0.000000000000000 0.712328767123288 0.270000000000000
0.550561797752809 0.390804597701149 0.303797468354430 0.220000000000000 0.000000000000000 0.000000000000000 0.698630136986301 0.290000000000000
0.258426966292135 0.379310344827586 0.455696202531646 0.090000000000000 0.000000000000000 0.000000000000000 0.753424657534247 0.220000000000000
0.415730337078652 0.471264367816092 0.430379746835443 0.120000000000000 0.000000000000000 0.000000000000000 0.698630136986301 0.220000000000000
0.404494382022472 0.298850574712644 0.481012658227848 0.150000000000000 0.000000000000000 0.000000000000000 0.780821917808219 0.220000000000000
0.786516853932584 0.827586206896552 0.329113924050633 0.370000000000000 0.000000000000000 0.000000000000000 0.767123287671233 0.220000000000000
0.415730337078652 0.333333333333333 0.392405063291139 0.240000000000000 0.000000000000000 0.000000000000000 0.767123287671233 0.220000000000000
0.528089887640449 0.436781609195402 0.354430379746835 0.270000000000000 0.000000000000000 0.000000000000000 0.780821917808219 0.290000000000000
0.550561797752809 0.425287356321839 0.291139240506329 0.610000000000000 0.000000000000000 0.000000000000000 0.643835616438356 0.220000000000000
0.382022471910112 0.482758620689655 0.417721518987342 0.660000000000000 0.000000000000000 0.000000000000000 0.643835616438356 0.220000000000000
0.393258426966292 0.413793103448276 0.468354430379747 0.230000000000000 0.000000000000000 0.000000000000000 0.602739726027397 0.220000000000000
0.426966292134831 0.333333333333333 0.443037974683544 0.550000000000000 0.000000000000000 0.000000000000000 0.575342465753425 0.250000000000000
0.584269662921348 0.459770114942529 0.417721518987342 0.400000000000000 0.000000000000000 0.000000000000000 0.684931506849315 0.220000000000000
0.438202247191011 0.471264367816092 0.405063291139241 0.540000000000000 0.000000000000000 0.000000000000000 0.698630136986301 0.270000000000000
0.584269662921348 0.505747126436782 0.481012658227848 0.400000000000000 0.000000000000000 0.000000000000000 0.520547945205479 0.220000000000000
0.359550561797753 0.505747126436782 0.379746835443038 0.490000000000000 0.000000000000000 0.000000000000000 0.657534246575342 0.220000000000000
0.415730337078652 0.367816091954023 0.430379746835443 0.500000000000000 0.000000000000000 0.000000000000000 0.726027397260274 0.220000000000000
0.438202247191011 0.517241379310345 0.316455696202532 0.460000000000000 0.000000000000000 0.000000000000000 0.630136986301370 0.220000000000000
0.449438202247191 0.471264367816092 0.493670886075949 0.570000000000000 0.000000000000000 0.000000000000000 0.794520547945205 0.220000000000000
0.483146067415730 0.448275862068966 0.531645569620253 0.370000000000000 0.000000000000000 0.000000000000000 0.630136986301370 0.220000000000000
0.629213483146068 0.563218390804598 0.240506329113924 0.430000000000000 0.000000000000000 1.000000000000000 0.684931506849315 0.220000000000000
0.191011235955056 0.517241379310345 0.000000000000000 0.130000000000000 0.000000000000000 0.000000000000000 0.698630136986301 0.220000000000000
0.314606741573034 0.356321839080460 0.177215189873418 0.160000000000000 0.000000000000000 0.000000000000000 0.753424657534247 0.220000000000000
0.775280898876405 0.574712643678161 0.303797468354430 0.290000000000000 0.000000000000000 0.000000000000000 0.698630136986301 0.220000000000000
0.438202247191011 0.448275862068966 0.481012658227848 0.300000000000000 0.000000000000000 0.000000000000000 0.698630136986301 0.350000000000000
0.348314606741573 0.390804597701149 0.392405063291139 0.410000000000000 0.000000000000000 0.000000000000000 0.726027397260274 0.320000000000000
0.280898876404494 0.379310344827586 0.518987341772152 0.460000000000000 0.000000000000000 0.000000000000000 0.698630136986301 0.330000000000000
0.393258426966292 0.287356321839080 0.329113924050633 0.220000000000000 0.000000000000000 0.000000000000000 0.712328767123288 0.270000000000000
0.325842696629214 0.367816091954023 0.443037974683544 0.200000000000000 0.000000000000000 0.000000000000000 0.616438356164384 0.220000000000000
0.247191011235955 0.344827586206897 0.544303797468354 0.160000000000000 0.000000000000000 0.000000000000000 0.712328767123288 0.520000000000000
0.426966292134831 0.551724137931034 0.354430379746835 0.250000000000000 0.000000000000000 0.000000000000000 0.684931506849315 0.280000000000000
0.303370786516854 0.425287356321839 0.202531645569620 0.260000000000000 0.000000000000000 0.000000000000000 0.589041095890411 0.220000000000000
0.651685393258427 0.655172413793103 0.392405063291139 0.360000000000000 0.000000000000000 0.000000000000000 0.630136986301370 0.220000000000000
0.561797752808989 0.678160919540230 0.227848101265823 0.330000000000000 0.000000000000000 0.000000000000000 0.794520547945205 0.220000000000000
0.752808988764045 0.712643678160920 0.240506329113924 0.280000000000000 0.000000000000000 0.000000000000000 0.726027397260274 0.220000000000000
0.595505617977528 0.505747126436782 0.455696202531646 0.270000000000000 0.000000000000000 0.000000000000000 0.506849315068493 0.220000000000000
0.280898876404494 0.517241379310345 0.177215189873418 0.240000000000000 0.000000000000000 0.000000000000000 0.602739726027397 0.220000000000000
0.280898876404494 0.344827586206897 0.227848101265823 0.120000000000000 0.000000000000000 0.000000000000000 0.671232876712329 0.220000000000000
0.404494382022472 0.448275862068966 0.367088607594937 0.400000000000000 0.000000000000000 0.000000000000000 0.561643835616438 0.220000000000000
0.415730337078652 0.114942528735632 0.455696202531646 0.270000000000000 0.000000000000000 0.000000000000000 0.657534246575342 0.470000000000000
0.404494382022472 0.298850574712644 0.430379746835443 0.240000000000000 0.000000000000000 0.000000000000000 0.643835616438356 0.220000000000000
0.370786516853933 0.528735632183908 0.189873417721519 0.160000000000000 0.000000000000000 0.000000000000000 0.712328767123288 0.220000000000000
0.348314606741573 0.252873563218391 0.417721518987342 0.180000000000000 0.000000000000000 0.000000000000000 0.767123287671233 0.220000000000000
0.213483146067416 0.494252873563218 0.430379746835443 0.180000000000000 0.000000000000000 0.000000000000000 0.684931506849315 0.220000000000000
0.606741573033708 0.597701149425287 0.392405063291139 0.160000000000000 0.000000000000000 0.000000000000000 0.821917808219178 0.220000000000000
0.179775280898876 0.540229885057471 0.341772151898734 0.230000000000000 0.000000000000000 0.000000000000000 0.753424657534247 0.220000000000000
0.382022471910112 0.321839080459770 0.367088607594937 0.460000000000000 0.000000000000000 0.602409638554217 0.684931506849315 0.270000000000000
0.370786516853933 0.448275862068966 0.253164556962025 0.230000000000000 0.000000000000000 0.000000000000000 0.698630136986301 0.220000000000000
0.213483146067416 0.218390804597701 0.455696202531646 0.190000000000000 0.000000000000000 0.000000000000000 0.657534246575342 0.550000000000000
0.325842696629214 0.356321839080460 0.354430379746835 0.470000000000000 0.000000000000000 0.000000000000000 0.671232876712329 0.270000000000000
0.382022471910112 0.436781609195402 0.367088607594937 0.160000000000000 0.000000000000000 0.000000000000000 0.712328767123288 1.000000000000000
0.382022471910112 0.367816091954023 0.367088607594937 0.600000000000000 0.000000000000000 0.000000000000000 0.671232876712329 0.220000000000000
0.539325842696629 0.620689655172414 0.443037974683544 0.410000000000000 0.000000000000000 0.000000000000000 0.643835616438356 0.220000000000000
0.404494382022472 0.390804597701149 0.455696202531646 0.480000000000000 0.000000000000000 0.000000000000000 0.657534246575342 0.220000000000000
0.269662921348315 0.448275862068966 0.341772151898734 0.220000000000000 0.000000000000000 0.000000000000000 0.356164383561644 0.220000000000000
0.404494382022472 0.321839080459770 0.569620253164557 0.260000000000000 0.000000000000000 0.000000000000000 0.726027397260274 0.220000000000000
0.595505617977528 0.563218390804598 0.101265822784810 0.280000000000000 0.000000000000000 0.000000000000000 0.698630136986301 0.220000000000000
0.494382022471910 0.459770114942529 0.430379746835443 0.460000000000000 0.000000000000000 0.000000000000000 0.712328767123288 0.220000000000000
0.629213483146068 0.563218390804598 0.417721518987342 0.430000000000000 0.000000000000000 0.000000000000000 0.726027397260274 0.220000000000000
0.539325842696629 0.540229885057471 0.354430379746835 0.430000000000000 0.000000000000000 0.000000000000000 0.726027397260274 0.310000000000000
0.483146067415730 0.482758620689655 0.164556962025316 0.310000000000000 0.000000000000000 0.000000000000000 0.739726027397260 0.220000000000000
0.528089887640449 0.563218390804598 0.417721518987342 0.170000000000000 0.000000000000000 0.000000000000000 0.657534246575342 0.220000000000000
0.325842696629214 0.287356321839080 0.405063291139241 0.160000000000000 0.000000000000000 0.000000000000000 0.712328767123288 0.270000000000000
0.393258426966292 0.666666666666667 0.341772151898734 0.530000000000000 0.000000000000000 0.000000000000000 0.726027397260274 0.220000000000000
0.471910112359551 0.436781609195402 0.430379746835443 0.050000000000000 0.000000000000000 0.000000000000000 0.616438356164384 0.250000000000000
0.337078651685393 0.310344827586207 0.481012658227848 0.470000000000000 0.000000000000000 0.000000000000000 0.657534246575342 0.430000000000000
0.438202247191011 0.586206896551724 0.455696202531646 0.150000000000000 0.000000000000000 0.000000000000000 0.643835616438356 0.220000000000000
0.325842696629214 0.563218390804598 0.392405063291139 0.310000000000000 0.000000000000000 0.000000000000000 0.671232876712329 0.310000000000000
0.550561797752809 0.425287356321839 0.455696202531646 0.250000000000000 0.000000000000000 0.000000000000000 0.561643835616438 0.260000000000000
0.573033707865168 0.436781609195402 0.392405063291139 0.420000000000000 0.000000000000000 0.000000000000000 0.739726027397260 0.270000000000000
0.269662921348315 0.517241379310345 0.417721518987342 0.160000000000000 0.000000000000000 0.000000000000000 0.698630136986301 0.220000000000000
0.258426966292135 0.471264367816092 0.367088607594937 0.210000000000000 0.000000000000000 0.000000000000000 0.739726027397260 0.310000000000000
0.314606741573034 0.517241379310345 0.367088607594937 0.260000000000000 0.000000000000000 0.000000000000000 0.739726027397260 0.590000000000000
0.415730337078652 0.471264367816092 0.367088607594937 0.170000000000000 0.000000000000000 0.000000000000000 0.726027397260274 0.220000000000000
0.202247191011236 0.218390804597701 0.468354430379747 0.150000000000000 0.000000000000000 0.000000000000000 0.684931506849315 0.300000000000000
0.404494382022472 0.218390804597701 0.544303797468354 0.300000000000000 0.000000000000000 0.000000000000000 0.863013698630137 0.220000000000000
0.314606741573034 0.390804597701149 0.443037974683544 0.160000000000000 0.000000000000000 0.000000000000000 0.643835616438356 0.220000000000000
0.528089887640449 0.402298850574713 0.379746835443038 0.470000000000000 0.000000000000000 0.000000000000000 0.753424657534247 0.220000000000000
0.595505617977528 0.540229885057471 0.455696202531646 0.190000000000000 0.000000000000000 0.000000000000000 0.589041095890411 0.220000000000000
0.292134831460674 0.379310344827586 0.240506329113924 0.270000000000000 0.000000000000000 0.000000000000000 0.616438356164384 0.220000000000000
0.359550561797753 0.505747126436782 0.405063291139241 0.160000000000000 0.000000000000000 0.000000000000000 0.739726027397260 0.220000000000000
0.191011235955056 0.275862068965517 0.506329113924051 0.090000000000000 0.000000000000000 0.000000000000000 0.712328767123288 0.550000000000000
0.539325842696629 0.402298850574713 0.367088607594937 0.140000000000000 0.000000000000000 0.000000000000000 0.616438356164384 0.250000000000000
0.314606741573034 0.482758620689655 0.341772151898734 0.310000000000000 0.000000000000000 0.000000000000000 0.739726027397260 0.290000000000000
0.168539325842697 0.264367816091954 0.329113924050633 0.340000000000000 0.000000000000000 0.000000000000000 0.726027397260274 0.720000000000000
0.449438202247191 0.241379310344828 0.367088607594937 0.190000000000000 0.000000000000000 0.000000000000000 0.684931506849315 0.220000000000000
0.528089887640449 0.425287356321839 0.367088607594937 0.120000000000000 0.000000000000000 0.000000000000000 0.657534246575342 0.250000000000000
0.370786516853933 0.298850574712644 0.405063291139241 0.140000000000000 0.000000000000000 0.000000000000000 0.739726027397260 0.440000000000000
0.337078651685393 0.298850574712644 0.291139240506329 0.340000000000000 0.000000000000000 0.000000000000000 0.657534246575342 0.400000000000000
0.382022471910112 0.344827586206897 0.379746835443038 0.240000000000000 0.000000000000000 0.000000000000000 0.739726027397260 0.330000000000000
0.280898876404494 0.632183908045977 0.316455696202532 0.160000000000000 0.000000000000000 0.000000000000000 0.726027397260274 0.280000000000000
0.348314606741573 0.206896551724138 0.367088607594937 0.150000000000000 0.000000000000000 0.000000000000000 0.726027397260274 0.220000000000000
0.348314606741573 0.344827586206897 0.443037974683544 0.100000000000000 0.000000000000000 0.000000000000000 0.671232876712329 0.220000000000000
0.629213483146068 0.666666666666667 0.392405063291139 0.650000000000000 0.000000000000000 0.000000000000000 0.726027397260274 0.360000000000000
0.426966292134831 0.390804597701149 0.405063291139241 0.160000000000000 0.000000000000000 0.000000000000000 0.657534246575342 0.270000000000000
0.674157303370786 0.528735632183908 0.341772151898734 0.430000000000000 0.000000000000000 0.000000000000000 0.808219178082192 0.220000000000000
0.325842696629214 0.333333333333333 0.632911392405063 0.210000000000000 0.000000000000000 0.000000000000000 0.739726027397260 0.320000000000000
0.325842696629214 0.333333333333333 0.632911392405063 0.210000000000000 0.000000000000000 0.000000000000000 0.739726027397260 0.320000000000000
0.483146067415730 0.413793103448276 0.354430379746835 0.200000000000000 0.000000000000000 0.000000000000000 0.712328767123288 0.220000000000000
0.348314606741573 0.436781609195402 0.367088607594937 0.120000000000000 0.000000000000000 0.000000000000000 0.712328767123288 0.460000000000000
0.516853932584270 0.436781609195402 0.405063291139241 0.180000000000000 0.000000000000000 0.000000000000000 0.767123287671233 0.250000000000000
0.269662921348315 0.367816091954023 0.278481012658228 0.110000000000000 0.000000000000000 0.000000000000000 0.767123287671233 0.220000000000000
0.348314606741573 0.333333333333333 0.265822784810127 0.200000000000000 0.000000000000000 0.000000000000000 0.671232876712329 0.220000000000000
0.168539325842697 0.425287356321839 0.151898734177215 0.280000000000000 0.000000000000000 0.000000000000000 0.698630136986301 0.220000000000000
0.314606741573034 0.333333333333333 0.215189873417722 0.400000000000000 0.000000000000000 0.000000000000000 0.671232876712329 0.470000000000000
0.168539325842697 0.356321839080460 0.113924050632911 0.110000000000000 0.000000000000000 0.000000000000000 0.698630136986301 0.470000000000000
0.224719101123596 0.356321839080460 0.405063291139241 0.230000000000000 0.000000000000000 0.000000000000000 0.698630136986301 0.320000000000000
0.415730337078652 0.551724137931034 0.291139240506329 0.200000000000000 0.000000000000000 0.000000000000000 0.643835616438356 0.220000000000000
0.617977528089888 0.367816091954023 0.367088607594937 0.230000000000000 0.000000000000000 0.000000000000000 0.671232876712329 0.220000000000000
0.112359550561798 0.321839080459770 0.430379746835443 0.110000000000000 0.000000000000000 0.000000000000000 0.684931506849315 0.270000000000000
0.303370786516854 0.632183908045977 0.291139240506329 0.450000000000000 0.000000000000000 0.000000000000000 0.726027397260274 0.220000000000000
0.370786516853933 0.287356321839080 0.341772151898734 0.320000000000000 0.000000000000000 1.000000000000000 0.726027397260274 0.220000000000000
0.224719101123596 0.206896551724138 0.443037974683544 0.330000000000000 0.000000000000000 0.000000000000000 0.712328767123288 0.330000000000000
0.426966292134831 0.206896551724138 0.354430379746835 0.350000000000000 0.000000000000000 0.000000000000000 0.698630136986301 0.290000000000000
0.303370786516854 0.275862068965517 0.443037974683544 0.210000000000000 0.000000000000000 0.000000000000000 0.671232876712329 0.220000000000000
0.314606741573034 0.310344827586207 0.405063291139241 0.670000000000000 0.000000000000000 0.000000000000000 0.643835616438356 0.220000000000000
0.146067415730337 0.241379310344828 0.607594936708861 0.180000000000000 0.000000000000000 0.000000000000000 0.712328767123288 0.220000000000000
0.426966292134831 0.344827586206897 0.379746835443038 0.130000000000000 0.000000000000000 0.000000000000000 0.643835616438356 0.220000000000000
0.483146067415730 0.287356321839080 0.392405063291139 0.180000000000000 0.000000000000000 0.000000000000000 0.657534246575342 0.220000000000000
0.359550561797753 0.505747126436782 0.405063291139241 0.530000000000000 0.000000000000000 0.000000000000000 0.726027397260274 0.250000000000000
0.415730337078652 0.586206896551724 0.506329113924051 0.230000000000000 0.000000000000000 0.000000000000000 0.821917808219178 0.220000000000000
0.224719101123596 0.482758620689655 0.392405063291139 0.170000000000000 0.000000000000000 0.000000000000000 0.712328767123288 0.220000000000000
0.235955056179775 0.505747126436782 0.367088607594937 0.150000000000000 0.000000000000000 0.000000000000000 0.726027397260274 0.220000000000000
0.235955056179775 0.333333333333333 0.392405063291139 0.240000000000000 0.000000000000000 0.000000000000000 0.821917808219178 0.220000000000000
0.539325842696629 0.425287356321839 0.392405063291139 0.280000000000000 0.000000000000000 0.000000000000000 0.753424657534247 0.250000000000000
0.292134831460674 0.333333333333333 0.379746835443038 0.110000000000000 0.000000000000000 0.000000000000000 0.780821917808219 0.220000000000000
0.719101123595506 0.655172413793103 0.215189873417722 0.270000000000000 0.000000000000000 0.000000000000000 0.671232876712329 0.220000000000000
0.561797752808989 0.678160919540230 0.126582278481013 0.330000000000000 0.000000000000000 0.000000000000000 0.767123287671233 0.220000000000000
0.370786516853933 0.333333333333333 0.493670886075949 0.210000000000000 0.000000000000000 0.000000000000000 0.780821917808219 0.220000000000000
0.460674157303371 0.436781609195402 0.379746835443038 0.540000000000000 0.000000000000000 0.000000000000000 0.753424657534247 0.270000000000000
0.584269662921348 0.494252873563218 0.303797468354430 0.580000000000000 0.000000000000000 0.000000000000000 0.698630136986301 0.220000000000000
0.460674157303371 0.494252873563218 0.417721518987342 0.530000000000000 0.000000000000000 0.000000000000000 0.616438356164384 0.220000000000000
0.528089887640449 0.517241379310345 0.468354430379747 0.490000000000000 0.000000000000000 0.000000000000000 0.671232876712329 0.260000000000000
0.685393258426966 0.563218390804598 0.164556962025316 0.290000000000000 0.000000000000000 0.000000000000000 0.767123287671233 0.280000000000000
0.685393258426966 0.551724137931034 0.202531645569620 0.300000000000000 0.000000000000000 0.000000000000000 0.780821917808219 0.220000000000000
0.393258426966292 0.344827586206897 0.215189873417722 0.330000000000000 0.000000000000000 0.000000000000000 0.657534246575342 0.280000000000000
0.516853932584270 0.505747126436782 0.291139240506329 0.370000000000000 0.000000000000000 0.000000000000000 0.712328767123288 0.250000000000000
0.348314606741573 0.206896551724138 0.518987341772152 0.120000000000000 0.000000000000000 0.000000000000000 0.547945205479452 0.220000000000000
0.426966292134831 0.379310344827586 0.303797468354430 0.450000000000000 0.000000000000000 0.000000000000000 0.712328767123288 0.220000000000000
0.348314606741573 0.517241379310345 0.253164556962025 0.650000000000000 0.000000000000000 0.000000000000000 0.630136986301370 0.260000000000000
0.539325842696629 0.551724137931034 0.164556962025316 0.220000000000000 0.000000000000000 0.000000000000000 0.698630136986301 0.220000000000000
0.460674157303371 0.735632183908046 0.215189873417722 0.340000000000000 0.000000000000000 0.000000000000000 0.698630136986301 0.220000000000000
0.438202247191011 0.448275862068966 0.493670886075949 0.510000000000000 0.000000000000000 0.000000000000000 0.657534246575342 0.220000000000000
0.426966292134831 0.540229885057471 0.278481012658228 0.560000000000000 0.000000000000000 0.000000000000000 0.493150684931507 0.220000000000000
0.438202247191011 0.321839080459770 0.291139240506329 0.500000000000000 0.000000000000000 0.000000000000000 0.575342465753425 0.220000000000000
0.438202247191011 0.310344827586207 0.443037974683544 0.700000000000000 0.000000000000000 0.000000000000000 0.684931506849315 0.220000000000000
0.292134831460674 0.517241379310345 0.291139240506329 0.510000000000000 0.000000000000000 0.000000000000000 0.602739726027397 0.220000000000000
0.494382022471910 0.367816091954023 0.303797468354430 0.540000000000000 0.000000000000000 0.000000000000000 0.684931506849315 0.220000000000000
0.629213483146068 0.632183908045977 0.316455696202532 0.290000000000000 0.000000000000000 0.000000000000000 0.630136986301370 0.220000000000000
0.471910112359551 0.436781609195402 0.316455696202532 0.280000000000000 0.000000000000000 0.000000000000000 0.657534246575342 0.220000000000000
0.269662921348315 0.609195402298851 0.354430379746835 0.210000000000000 0.000000000000000 0.000000000000000 0.739726027397260 0.250000000000000
0.460674157303371 0.310344827586207 0.493670886075949 0.120000000000000 0.000000000000000 0.000000000000000 0.753424657534247 0.220000000000000
0.741573033707865 0.758620689655172 0.468354430379747 0.230000000000000 0.000000000000000 0.000000000000000 0.657534246575342 0.220000000000000
0.404494382022472 0.379310344827586 0.481012658227848 0.490000000000000 0.000000000000000 0.000000000000000 0.767123287671233 0.220000000000000
0.696629213483146 0.804597701149425 0.278481012658228 0.300000000000000 0.000000000000000 0.000000000000000 0.753424657534247 0.220000000000000
0.752808988764045 0.701149425287356 0.468354430379747 0.250000000000000 1.000000000000000 0.000000000000000 0.726027397260274 0.220000000000000
0.662921348314607 0.597701149425287 0.417721518987342 0.280000000000000 0.000000000000000 0.000000000000000 0.821917808219178 0.400000000000000
0.404494382022472 0.471264367816092 0.202531645569620 0.140000000000000 0.000000000000000 0.000000000000000 0.684931506849315 0.220000000000000
0.505617977528090 0.448275862068966 0.341772151898734 0.170000000000000 0.000000000000000 0.000000000000000 0.630136986301370 0.220000000000000
0.516853932584270 0.321839080459770 0.481012658227848 0.240000000000000 0.000000000000000 0.000000000000000 0.547945205479452 0.220000000000000
0.505617977528090 0.321839080459770 0.468354430379747 0.210000000000000 0.000000000000000 0.000000000000000 0.575342465753425 0.220000000000000
0.528089887640449 0.494252873563218 0.303797468354430 0.120000000000000 0.000000000000000 0.000000000000000 0.698630136986301 0.220000000000000
0.471910112359551 0.287356321839080 0.569620253164557 0.250000000000000 0.000000000000000 0.000000000000000 0.589041095890411 0.220000000000000
0.258426966292135 0.264367816091954 0.417721518987342 0.110000000000000 0.000000000000000 0.000000000000000 0.493150684931507 0.210000000000000
0.651685393258427 0.551724137931034 0.215189873417722 0.270000000000000 0.000000000000000 0.000000000000000 0.712328767123288 0.220000000000000
0.292134831460674 0.459770114942529 0.493670886075949 0.190000000000000 0.000000000000000 0.602409638554217 0.575342465753425 0.220000000000000
0.337078651685393 0.367816091954023 0.405063291139241 0.170000000000000 0.000000000000000 0.000000000000000 0.698630136986301 0.250000000000000
0.224719101123596 0.379310344827586 0.417721518987342 0.520000000000000 0.000000000000000 0.000000000000000 0.684931506849315 0.340000000000000
0.280898876404494 0.275862068965517 0.151898734177215 0.140000000000000 0.000000000000000 0.000000000000000 0.780821917808219 0.310000000000000
0.797752808988764 0.747126436781609 0.354430379746835 0.230000000000000 0.000000000000000 0.000000000000000 0.630136986301370 0.220000000000000
0.797752808988764 0.712643678160920 0.417721518987342 0.230000000000000 0.000000000000000 0.000000000000000 0.630136986301370 0.220000000000000
0.337078651685393 0.436781609195402 0.468354430379747 0.150000000000000 0.000000000000000 0.000000000000000 0.616438356164384 0.270000000000000
0.303370786516854 0.436781609195402 0.683544303797468 0.170000000000000 0.000000000000000 0.000000000000000 0.753424657534247 0.220000000000000
0.303370786516854 0.436781609195402 0.683544303797468 0.170000000000000 0.000000000000000 0.000000000000000 0.753424657534247 0.220000000000000
0.471910112359551 0.356321839080460 0.379746835443038 0.330000000000000 0.000000000000000 0.000000000000000 0.712328767123288 0.220000000000000
0.393258426966292 0.471264367816092 0.632911392405063 0.150000000000000 0.000000000000000 0.000000000000000 0.808219178082192 0.220000000000000
0.325842696629214 0.494252873563218 0.341772151898734 0.140000000000000 0.000000000000000 0.000000000000000 0.643835616438356 0.220000000000000
0.471910112359551 0.459770114942529 0.493670886075949 0.130000000000000 0.000000000000000 0.000000000000000 0.671232876712329 0.220000000000000
0.348314606741573 0.505747126436782 0.645569620253165 0.220000000000000 0.000000000000000 0.000000000000000 0.780821917808219 0.220000000000000
0.382022471910112 0.160919540229885 0.455696202531646 0.360000000000000 0.000000000000000 0.000000000000000 0.712328767123288 0.180000000000000
0.101123595505618 0.149425287356322 0.392405063291139 0.140000000000000 0.000000000000000 0.000000000000000 0.726027397260274 0.440000000000000
0.449438202247191 0.459770114942529 0.430379746835443 0.140000000000000 0.000000000000000 0.000000000000000 0.698630136986301 0.220000000000000
0.370786516853933 0.632183908045977 0.303797468354430 0.510000000000000 0.000000000000000 0.000000000000000 0.712328767123288 0.410000000000000
0.179775280898876 0.298850574712644 0.569620253164557 0.110000000000000 0.000000000000000 0.000000000000000 0.602739726027397 0.220000000000000
0.494382022471910 0.333333333333333 0.164556962025316 0.300000000000000 0.000000000000000 0.000000000000000 0.712328767123288 0.220000000000000
0.258426966292135 0.333333333333333 0.113924050632911 0.230000000000000 0.000000000000000 0.000000000000000 0.726027397260274 0.220000000000000
0.370786516853933 0.459770114942529 0.392405063291139 0.230000000000000 0.000000000000000 1.000000000000000 0.698630136986301 0.220000000000000
0.539325842696629 0.517241379310345 0.443037974683544 0.210000000000000 0.000000000000000 0.000000000000000 0.739726027397260 0.330000000000000
0.314606741573034 0.172413793103448 0.316455696202532 0.120000000000000 0.000000000000000 0.000000000000000 0.561643835616438 0.220000000000000
0.505617977528090 0.344827586206897 0.417721518987342 0.160000000000000 0.000000000000000 0.000000000000000 0.684931506849315 0.220000000000000
0.280898876404494 0.632183908045977 0.215189873417722 0.080000000000000 0.000000000000000 0.000000000000000 0.726027397260274 0.250000000000000
0.179775280898876 0.264367816091954 0.493670886075949 0.330000000000000 0.000000000000000 0.000000000000000 0.506849315068493 0.310000000000000
0.269662921348315 0.310344827586207 0.481012658227848 0.220000000000000 0.000000000000000 0.000000000000000 0.643835616438356 0.370000000000000
0.348314606741573 0.218390804597701 0.367088607594937 0.210000000000000 0.000000000000000 0.000000000000000 0.698630136986301 0.220000000000000
0.134831460674157 0.080459770114943 0.405063291139241 0.200000000000000 0.000000000000000 0.000000000000000 0.602739726027397 0.220000000000000
0.494382022471910 0.471264367816092 0.443037974683544 0.220000000000000 0.000000000000000 0.000000000000000 0.684931506849315 0.370000000000000
0.280898876404494 0.126436781609195 0.354430379746835 0.160000000000000 0.000000000000000 0.000000000000000 0.698630136986301 0.220000000000000
0.303370786516854 0.402298850574713 0.481012658227848 0.220000000000000 0.000000000000000 0.000000000000000 0.630136986301370 0.220000000000000
0.775280898876405 0.379310344827586 0.367088607594937 0.150000000000000 0.000000000000000 0.000000000000000 0.726027397260274 0.220000000000000
0.550561797752809 0.494252873563218 0.329113924050633 0.200000000000000 0.000000000000000 0.000000000000000 0.684931506849315 0.380000000000000
0.337078651685393 0.126436781609195 0.417721518987342 0.260000000000000 0.000000000000000 0.000000000000000 0.561643835616438 0.220000000000000
0.404494382022472 0.597701149425287 0.417721518987342 0.620000000000000 0.000000000000000 0.000000000000000 0.726027397260274 0.360000000000000
0.359550561797753 0.298850574712644 0.417721518987342 0.140000000000000 0.000000000000000 0.000000000000000 0.643835616438356 0.220000000000000
0.438202247191011 0.436781609195402 0.392405063291139 0.090000000000000 0.000000000000000 0.000000000000000 0.657534246575342 0.250000000000000
0.471910112359551 0.551724137931034 0.392405063291139 0.210000000000000 0.000000000000000 0.000000000000000 0.753424657534247 0.300000000000000
0.483146067415730 0.333333333333333 0.253164556962025 0.160000000000000 0.000000000000000 0.000000000000000 0.712328767123288 0.220000000000000
0.393258426966292 0.252873563218391 0.405063291139241 0.160000000000000 0.000000000000000 0.000000000000000 0.698630136986301 0.290000000000000
0.393258426966292 0.344827586206897 0.354430379746835 0.790000000000000 0.000000000000000 0.000000000000000 0.671232876712329 0.630000000000000
0.449438202247191 0.482758620689655 0.177215189873418 0.160000000000000 0.000000000000000 0.000000000000000 0.698630136986301 0.470000000000000
0.505617977528090 0.448275862068966 0.430379746835443 0.190000000000000 0.000000000000000 0.000000000000000 0.739726027397260 0.220000000000000
0.561797752808989 0.195402298850575 0.481012658227848 0.120000000000000 0.000000000000000 0.000000000000000 0.671232876712329 0.270000000000000
0.292134831460674 0.459770114942529 0.316455696202532 0.230000000000000 0.000000000000000 0.000000000000000 0.643835616438356 0.220000000000000
0.808988764044944 0.517241379310345 0.151898734177215 0.040000000000000 0.000000000000000 0.000000000000000 0.726027397260274 0.220000000000000
0.314606741573034 0.367816091954023 0.405063291139241 0.180000000000000 0.000000000000000 0.000000000000000 0.739726027397260 0.220000000000000
0.460674157303371 0.471264367816092 0.367088607594937 0.210000000000000 0.000000000000000 0.000000000000000 0.657534246575342 0.300000000000000
0.269662921348315 0.298850574712644 0.455696202531646 0.110000000000000 0.000000000000000 0.000000000000000 0.657534246575342 0.220000000000000
0.280898876404494 0.413793103448276 0.113924050632911 0.220000000000000 0.000000000000000 0.000000000000000 0.712328767123288 0.310000000000000
0.752808988764045 0.655172413793103 0.139240506329114 0.230000000000000 0.000000000000000 0.000000000000000 0.726027397260274 0.220000000000000
0.494382022471910 0.379310344827586 0.405063291139241 0.110000000000000 0.000000000000000 0.000000000000000 0.712328767123288 0.480000000000000
0.382022471910112 0.494252873563218 0.417721518987342 0.320000000000000 0.000000000000000 0.000000000000000 0.780821917808219 0.220000000000000
0.382022471910112 0.494252873563218 0.405063291139241 0.320000000000000 0.000000000000000 0.000000000000000 0.780821917808219 0.220000000000000
0.202247191011236 0.344827586206897 0.240506329113924 0.150000000000000 0.000000000000000 0.000000000000000 0.726027397260274 0.220000000000000
0.460674157303371 0.712643678160920 0.202531645569620 0.140000000000000 0.000000000000000 0.000000000000000 0.630136986301370 0.220000000000000
0.674157303370786 0.494252873563218 0.227848101265823 0.270000000000000 0.000000000000000 0.000000000000000 0.712328767123288 0.220000000000000
0.528089887640449 0.540229885057471 0.278481012658228 0.120000000000000 0.000000000000000 0.000000000000000 0.753424657534247 0.220000000000000
0.483146067415730 0.597701149425287 0.354430379746835 0.340000000000000 0.000000000000000 0.000000000000000 0.712328767123288 0.220000000000000
0.516853932584270 0.528735632183908 0.291139240506329 0.160000000000000 0.000000000000000 0.000000000000000 0.712328767123288 0.220000000000000
0.539325842696629 0.517241379310345 0.316455696202532 0.190000000000000 0.000000000000000 0.000000000000000 0.767123287671233 0.270000000000000
0.910112359550562 0.551724137931034 0.240506329113924 0.220000000000000 0.000000000000000 0.000000000000000 0.739726027397260 0.220000000000000
0.494382022471910 0.494252873563218 0.303797468354430 0.140000000000000 0.000000000000000 0.000000000000000 0.739726027397260 0.220000000000000
0.584269662921348 0.551724137931034 0.253164556962025 0.220000000000000 0.000000000000000 0.000000000000000 0.698630136986301 0.220000000000000
0.528089887640449 0.459770114942529 0.215189873417722 0.180000000000000 0.000000000000000 0.000000000000000 0.712328767123288 0.220000000000000
0.280898876404494 0.379310344827586 0.278481012658228 0.190000000000000 0.000000000000000 0.000000000000000 0.657534246575342 0.220000000000000
0.235955056179775 0.390804597701149 0.430379746835443 0.120000000000000 0.000000000000000 0.000000000000000 0.712328767123288 0.220000000000000
0.258426966292135 0.287356321839080 0.303797468354430 0.190000000000000 0.000000000000000 0.000000000000000 0.698630136986301 0.220000000000000
0.573033707865168 0.517241379310345 0.316455696202532 0.130000000000000 0.000000000000000 0.000000000000000 0.726027397260274 0.220000000000000
0.471910112359551 0.632183908045977 0.265822784810127 0.190000000000000 0.000000000000000 0.000000000000000 0.726027397260274 0.220000000000000
0.696629213483146 0.482758620689655 0.253164556962025 0.160000000000000 0.000000000000000 0.000000000000000 0.630136986301370 0.220000000000000
0.494382022471910 0.379310344827586 0.316455696202532 0.310000000000000 0.000000000000000 0.000000000000000 0.794520547945205 0.480000000000000
0.269662921348315 0.540229885057471 0.329113924050633 0.130000000000000 0.000000000000000 0.000000000000000 0.712328767123288 0.430000000000000
0.741573033707865 0.770114942528736 0.379746835443038 0.400000000000000 1.000000000000000 0.000000000000000 0.739726027397260 0.220000000000000
0.741573033707865 0.850574712643678 0.329113924050633 0.370000000000000 0.000000000000000 0.000000000000000 0.657534246575342 0.220000000000000
0.269662921348315 0.379310344827586 0.354430379746835 0.150000000000000 1.000000000000000 0.000000000000000 0.753424657534247 0.350000000000000
0.359550561797753 0.436781609195402 0.341772151898734 0.140000000000000 0.000000000000000 0.000000000000000 0.684931506849315 0.220000000000000
0.516853932584270 0.551724137931034 0.303797468354430 0.260000000000000 0.000000000000000 0.000000000000000 0.684931506849315 0.220000000000000
0.584269662921348 0.563218390804598 0.265822784810127 0.120000000000000 0.000000000000000 0.000000000000000 0.712328767123288 0.250000000000000
0.157303370786517 0.310344827586207 0.379746835443038 0.180000000000000 0.000000000000000 0.000000000000000 0.684931506849315 0.270000000000000
0.505617977528090 0.563218390804598 0.405063291139241 0.240000000000000 0.000000000000000 0.000000000000000 0.780821917808219 0.220000000000000
0.528089887640449 0.540229885057471 0.379746835443038 0.240000000000000 0.000000000000000 0.000000000000000 0.726027397260274 0.220000000000000
0.674157303370786 0.528735632183908 0.405063291139241 0.150000000000000 0.000000000000000 0.000000000000000 0.671232876712329 0.330000000000000
0.393258426966292 0.252873563218391 0.151898734177215 0.170000000000000 0.000000000000000 0.000000000000000 0.753424657534247 0.220000000000000
0.483146067415730 0.482758620689655 0.265822784810127 0.220000000000000 0.000000000000000 0.000000000000000 0.657534246575342 0.220000000000000
0.314606741573034 0.356321839080460 0.088607594936709 0.120000000000000 0.000000000000000 0.000000000000000 0.630136986301370 0.270000000000000
0.247191011235955 0.356321839080460 0.354430379746835 0.080000000000000 0.000000000000000 0.000000000000000 0.657534246575342 0.490000000000000
0.786516853932584 0.793103448275862 0.253164556962025 0.360000000000000 0.000000000000000 0.000000000000000 0.534246575342466 0.220000000000000
0.651685393258427 0.540229885057471 0.379746835443038 0.130000000000000 0.000000000000000 1.000000000000000 0.712328767123288 0.220000000000000
0.393258426966292 0.402298850574713 0.291139240506329 0.210000000000000 0.000000000000000 0.000000000000000 0.753424657534247 0.220000000000000
0.269662921348315 0.264367816091954 0.455696202531646 0.170000000000000 0.000000000000000 0.000000000000000 0.712328767123288 0.220000000000000
0.707865168539326 0.678160919540230 0.329113924050633 0.250000000000000 0.000000000000000 0.000000000000000 0.780821917808219 0.220000000000000
0.483146067415730 0.505747126436782 0.392405063291139 0.190000000000000 0.000000000000000 0.000000000000000 0.808219178082192 0.670000000000000
0.348314606741573 0.448275862068966 0.240506329113924 0.170000000000000 0.000000000000000 0.000000000000000 0.684931506849315 0.260000000000000
0.898876404494382 0.735632183908046 0.164556962025316 0.470000000000000 0.000000000000000 0.000000000000000 0.712328767123288 0.310000000000000
0.786516853932584 0.885057471264368 0.227848101265823 0.410000000000000 0.000000000000000 0.000000000000000 0.726027397260274 0.220000000000000
0.382022471910112 0.310344827586207 0.443037974683544 0.140000000000000 0.000000000000000 0.000000000000000 0.739726027397260 0.220000000000000
0.404494382022472 0.390804597701149 0.468354430379747 0.160000000000000 0.000000000000000 0.000000000000000 0.671232876712329 0.280000000000000
0.337078651685393 0.298850574712644 0.379746835443038 0.520000000000000 0.000000000000000 0.000000000000000 0.671232876712329 0.220000000000000
0.292134831460674 0.241379310344828 0.139240506329114 0.220000000000000 0.000000000000000 0.000000000000000 0.767123287671233 0.220000000000000
0.651685393258427 0.540229885057471 0.367088607594937 0.310000000000000 0.000000000000000 0.000000000000000 0.753424657534247 0.220000000000000
0.269662921348315 0.494252873563218 0.189873417721519 0.300000000000000 0.000000000000000 0.000000000000000 0.726027397260274 0.250000000000000
0.820224719101124 0.609195402298851 0.189873417721519 0.780000000000000 0.000000000000000 0.000000000000000 0.671232876712329 0.500000000000000
0.449438202247191 0.517241379310345 0.417721518987342 0.290000000000000 0.000000000000000 0.000000000000000 0.726027397260274 0.220000000000000
0.292134831460674 0.344827586206897 0.518987341772152 0.270000000000000 0.000000000000000 0.000000000000000 0.657534246575342 0.220000000000000
0.494382022471910 0.609195402298851 0.455696202531646 0.320000000000000 0.000000000000000 0.000000000000000 0.780821917808219 0.340000000000000
0.415730337078652 0.252873563218391 0.265822784810127 0.210000000000000 0.000000000000000 0.000000000000000 0.780821917808219 0.220000000000000
0.573033707865168 0.517241379310345 0.392405063291139 0.150000000000000 0.000000000000000 0.000000000000000 0.712328767123288 0.290000000000000
0.505617977528090 0.528735632183908 0.405063291139241 0.160000000000000 0.000000000000000 0.000000000000000 0.328767123287671 0.420000000000000
0.370786516853933 0.436781609195402 0.202531645569620 0.150000000000000 0.000000000000000 0.000000000000000 0.698630136986301 0.220000000000000
0.370786516853933 0.356321839080460 0.354430379746835 0.150000000000000 0.000000000000000 0.000000000000000 0.630136986301370 0.270000000000000
0.438202247191011 0.425287356321839 0.341772151898734 0.170000000000000 0.000000000000000 0.000000000000000 0.643835616438356 0.260000000000000
0.550561797752809 0.540229885057471 0.354430379746835 0.300000000000000 0.000000000000000 0.000000000000000 0.726027397260274 0.220000000000000
0.426966292134831 0.379310344827586 0.164556962025316 0.210000000000000 0.000000000000000 0.000000000000000 0.753424657534247 0.220000000000000
0.269662921348315 0.632183908045977 0.455696202531646 0.400000000000000 0.000000000000000 0.000000000000000 0.726027397260274 0.360000000000000
0.662921348314607 0.643678160919540 0.278481012658228 0.330000000000000 0.000000000000000 0.000000000000000 0.794520547945205 0.220000000000000
0.134831460674157 0.195402298850575 0.468354430379747 0.220000000000000 0.000000000000000 0.000000000000000 0.657534246575342 0.270000000000000
0.382022471910112 0.333333333333333 0.392405063291139 0.200000000000000 0.000000000000000 0.000000000000000 0.684931506849315 0.250000000000000
0.449438202247191 0.252873563218391 0.316455696202532 0.150000000000000 0.000000000000000 0.000000000000000 0.698630136986301 0.420000000000000
0.348314606741573 0.298850574712644 0.329113924050633 0.130000000000000 0.000000000000000 0.000000000000000 0.684931506849315 0.270000000000000
0.235955056179775 0.287356321839080 0.392405063291139 0.200000000000000 0.000000000000000 0.000000000000000 0.712328767123288 0.280000000000000
0.539325842696629 0.597701149425287 0.392405063291139 0.300000000000000 0.000000000000000 0.000000000000000 0.630136986301370 0.310000000000000
0.337078651685393 0.448275862068966 0.253164556962025 0.110000000000000 0.000000000000000 0.000000000000000 0.739726027397260 0.350000000000000
0.292134831460674 0.229885057471264 0.367088607594937 0.120000000000000 0.000000000000000 0.000000000000000 0.698630136986301 0.540000000000000
0.382022471910112 0.494252873563218 0.354430379746835 0.170000000000000 0.000000000000000 0.000000000000000 0.712328767123288 0.220000000000000
0.505617977528090 0.471264367816092 0.481012658227848 0.140000000000000 0.000000000000000 0.000000000000000 0.712328767123288 0.270000000000000
0.224719101123596 0.206896551724138 0.417721518987342 0.180000000000000 0.000000000000000 0.000000000000000 0.712328767123288 0.290000000000000
0.179775280898876 0.436781609195402 0.329113924050633 0.350000000000000 0.000000000000000 0.000000000000000 0.671232876712329 0.280000000000000
0.483146067415730 0.494252873563218 0.455696202531646 0.180000000000000 0.000000000000000 0.000000000000000 0.616438356164384 0.250000000000000
0.067415730337079 0.287356321839080 0.303797468354430 0.090000000000000 0.000000000000000 0.000000000000000 0.739726027397260 0.270000000000000
0.359550561797753 0.436781609195402 0.417721518987342 0.150000000000000 0.000000000000000 0.000000000000000 0.616438356164384 0.260000000000000
0.550561797752809 0.310344827586207 0.481012658227848 0.180000000000000 0.000000000000000 0.000000000000000 0.657534246575342 0.220000000000000
0.898876404494382 0.643678160919540 0.455696202531646 0.450000000000000 0.000000000000000 0.000000000000000 0.767123287671233 0.220000000000000
0.303370786516854 0.390804597701149 0.405063291139241 0.120000000000000 0.000000000000000 0.000000000000000 0.657534246575342 0.220000000000000
0.539325842696629 0.344827586206897 0.392405063291139 0.190000000000000 0.000000000000000 0.000000000000000 0.753424657534247 0.270000000000000
0.595505617977528 0.459770114942529 0.303797468354430 0.130000000000000 0.000000000000000 0.000000000000000 0.726027397260274 0.220000000000000
0.426966292134831 0.206896551724138 0.164556962025316 0.130000000000000 0.000000000000000 0.000000000000000 0.712328767123288 0.220000000000000
0.460674157303371 0.436781609195402 0.379746835443038 0.120000000000000 0.000000000000000 0.000000000000000 0.698630136986301 0.400000000000000
0.426966292134831 0.344827586206897 0.341772151898734 0.150000000000000 0.000000000000000 0.000000000000000 0.753424657534247 0.250000000000000
0.426966292134831 0.390804597701149 0.392405063291139 0.160000000000000 0.000000000000000 0.000000000000000 0.726027397260274 0.280000000000000
0.415730337078652 0.298850574712644 0.354430379746835 0.180000000000000 0.000000000000000 0.000000000000000 0.698630136986301 0.220000000000000
0.370786516853933 0.241379310344828 0.430379746835443 0.180000000000000 0.000000000000000 0.000000000000000 0.712328767123288 0.220000000000000
0.359550561797753 0.471264367816092 0.468354430379747 0.160000000000000 0.000000000000000 0.000000000000000 0.684931506849315 0.360000000000000
0.426966292134831 0.333333333333333 0.417721518987342 0.170000000000000 0.000000000000000 0.000000000000000 0.684931506849315 0.360000000000000
0.258426966292135 0.609195402298851 0.379746835443038 0.160000000000000 0.000000000000000 0.000000000000000 0.643835616438356 0.330000000000000
0.101123595505618 0.241379310344828 0.151898734177215 0.100000000000000 0.000000000000000 0.000000000000000 0.657534246575342 0.310000000000000
0.707865168539326 0.459770114942529 0.367088607594937 0.080000000000000 0.000000000000000 0.000000000000000 0.753424657534247 0.310000000000000
0.651685393258427 0.402298850574713 0.215189873417722 0.150000000000000 0.000000000000000 0.000000000000000 0.753424657534247 0.220000000000000
0.213483146067416 0.425287356321839 0.329113924050633 0.110000000000000 0.000000000000000 0.000000000000000 0.630136986301370 0.220000000000000
0.370786516853933 0.436781609195402 0.341772151898734 0.380000000000000 0.000000000000000 0.000000000000000 0.712328767123288 0.220000000000000
0.224719101123596 0.367816091954023 0.367088607594937 0.170000000000000 0.000000000000000 0.000000000000000 0.671232876712329 0.220000000000000
0.494382022471910 0.321839080459770 0.443037974683544 0.210000000000000 0.000000000000000 0.000000000000000 0.712328767123288 0.220000000000000
0.325842696629214 0.241379310344828 0.392405063291139 0.170000000000000 0.000000000000000 0.000000000000000 0.643835616438356 0.510000000000000
0.325842696629214 0.402298850574713 0.367088607594937 0.170000000000000 0.000000000000000 0.000000000000000 0.739726027397260 0.500000000000000
0.528089887640449 0.402298850574713 0.443037974683544 0.100000000000000 0.000000000000000 0.000000000000000 0.630136986301370 0.250000000000000
0.528089887640449 0.402298850574713 0.443037974683544 0.120000000000000 0.000000000000000 0.000000000000000 0.630136986301370 0.250000000000000
0.528089887640449 0.367816091954023 0.341772151898734 0.240000000000000 0.000000000000000 0.000000000000000 0.712328767123288 0.370000000000000
0.528089887640449 0.321839080459770 0.379746835443038 0.260000000000000 0.000000000000000 0.000000000000000 0.698630136986301 0.370000000000000
0.337078651685393 0.540229885057471 0.405063291139241 0.290000000000000 0.000000000000000 0.000000000000000 0.643835616438356 0.430000000000000
0.651685393258427 0.425287356321839 0.354430379746835 0.420000000000000 0.000000000000000 0.000000000000000 0.671232876712329 0.220000000000000
0.303370786516854 0.413793103448276 0.506329113924051 0.130000000000000 0.000000000000000 0.000000000000000 0.739726027397260 0.220000000000000
0.550561797752809 0.402298850574713 0.291139240506329 0.520000000000000 0.000000000000000 0.000000000000000 0.739726027397260 0.630000000000000
0.404494382022472 0.413793103448276 0.531645569620253 0.170000000000000 0.000000000000000 0.000000000000000 0.424657534246575 0.260000000000000
0.191011235955056 0.436781609195402 0.430379746835443 0.110000000000000 0.000000000000000 0.000000000000000 0.630136986301370 0.220000000000000
0.505617977528090 0.505747126436782 0.531645569620253 0.390000000000000 1.000000000000000 0.000000000000000 0.808219178082192 0.400000000000000
0.112359550561798 0.287356321839080 0.354430379746835 0.160000000000000 0.000000000000000 0.000000000000000 0.698630136986301 0.450000000000000
0.393258426966292 0.505747126436782 0.455696202531646 0.150000000000000 0.000000000000000 0.000000000000000 0.712328767123288 0.260000000000000
0.359550561797753 0.333333333333333 0.417721518987342 0.220000000000000 0.000000000000000 0.000000000000000 0.780821917808219 0.330000000000000
0.516853932584270 0.528735632183908 0.367088607594937 0.580000000000000 0.000000000000000 0.000000000000000 0.726027397260274 0.220000000000000
0.415730337078652 0.241379310344828 0.329113924050633 0.140000000000000 0.000000000000000 0.000000000000000 0.643835616438356 0.260000000000000
0.269662921348315 0.310344827586207 0.405063291139241 0.180000000000000 0.000000000000000 0.000000000000000 0.575342465753425 0.380000000000000
0.404494382022472 0.367816091954023 0.405063291139241 0.620000000000000 0.000000000000000 0.000000000000000 0.630136986301370 0.220000000000000
0.471910112359551 0.344827586206897 0.329113924050633 0.150000000000000 0.000000000000000 0.000000000000000 0.794520547945205 0.220000000000000
0.393258426966292 0.367816091954023 0.443037974683544 0.160000000000000 0.000000000000000 0.000000000000000 0.767123287671233 0.220000000000000
0.370786516853933 0.333333333333333 0.518987341772152 0.140000000000000 0.000000000000000 0.000000000000000 0.753424657534247 0.370000000000000
0.292134831460674 0.241379310344828 0.468354430379747 0.240000000000000 0.000000000000000 0.000000000000000 0.602739726027397 0.180000000000000
0.292134831460674 0.241379310344828 0.468354430379747 0.240000000000000 0.000000000000000 0.000000000000000 0.602739726027397 0.180000000000000
0.314606741573034 0.298850574712644 0.430379746835443 0.520000000000000 0.000000000000000 0.000000000000000 0.506849315068493 0.160000000000000
0.314606741573034 0.298850574712644 0.430379746835443 0.520000000000000 0.000000000000000 0.000000000000000 0.506849315068493 0.160000000000000
0.415730337078652 0.379310344827586 0.215189873417722 0.290000000000000 0.000000000000000 0.000000000000000 0.726027397260274 0.220000000000000
0.415730337078652 0.505747126436782 0.367088607594937 0.090000000000000 0.000000000000000 0.000000000000000 0.712328767123288 0.420000000000000
0.561797752808989 0.505747126436782 0.303797468354430 0.210000000000000 0.000000000000000 0.000000000000000 0.684931506849315 0.420000000000000
0.505617977528090 0.356321839080460 0.443037974683544 0.190000000000000 0.000000000000000 0.000000000000000 0.739726027397260 0.220000000000000
0.449438202247191 0.574712643678161 0.113924050632911 0.350000000000000 0.000000000000000 0.000000000000000 0.726027397260274 0.270000000000000
0.471910112359551 0.632183908045977 0.164556962025316 0.420000000000000 0.000000000000000 0.000000000000000 0.739726027397260 0.270000000000000
0.292134831460674 0.103448275862069 0.544303797468354 0.350000000000000 0.000000000000000 0.000000000000000 0.643835616438356 0.220000000000000
0.449438202247191 0.402298850574713 0.468354430379747 0.220000000000000 0.000000000000000 0.000000000000000 0.684931506849315 0.280000000000000
0.426966292134831 0.275862068965517 0.481012658227848 0.170000000000000 0.000000000000000 0.000000000000000 0.698630136986301 0.220000000000000
0.449438202247191 0.402298850574713 0.468354430379747 0.220000000000000 0.000000000000000 0.000000000000000 0.684931506849315 0.280000000000000
0.471910112359551 0.459770114942529 0.405063291139241 0.170000000000000 0.000000000000000 0.000000000000000 0.671232876712329 0.370000000000000
0.202247191011236 0.632183908045977 0.329113924050633 0.260000000000000 0.000000000000000 0.000000000000000 0.643835616438356 0.370000000000000
0.438202247191011 0.367816091954023 0.354430379746835 0.150000000000000 0.000000000000000 0.000000000000000 0.753424657534247 0.430000000000000
0.247191011235955 0.172413793103448 0.126582278481013 0.240000000000000 0.000000000000000 0.000000000000000 0.726027397260274 0.220000000000000
0.831460674157303 0.827586206896552 0.113924050632911 0.310000000000000 0.000000000000000 0.000000000000000 0.753424657534247 0.420000000000000
0.359550561797753 0.298850574712644 0.379746835443038 0.280000000000000 0.000000000000000 0.000000000000000 0.547945205479452 0.220000000000000
0.561797752808989 0.471264367816092 0.354430379746835 0.160000000000000 0.000000000000000 0.000000000000000 0.739726027397260 0.420000000000000
0.258426966292135 0.252873563218391 0.506329113924051 0.190000000000000 0.000000000000000 0.000000000000000 0.712328767123288 0.250000000000000
0.494382022471910 0.459770114942529 0.443037974683544 0.290000000000000 0.000000000000000 0.000000000000000 0.657534246575342 0.220000000000000
0.617977528089888 0.563218390804598 0.392405063291139 0.170000000000000 0.000000000000000 0.000000000000000 0.671232876712329 0.220000000000000
0.370786516853933 0.321839080459770 0.468354430379747 0.200000000000000 0.000000000000000 0.000000000000000 0.780821917808219 0.250000000000000
0.292134831460674 0.563218390804598 0.164556962025316 0.250000000000000 0.000000000000000 0.000000000000000 0.698630136986301 0.220000000000000
0.382022471910112 0.494252873563218 0.379746835443038 0.640000000000000 0.000000000000000 0.000000000000000 0.739726027397260 0.220000000000000
0.303370786516854 0.379310344827586 0.392405063291139 0.750000000000000 0.000000000000000 0.000000000000000 0.684931506849315 0.260000000000000
0.561797752808989 0.471264367816092 0.354430379746835 0.190000000000000 0.000000000000000 0.000000000000000 0.739726027397260 0.470000000000000
0.370786516853933 0.459770114942529 0.392405063291139 0.370000000000000 0.000000000000000 0.000000000000000 0.684931506849315 0.220000000000000
0.370786516853933 0.459770114942529 0.392405063291139 0.370000000000000 0.000000000000000 0.000000000000000 0.684931506849315 0.220000000000000
0.235955056179775 0.241379310344828 0.506329113924051 0.170000000000000 0.000000000000000 0.000000000000000 0.712328767123288 0.320000000000000
0.258426966292135 0.241379310344828 0.506329113924051 0.180000000000000 0.000000000000000 0.000000000000000 0.712328767123288 0.320000000000000
0.449438202247191 0.632183908045977 0.354430379746835 0.590000000000000 0.000000000000000 0.000000000000000 0.739726027397260 0.270000000000000
0.337078651685393 0.195402298850575 0.354430379746835 0.280000000000000 0.000000000000000 0.000000000000000 0.739726027397260 0.220000000000000
0.337078651685393 0.344827586206897 0.367088607594937 0.280000000000000 0.000000000000000 0.000000000000000 0.684931506849315 0.220000000000000
0.213483146067416 0.425287356321839 0.164556962025316 0.260000000000000 0.000000000000000 0.000000000000000 0.698630136986301 0.220000000000000
0.426966292134831 0.310344827586207 0.164556962025316 0.260000000000000 0.000000000000000 0.000000000000000 0.684931506849315 0.220000000000000
0.258426966292135 0.310344827586207 0.113924050632911 0.230000000000000 0.000000000000000 0.000000000000000 0.698630136986301 0.220000000000000
0.359550561797753 0.356321839080460 0.113924050632911 0.180000000000000 0.000000000000000 0.000000000000000 0.698630136986301 0.220000000000000
0.359550561797753 0.367816091954023 0.202531645569620 0.120000000000000 0.000000000000000 0.000000000000000 0.657534246575342 0.220000000000000
0.382022471910112 0.505747126436782 0.113924050632911 0.170000000000000 0.000000000000000 0.000000000000000 0.698630136986301 0.220000000000000
0.382022471910112 0.505747126436782 0.113924050632911 0.170000000000000 0.000000000000000 0.000000000000000 0.698630136986301 0.220000000000000
0.348314606741573 0.356321839080460 0.151898734177215 0.170000000000000 0.000000000000000 0.000000000000000 0.739726027397260 0.270000000000000
0.460674157303371 0.425287356321839 0.405063291139241 0.100000000000000 0.000000000000000 0.000000000000000 0.657534246575342 0.220000000000000
0.471910112359551 0.494252873563218 0.354430379746835 0.460000000000000 0.000000000000000 0.000000000000000 0.712328767123288 0.220000000000000
0.382022471910112 0.471264367816092 0.417721518987342 0.620000000000000 0.000000000000000 0.000000000000000 0.726027397260274 0.220000000000000
0.449438202247191 0.344827586206897 0.531645569620253 0.180000000000000 0.000000000000000 0.000000000000000 0.712328767123288 0.220000000000000
0.449438202247191 0.448275862068966 0.341772151898734 0.500000000000000 0.000000000000000 0.000000000000000 0.698630136986301 0.220000000000000
0.494382022471910 0.413793103448276 0.367088607594937 0.460000000000000 0.000000000000000 0.000000000000000 0.712328767123288 0.250000000000000
0.438202247191011 0.379310344827586 0.392405063291139 0.160000000000000 0.000000000000000 0.000000000000000 0.712328767123288 0.260000000000000
0.438202247191011 0.459770114942529 0.303797468354430 0.440000000000000 0.000000000000000 0.000000000000000 0.671232876712329 0.220000000000000
0.382022471910112 0.528735632183908 0.405063291139241 0.740000000000000 0.000000000000000 0.000000000000000 0.643835616438356 0.250000000000000
0.516853932584270 0.551724137931034 0.430379746835443 0.670000000000000 0.000000000000000 0.000000000000000 0.657534246575342 0.220000000000000
0.483146067415730 0.367816091954023 0.518987341772152 0.130000000000000 0.000000000000000 0.000000000000000 0.712328767123288 0.260000000000000
0.629213483146068 0.436781609195402 0.405063291139241 0.280000000000000 0.000000000000000 0.000000000000000 0.698630136986301 0.220000000000000
0.269662921348315 0.413793103448276 0.329113924050633 0.220000000000000 0.000000000000000 0.000000000000000 0.684931506849315 0.280000000000000
0.404494382022472 0.574712643678161 0.569620253164557 0.450000000000000 0.000000000000000 0.000000000000000 0.506849315068493 0.110000000000000
0.449438202247191 0.241379310344828 0.278481012658228 0.180000000000000 0.000000000000000 0.000000000000000 0.657534246575342 0.250000000000000
0.505617977528090 0.367816091954023 0.481012658227848 0.140000000000000 0.000000000000000 0.000000000000000 0.698630136986301 0.260000000000000
0.382022471910112 0.287356321839080 0.481012658227848 0.180000000000000 0.000000000000000 0.000000000000000 0.602739726027397 0.450000000000000
0.359550561797753 0.436781609195402 0.493670886075949 0.250000000000000 0.000000000000000 0.000000000000000 0.753424657534247 0.220000000000000
0.404494382022472 0.528735632183908 0.278481012658228 0.130000000000000 0.000000000000000 0.000000000000000 0.767123287671233 0.300000000000000
0.325842696629214 0.367816091954023 0.265822784810127 0.170000000000000 0.000000000000000 0.000000000000000 0.739726027397260 0.260000000000000
0.876404494382023 0.781609195402299 0.189873417721519 0.710000000000000 0.000000000000000 0.000000000000000 0.753424657534247 0.630000000000000
0.528089887640449 0.482758620689655 0.392405063291139 0.220000000000000 0.000000000000000 0.000000000000000 0.602739726027397 0.220000000000000
0.539325842696629 0.505747126436782 0.316455696202532 0.140000000000000 0.000000000000000 0.000000000000000 0.712328767123288 0.220000000000000
0.426966292134831 0.321839080459770 0.139240506329114 0.210000000000000 0.000000000000000 0.000000000000000 0.684931506849315 0.320000000000000
0.269662921348315 0.459770114942529 0.177215189873418 0.330000000000000 0.000000000000000 0.000000000000000 0.684931506849315 0.320000000000000
0.348314606741573 0.218390804597701 0.506329113924051 0.130000000000000 0.000000000000000 0.000000000000000 0.191780821917808 0.270000000000000
0.438202247191011 0.379310344827586 0.265822784810127 0.320000000000000 0.000000000000000 0.000000000000000 0.767123287671233 0.550000000000000
0.640449438202247 0.425287356321839 0.278481012658228 0.270000000000000 0.000000000000000 0.000000000000000 0.835616438356164 0.220000000000000
0.438202247191011 0.367816091954023 0.354430379746835 0.300000000000000 0.000000000000000 0.000000000000000 0.643835616438356 0.400000000000000
0.393258426966292 0.321839080459770 0.367088607594937 0.440000000000000 0.000000000000000 0.000000000000000 0.726027397260274 0.220000000000000
0.235955056179775 0.264367816091954 0.164556962025316 0.190000000000000 0.000000000000000 0.000000000000000 0.753424657534247 0.260000000000000
0.325842696629214 0.436781609195402 0.265822784810127 0.130000000000000 0.000000000000000 0.000000000000000 0.616438356164384 0.250000000000000
0.662921348314607 0.689655172413793 0.202531645569620 0.370000000000000 0.000000000000000 0.000000000000000 0.657534246575342 0.310000000000000
0.786516853932584 0.724137931034483 0.139240506329114 0.370000000000000 0.000000000000000 0.000000000000000 0.698630136986301 0.220000000000000
0.606741573033708 0.551724137931034 0.227848101265823 0.300000000000000 0.000000000000000 0.000000000000000 0.780821917808219 0.280000000000000
0.404494382022472 0.344827586206897 0.177215189873418 0.320000000000000 0.000000000000000 0.000000000000000 0.739726027397260 0.220000000000000
0.348314606741573 0.137931034482759 0.493670886075949 0.140000000000000 0.000000000000000 0.000000000000000 0.616438356164384 0.220000000000000
0.134831460674157 0.241379310344828 0.253164556962025 0.280000000000000 0.000000000000000 0.000000000000000 0.684931506849315 0.270000000000000
0.831460674157303 0.494252873563218 0.151898734177215 0.380000000000000 1.000000000000000 0.000000000000000 0.753424657534247 0.250000000000000
0.258426966292135 0.206896551724138 0.493670886075949 0.370000000000000 0.000000000000000 0.000000000000000 0.684931506849315 0.300000000000000
0.539325842696629 0.459770114942529 0.329113924050633 0.260000000000000 0.000000000000000 0.000000000000000 0.726027397260274 0.310000000000000
0.629213483146068 0.574712643678161 0.164556962025316 0.410000000000000 0.000000000000000 0.000000000000000 0.821917808219178 0.330000000000000
0.662921348314607 0.689655172413793 0.215189873417722 0.360000000000000 0.000000000000000 0.000000000000000 0.739726027397260 0.220000000000000
0.483146067415730 0.436781609195402 0.417721518987342 0.520000000000000 0.000000000000000 0.000000000000000 0.643835616438356 0.250000000000000
0.471910112359551 0.425287356321839 0.417721518987342 0.560000000000000 0.000000000000000 0.000000000000000 0.671232876712329 0.410000000000000
0.820224719101124 0.574712643678161 0.215189873417722 0.230000000000000 0.000000000000000 0.000000000000000 0.726027397260274 0.220000000000000
0.876404494382023 0.735632183908046 0.189873417721519 0.340000000000000 0.000000000000000 0.000000000000000 0.602739726027397 0.220000000000000
0.415730337078652 0.344827586206897 0.303797468354430 0.170000000000000 0.000000000000000 0.000000000000000 0.657534246575342 0.370000000000000
0.280898876404494 0.252873563218391 0.329113924050633 0.220000000000000 0.000000000000000 0.000000000000000 0.602739726027397 0.310000000000000
0.516853932584270 0.413793103448276 0.341772151898734 0.160000000000000 0.000000000000000 0.000000000000000 0.698630136986301 0.220000000000000
0.359550561797753 0.448275862068966 0.405063291139241 0.520000000000000 1.000000000000000 0.000000000000000 0.671232876712329 0.220000000000000
0.303370786516854 0.413793103448276 0.417721518987342 1.000000000000000 0.000000000000000 0.000000000000000 0.684931506849315 0.270000000000000
0.359550561797753 0.218390804597701 0.443037974683544 0.270000000000000 0.000000000000000 0.000000000000000 0.643835616438356 0.270000000000000
0.820224719101124 0.850574712643678 0.303797468354430 0.540000000000000 0.000000000000000 0.000000000000000 0.383561643835616 0.220000000000000
0.179775280898876 0.494252873563218 0.443037974683544 0.180000000000000 0.000000000000000 0.000000000000000 0.712328767123288 0.220000000000000
0.876404494382023 0.793103448275862 0.493670886075949 0.490000000000000 0.000000000000000 0.000000000000000 0.753424657534247 0.220000000000000
0.842696629213483 0.908045977011494 0.367088607594937 0.370000000000000 1.000000000000000 0.000000000000000 0.726027397260274 0.320000000000000
0.292134831460674 0.482758620689655 0.101265822784810 0.320000000000000 0.000000000000000 0.000000000000000 0.698630136986301 0.220000000000000
0.853932584269663 0.804597701149425 0.455696202531646 0.360000000000000 0.000000000000000 0.000000000000000 0.493150684931507 0.220000000000000
0.359550561797753 0.367816091954023 0.417721518987342 0.140000000000000 0.000000000000000 0.000000000000000 0.684931506849315 0.310000000000000
0.460674157303371 0.402298850574713 0.417721518987342 0.280000000000000 0.000000000000000 0.000000000000000 0.739726027397260 0.220000000000000
0.741573033707865 0.540229885057471 0.265822784810127 0.330000000000000 0.000000000000000 0.000000000000000 0.780821917808219 0.220000000000000
0.730337078651685 0.701149425287356 0.443037974683544 0.340000000000000 0.000000000000000 0.000000000000000 0.698630136986301 0.300000000000000
0.528089887640449 0.724137931034483 0.240506329113924 0.370000000000000 0.000000000000000 0.000000000000000 0.739726027397260 0.300000000000000
0.932584269662921 0.540229885057471 0.151898734177215 0.490000000000000 0.000000000000000 0.000000000000000 0.739726027397260 0.220000000000000
0.280898876404494 0.356321839080460 0.455696202531646 0.180000000000000 0.000000000000000 0.000000000000000 0.575342465753425 0.220000000000000
0.348314606741573 0.436781609195402 0.227848101265823 0.220000000000000 0.000000000000000 0.000000000000000 0.671232876712329 0.260000000000000
0.460674157303371 0.402298850574713 0.468354430379747 0.550000000000000 0.000000000000000 0.000000000000000 0.657534246575342 0.220000000000000
0.348314606741573 0.218390804597701 0.341772151898734 0.160000000000000 0.000000000000000 0.000000000000000 0.753424657534247 0.220000000000000
0.359550561797753 0.287356321839080 0.379746835443038 0.240000000000000 0.000000000000000 0.000000000000000 0.630136986301370 0.330000000000000
0.415730337078652 0.505747126436782 0.392405063291139 0.610000000000000 0.000000000000000 0.000000000000000 0.698630136986301 0.220000000000000
0.808988764044944 0.459770114942529 0.392405063291139 0.200000000000000 0.000000000000000 0.000000000000000 0.657534246575342 0.250000000000000
0.280898876404494 0.241379310344828 0.316455696202532 0.190000000000000 0.000000000000000 0.000000000000000 0.712328767123288 0.220000000000000
0.449438202247191 0.344827586206897 0.329113924050633 0.190000000000000 0.000000000000000 0.000000000000000 0.712328767123288 0.370000000000000
0.483146067415730 0.471264367816092 0.354430379746835 0.140000000000000 0.000000000000000 0.000000000000000 0.767123287671233 0.220000000000000
0.370786516853933 0.321839080459770 0.291139240506329 0.130000000000000 0.000000000000000 0.000000000000000 0.671232876712329 0.420000000000000
0.460674157303371 0.563218390804598 0.417721518987342 0.190000000000000 0.000000000000000 0.000000000000000 0.684931506849315 0.220000000000000
0.393258426966292 0.310344827586207 0.215189873417722 0.180000000000000 0.000000000000000 0.000000000000000 0.671232876712329 0.220000000000000
0.640449438202247 0.425287356321839 0.430379746835443 0.650000000000000 0.000000000000000 0.000000000000000 0.630136986301370 0.310000000000000
0.471910112359551 0.356321839080460 0.329113924050633 0.220000000000000 0.000000000000000 0.000000000000000 0.726027397260274 0.220000000000000
0.415730337078652 0.402298850574713 0.367088607594937 0.470000000000000 0.000000000000000 0.000000000000000 0.753424657534247 0.220000000000000
0.393258426966292 0.011494252873563 0.189873417721519 0.210000000000000 0.000000000000000 0.000000000000000 0.684931506849315 0.250000000000000
0.438202247191011 0.367816091954023 0.341772151898734 0.170000000000000 0.000000000000000 0.000000000000000 0.684931506849315 0.260000000000000
0.370786516853933 0.459770114942529 0.278481012658228 0.170000000000000 0.000000000000000 0.000000000000000 0.739726027397260 0.750000000000000
0.393258426966292 0.390804597701149 0.316455696202532 0.160000000000000 0.000000000000000 0.000000000000000 0.698630136986301 0.220000000000000
0.460674157303371 0.413793103448276 0.455696202531646 0.570000000000000 0.000000000000000 0.000000000000000 0.698630136986301 0.220000000000000
0.573033707865168 0.586206896551724 0.443037974683544 0.200000000000000 0.000000000000000 0.000000000000000 0.657534246575342 0.330000000000000
0.393258426966292 0.218390804597701 0.468354430379747 0.170000000000000 0.000000000000000 0.000000000000000 0.835616438356164 0.250000000000000
0.752808988764045 0.402298850574713 0.329113924050633 0.300000000000000 0.000000000000000 0.000000000000000 0.726027397260274 0.470000000000000
0.426966292134831 0.563218390804598 0.556962025316456 0.180000000000000 0.000000000000000 0.000000000000000 0.630136986301370 0.430000000000000
0.438202247191011 0.241379310344828 0.518987341772152 0.190000000000000 0.000000000000000 0.000000000000000 0.780821917808219 0.220000000000000
0.314606741573034 0.275862068965517 0.151898734177215 0.230000000000000 0.000000000000000 0.000000000000000 0.726027397260274 0.260000000000000
0.314606741573034 0.275862068965517 0.443037974683544 0.150000000000000 0.000000000000000 0.000000000000000 0.684931506849315 0.270000000000000
0.247191011235955 0.275862068965517 0.417721518987342 0.280000000000000 0.000000000000000 0.000000000000000 0.726027397260274 0.270000000000000
0.314606741573034 0.275862068965517 0.151898734177215 0.230000000000000 0.000000000000000 0.000000000000000 0.712328767123288 0.260000000000000
0.247191011235955 0.287356321839080 0.405063291139241 0.260000000000000 0.000000000000000 0.000000000000000 0.712328767123288 0.270000000000000
0.415730337078652 0.436781609195402 0.455696202531646 0.240000000000000 0.000000000000000 0.000000000000000 0.684931506849315 0.220000000000000
0.438202247191011 0.563218390804598 0.417721518987342 0.660000000000000 0.000000000000000 0.000000000000000 0.671232876712329 0.220000000000000
0.404494382022472 0.471264367816092 0.417721518987342 0.480000000000000 0.000000000000000 0.000000000000000 0.726027397260274 0.260000000000000
0.685393258426966 0.517241379310345 0.265822784810127 0.280000000000000 0.000000000000000 0.000000000000000 0.657534246575342 0.220000000000000
0.337078651685393 0.321839080459770 0.379746835443038 0.190000000000000 0.000000000000000 0.000000000000000 0.780821917808219 0.220000000000000
0.786516853932584 0.597701149425287 0.392405063291139 0.410000000000000 0.000000000000000 0.000000000000000 0.780821917808219 0.260000000000000
0.438202247191011 0.413793103448276 0.392405063291139 0.200000000000000 0.000000000000000 0.000000000000000 0.589041095890411 0.520000000000000
0.078651685393258 0.402298850574713 0.316455696202532 0.120000000000000 0.000000000000000 0.000000000000000 0.000000000000000 0.250000000000000
0.168539325842697 0.287356321839080 0.392405063291139 0.360000000000000 0.000000000000000 0.000000000000000 0.657534246575342 0.560000000000000
0.471910112359551 0.436781609195402 0.379746835443038 0.110000000000000 0.000000000000000 0.000000000000000 0.671232876712329 0.410000000000000
0.528089887640449 0.413793103448276 0.367088607594937 0.410000000000000 0.000000000000000 0.000000000000000 0.780821917808219 0.220000000000000
0.573033707865168 0.540229885057471 0.329113924050633 0.160000000000000 0.000000000000000 0.000000000000000 0.726027397260274 0.220000000000000
0.640449438202247 0.517241379310345 0.379746835443038 0.190000000000000 0.000000000000000 1.000000000000000 0.739726027397260 0.220000000000000
0.325842696629214 0.448275862068966 0.405063291139241 0.520000000000000 0.000000000000000 0.000000000000000 0.698630136986301 0.220000000000000
0.449438202247191 0.390804597701149 0.253164556962025 0.440000000000000 0.000000000000000 0.000000000000000 0.684931506849315 0.220000000000000
0.685393258426966 0.494252873563218 0.240506329113924 0.260000000000000 0.000000000000000 0.000000000000000 0.698630136986301 0.260000000000000
0.426966292134831 0.356321839080460 0.303797468354430 0.220000000000000 0.000000000000000 0.000000000000000 0.698630136986301 0.220000000000000
0.235955056179775 0.390804597701149 0.430379746835443 0.250000000000000 0.000000000000000 0.000000000000000 0.671232876712329 0.220000000000000
0.393258426966292 0.505747126436782 0.392405063291139 0.280000000000000 0.000000000000000 0.000000000000000 0.712328767123288 0.220000000000000
0.471910112359551 0.402298850574713 0.303797468354430 0.440000000000000 0.000000000000000 0.000000000000000 0.671232876712329 0.270000000000000
0.426966292134831 0.402298850574713 0.316455696202532 0.630000000000000 0.000000000000000 0.000000000000000 0.712328767123288 0.220000000000000
0.662921348314607 0.459770114942529 0.265822784810127 0.220000000000000 0.000000000000000 0.000000000000000 0.698630136986301 0.280000000000000
0.640449438202247 0.632183908045977 0.354430379746835 0.150000000000000 0.000000000000000 0.000000000000000 0.726027397260274 0.220000000000000
0.404494382022472 0.540229885057471 0.177215189873418 0.210000000000000 0.000000000000000 0.000000000000000 0.712328767123288 0.220000000000000
0.494382022471910 0.413793103448276 0.303797468354430 0.180000000000000 0.000000000000000 0.000000000000000 0.671232876712329 0.220000000000000
0.325842696629214 0.459770114942529 0.506329113924051 0.210000000000000 0.000000000000000 0.000000000000000 0.657534246575342 0.330000000000000
0.516853932584270 0.356321839080460 0.265822784810127 0.200000000000000 0.000000000000000 0.000000000000000 0.739726027397260 0.220000000000000
0.325842696629214 0.390804597701149 0.341772151898734 0.180000000000000 0.000000000000000 0.000000000000000 0.630136986301370 0.220000000000000
0.258426966292135 0.471264367816092 0.417721518987342 0.130000000000000 0.000000000000000 0.000000000000000 0.712328767123288 0.220000000000000
0.359550561797753 0.804597701149425 0.430379746835443 0.200000000000000 0.000000000000000 0.000000000000000 0.643835616438356 0.400000000000000
0.494382022471910 0.597701149425287 0.367088607594937 0.280000000000000 0.000000000000000 0.000000000000000 0.753424657534247 0.220000000000000
0.202247191011236 0.379310344827586 0.417721518987342 0.270000000000000 0.000000000000000 0.000000000000000 0.671232876712329 0.220000000000000
0.393258426966292 0.333333333333333 0.493670886075949 0.210000000000000 0.000000000000000 0.000000000000000 0.547945205479452 0.220000000000000
0.775280898876405 0.781609195402299 0.430379746835443 0.350000000000000 0.000000000000000 0.000000000000000 0.575342465753425 0.220000000000000
0.764044943820225 0.701149425287356 0.354430379746835 0.330000000000000 0.000000000000000 0.000000000000000 0.657534246575342 0.220000000000000
0.382022471910112 0.402298850574713 0.531645569620253 0.670000000000000 0.000000000000000 0.000000000000000 0.657534246575342 0.220000000000000
0.617977528089888 0.448275862068966 0.392405063291139 0.440000000000000 0.000000000000000 0.000000000000000 0.767123287671233 0.270000000000000
0.438202247191011 0.413793103448276 0.481012658227848 0.470000000000000 0.000000000000000 0.000000000000000 0.671232876712329 0.360000000000000
0.483146067415730 0.448275862068966 0.417721518987342 0.200000000000000 0.000000000000000 0.000000000000000 0.753424657534247 0.250000000000000
0.292134831460674 0.206896551724138 0.405063291139241 0.160000000000000 0.000000000000000 0.000000000000000 0.726027397260274 0.440000000000000
0.359550561797753 0.298850574712644 0.481012658227848 0.130000000000000 0.000000000000000 0.000000000000000 0.561643835616438 0.430000000000000
0.415730337078652 0.390804597701149 0.417721518987342 0.550000000000000 0.000000000000000 0.000000000000000 0.698630136986301 0.650000000000000
0.550561797752809 0.528735632183908 0.303797468354430 0.230000000000000 0.000000000000000 0.000000000000000 0.753424657534247 0.220000000000000
0.382022471910112 0.689655172413793 0.329113924050633 0.650000000000000 0.000000000000000 0.000000000000000 0.739726027397260 0.430000000000000
0.617977528089888 0.471264367816092 0.354430379746835 0.160000000000000 0.000000000000000 0.000000000000000 0.739726027397260 0.360000000000000
0.393258426966292 0.482758620689655 0.506329113924051 0.130000000000000 0.000000000000000 0.000000000000000 0.643835616438356 0.220000000000000
0.348314606741573 0.425287356321839 0.405063291139241 0.220000000000000 0.000000000000000 1.000000000000000 0.684931506849315 0.220000000000000
0.617977528089888 0.609195402298851 0.139240506329114 0.540000000000000 0.000000000000000 0.000000000000000 0.698630136986301 0.220000000000000
0.707865168539326 0.494252873563218 0.177215189873418 0.360000000000000 0.000000000000000 0.000000000000000 0.698630136986301 0.250000000000000
0.876404494382023 0.448275862068966 0.253164556962025 0.260000000000000 0.000000000000000 0.000000000000000 0.712328767123288 0.310000000000000
0.629213483146068 0.436781609195402 0.417721518987342 0.210000000000000 0.000000000000000 0.000000000000000 0.589041095890411 0.300000000000000
0.528089887640449 0.379310344827586 0.316455696202532 0.340000000000000 0.000000000000000 0.000000000000000 0.684931506849315 0.430000000000000
0.325842696629214 0.632183908045977 0.367088607594937 0.820000000000000 0.000000000000000 0.000000000000000 0.602739726027397 0.360000000000000
0.539325842696629 0.505747126436782 0.278481012658228 0.260000000000000 0.000000000000000 0.000000000000000 0.698630136986301 0.220000000000000
0.314606741573034 0.195402298850575 0.443037974683544 0.120000000000000 0.000000000000000 0.000000000000000 0.726027397260274 0.380000000000000
0.550561797752809 0.563218390804598 0.417721518987342 0.400000000000000 0.000000000000000 0.000000000000000 0.684931506849315 0.220000000000000
0.280898876404494 0.310344827586207 0.405063291139241 0.480000000000000 0.000000000000000 0.000000000000000 0.657534246575342 0.220000000000000
0.449438202247191 0.333333333333333 0.443037974683544 0.380000000000000 0.000000000000000 0.000000000000000 0.630136986301370 0.220000000000000
0.337078651685393 0.471264367816092 0.468354430379747 0.200000000000000 0.000000000000000 0.000000000000000 0.712328767123288 0.220000000000000
0.516853932584270 0.310344827586207 0.518987341772152 0.300000000000000 0.000000000000000 0.000000000000000 0.657534246575342 0.110000000000000
0.460674157303371 0.425287356321839 0.481012658227848 0.310000000000000 0.000000000000000 0.000000000000000 0.684931506849315 0.220000000000000
0.348314606741573 0.459770114942529 0.405063291139241 0.640000000000000 0.000000000000000 0.000000000000000 0.643835616438356 0.220000000000000
0.438202247191011 0.379310344827586 0.544303797468354 0.360000000000000 0.000000000000000 0.000000000000000 0.671232876712329 0.220000000000000
0.550561797752809 0.436781609195402 0.493670886075949 0.380000000000000 0.000000000000000 1.000000000000000 0.712328767123288 0.240000000000000
0.382022471910112 0.287356321839080 0.544303797468354 0.140000000000000 0.000000000000000 0.000000000000000 0.739726027397260 0.220000000000000
0.550561797752809 0.505747126436782 0.544303797468354 0.520000000000000 0.000000000000000 0.000000000000000 0.643835616438356 0.280000000000000
0.471910112359551 0.333333333333333 0.468354430379747 0.290000000000000 0.000000000000000 0.000000000000000 0.684931506849315 0.220000000000000
0.337078651685393 0.448275862068966 0.405063291139241 0.410000000000000 0.000000000000000 0.000000000000000 0.534246575342466 0.330000000000000
0.382022471910112 0.344827586206897 0.531645569620253 0.400000000000000 0.000000000000000 0.000000000000000 0.808219178082192 0.110000000000000
0.370786516853933 0.356321839080460 0.582278481012658 0.350000000000000 0.000000000000000 0.000000000000000 0.657534246575342 0.260000000000000
0.528089887640449 0.448275862068966 0.506329113924051 0.330000000000000 0.000000000000000 0.000000000000000 0.520547945205479 0.110000000000000
0.516853932584270 0.551724137931034 0.430379746835443 0.270000000000000 0.000000000000000 0.000000000000000 0.602739726027397 0.210000000000000
0.516853932584270 0.517241379310345 0.468354430379747 0.350000000000000 0.000000000000000 0.000000000000000 0.671232876712329 0.220000000000000
0.595505617977528 0.586206896551724 0.443037974683544 0.210000000000000 0.000000000000000 0.000000000000000 0.684931506849315 0.220000000000000
0.505617977528090 0.425287356321839 0.506329113924051 0.490000000000000 0.000000000000000 0.000000000000000 0.630136986301370 0.280000000000000
0.550561797752809 0.379310344827586 0.481012658227848 0.160000000000000 0.000000000000000 0.000000000000000 0.671232876712329 0.220000000000000
0.280898876404494 0.287356321839080 0.443037974683544 0.440000000000000 0.000000000000000 0.000000000000000 0.657534246575342 0.220000000000000
0.471910112359551 0.448275862068966 0.506329113924051 0.350000000000000 0.000000000000000 0.000000000000000 0.684931506849315 0.220000000000000
0.573033707865168 0.528735632183908 0.417721518987342 0.470000000000000 0.000000000000000 0.000000000000000 0.630136986301370 0.220000000000000
0.494382022471910 0.425287356321839 0.493670886075949 0.310000000000000 0.000000000000000 0.000000000000000 0.630136986301370 0.270000000000000
0.528089887640449 0.459770114942529 0.455696202531646 0.460000000000000 0.000000000000000 0.000000000000000 0.698630136986301 0.270000000000000
0.606741573033708 0.459770114942529 0.430379746835443 0.520000000000000 0.000000000000000 0.000000000000000 0.643835616438356 0.270000000000000
0.303370786516854 0.471264367816092 0.417721518987342 0.410000000000000 0.000000000000000 0.000000000000000 0.698630136986301 0.220000000000000
0.528089887640449 0.459770114942529 0.367088607594937 0.530000000000000 0.000000000000000 0.000000000000000 0.643835616438356 0.310000000000000
0.561797752808989 0.379310344827586 0.379746835443038 0.370000000000000 0.000000000000000 0.000000000000000 0.698630136986301 0.220000000000000
0.494382022471910 0.528735632183908 0.329113924050633 0.640000000000000 0.000000000000000 0.000000000000000 0.739726027397260 0.330000000000000
0.483146067415730 0.586206896551724 0.367088607594937 0.130000000000000 0.000000000000000 0.000000000000000 0.671232876712329 0.220000000000000
0.325842696629214 0.701149425287356 0.354430379746835 0.160000000000000 0.000000000000000 0.000000000000000 0.698630136986301 0.220000000000000
0.730337078651685 0.724137931034483 0.177215189873418 0.270000000000000 0.000000000000000 0.000000000000000 0.602739726027397 0.220000000000000
0.449438202247191 0.494252873563218 0.379746835443038 0.420000000000000 0.000000000000000 0.000000000000000 0.726027397260274 0.360000000000000
0.359550561797753 0.218390804597701 0.367088607594937 0.290000000000000 0.000000000000000 0.000000000000000 0.684931506849315 0.220000000000000
0.426966292134831 0.356321839080460 0.303797468354430 0.550000000000000 0.000000000000000 0.000000000000000 0.657534246575342 0.220000000000000
0.235955056179775 0.367816091954023 0.291139240506329 0.200000000000000 0.000000000000000 0.000000000000000 0.753424657534247 0.330000000000000
0.449438202247191 0.540229885057471 0.379746835443038 0.260000000000000 0.000000000000000 0.000000000000000 0.739726027397260 0.220000000000000
0.426966292134831 0.379310344827586 0.265822784810127 0.460000000000000 0.000000000000000 0.000000000000000 0.753424657534247 0.220000000000000
0.438202247191011 0.494252873563218 0.354430379746835 0.610000000000000 0.000000000000000 0.000000000000000 0.684931506849315 0.220000000000000
0.449438202247191 0.402298850574713 0.379746835443038 0.430000000000000 0.000000000000000 0.000000000000000 0.671232876712329 0.220000000000000
0.460674157303371 0.287356321839080 0.518987341772152 0.120000000000000 0.000000000000000 0.000000000000000 0.561643835616438 0.280000000000000
0.471910112359551 0.310344827586207 0.455696202531646 0.120000000000000 0.000000000000000 0.000000000000000 0.726027397260274 0.320000000000000
0.449438202247191 0.494252873563218 0.518987341772152 0.240000000000000 0.000000000000000 0.000000000000000 0.712328767123288 0.510000000000000
0.584269662921348 0.540229885057471 0.367088607594937 0.270000000000000 0.000000000000000 0.000000000000000 0.753424657534247 0.220000000000000
0.393258426966292 0.356321839080460 0.405063291139241 0.310000000000000 0.000000000000000 0.000000000000000 0.657534246575342 0.220000000000000
0.528089887640449 0.505747126436782 0.417721518987342 0.690000000000000 0.000000000000000 0.000000000000000 0.739726027397260 0.220000000000000
0.561797752808989 0.528735632183908 0.329113924050633 0.490000000000000 0.000000000000000 0.000000000000000 0.739726027397260 0.220000000000000
0.584269662921348 0.390804597701149 0.443037974683544 0.120000000000000 0.000000000000000 0.000000000000000 0.684931506849315 0.220000000000000
0.494382022471910 0.459770114942529 0.417721518987342 0.400000000000000 0.000000000000000 0.000000000000000 0.657534246575342 0.220000000000000
0.337078651685393 0.390804597701149 0.468354430379747 0.620000000000000 0.000000000000000 0.000000000000000 0.684931506849315 0.220000000000000
0.370786516853933 0.459770114942529 0.405063291139241 0.370000000000000 0.000000000000000 0.000000000000000 0.698630136986301 0.220000000000000
0.516853932584270 0.310344827586207 0.341772151898734 0.240000000000000 0.000000000000000 0.000000000000000 0.753424657534247 0.220000000000000
0.393258426966292 0.379310344827586 0.443037974683544 0.120000000000000 0.000000000000000 0.000000000000000 0.753424657534247 0.220000000000000
0.404494382022472 0.379310344827586 0.430379746835443 0.280000000000000 0.000000000000000 0.000000000000000 0.602739726027397 0.460000000000000
0.314606741573034 0.252873563218391 0.354430379746835 0.170000000000000 0.000000000000000 0.000000000000000 0.671232876712329 0.220000000000000
0.528089887640449 0.287356321839080 0.240506329113924 0.210000000000000 0.000000000000000 0.000000000000000 0.684931506849315 0.220000000000000
0.471910112359551 0.321839080459770 0.367088607594937 0.240000000000000 1.000000000000000 0.000000000000000 0.643835616438356 0.220000000000000
0.359550561797753 0.310344827586207 0.367088607594937 0.180000000000000 0.000000000000000 0.000000000000000 0.684931506849315 0.280000000000000
0.337078651685393 0.528735632183908 0.316455696202532 0.190000000000000 0.000000000000000 0.000000000000000 0.493150684931507 0.220000000000000
0.528089887640449 0.494252873563218 0.392405063291139 0.250000000000000 0.000000000000000 0.000000000000000 0.780821917808219 0.350000000000000
0.449438202247191 0.597701149425287 0.405063291139241 0.190000000000000 0.000000000000000 0.000000000000000 0.671232876712329 0.220000000000000
0.786516853932584 0.758620689655172 0.139240506329114 0.370000000000000 0.000000000000000 0.000000000000000 0.561643835616438 0.220000000000000
0.370786516853933 0.321839080459770 0.101265822784810 0.210000000000000 0.000000000000000 0.000000000000000 0.671232876712329 0.220000000000000
0.426966292134831 0.540229885057471 0.430379746835443 0.170000000000000 0.000000000000000 0.000000000000000 0.602739726027397 0.220000000000000
0.505617977528090 0.574712643678161 0.392405063291139 0.200000000000000 0.000000000000000 0.000000000000000 0.465753424657534 0.260000000000000
0.348314606741573 0.172413793103448 0.455696202531646 0.180000000000000 0.000000000000000 0.000000000000000 0.575342465753425 0.220000000000000
0.449438202247191 0.379310344827586 0.417721518987342 0.410000000000000 0.000000000000000 0.000000000000000 0.726027397260274 0.220000000000000
0.550561797752809 0.436781609195402 0.392405063291139 0.450000000000000 0.000000000000000 0.000000000000000 0.684931506849315 0.270000000000000
0.292134831460674 0.321839080459770 0.303797468354430 0.140000000000000 0.000000000000000 0.000000000000000 0.643835616438356 0.220000000000000
0.292134831460674 0.436781609195402 0.455696202531646 0.400000000000000 0.000000000000000 0.000000000000000 0.657534246575342 0.270000000000000
0.280898876404494 0.298850574712644 0.430379746835443 0.260000000000000 0.000000000000000 0.000000000000000 0.671232876712329 0.220000000000000
0.438202247191011 0.264367816091954 0.405063291139241 0.410000000000000 0.000000000000000 0.000000000000000 0.753424657534247 0.360000000000000
0.539325842696629 0.517241379310345 0.227848101265823 0.520000000000000 0.000000000000000 0.000000000000000 0.684931506849315 0.310000000000000
0.752808988764045 0.574712643678161 0.405063291139241 0.130000000000000 0.000000000000000 0.000000000000000 0.739726027397260 0.220000000000000
0.404494382022472 0.528735632183908 0.202531645569620 0.310000000000000 0.000000000000000 0.000000000000000 0.698630136986301 0.360000000000000
0.415730337078652 0.563218390804598 0.392405063291139 0.300000000000000 0.000000000000000 0.000000000000000 0.698630136986301 0.370000000000000
0.471910112359551 0.551724137931034 0.379746835443038 0.490000000000000 0.000000000000000 0.000000000000000 0.739726027397260 0.270000000000000
0.415730337078652 0.471264367816092 0.405063291139241 0.600000000000000 0.000000000000000 0.000000000000000 0.726027397260274 0.310000000000000
0.247191011235955 0.379310344827586 0.405063291139241 0.290000000000000 0.000000000000000 0.000000000000000 0.684931506849315 0.550000000000000
0.280898876404494 0.356321839080460 0.379746835443038 0.170000000000000 0.000000000000000 0.000000000000000 0.821917808219178 0.190000000000000
0.314606741573034 0.241379310344828 0.594936708860760 0.300000000000000 0.000000000000000 0.000000000000000 0.684931506849315 0.290000000000000
0.000000000000000 0.321839080459770 0.582278481012658 0.130000000000000 0.000000000000000 0.000000000000000 0.616438356164384 0.290000000000000
0.325842696629214 0.459770114942529 0.291139240506329 0.180000000000000 0.000000000000000 0.000000000000000 0.739726027397260 0.310000000000000
0.404494382022472 0.425287356321839 0.430379746835443 0.190000000000000 0.000000000000000 0.000000000000000 0.849315068493151 0.220000000000000
0.269662921348315 0.425287356321839 0.291139240506329 0.270000000000000 0.000000000000000 0.000000000000000 0.698630136986301 0.220000000000000
0.280898876404494 0.195402298850575 0.367088607594937 0.190000000000000 0.000000000000000 0.000000000000000 0.753424657534247 0.300000000000000
0.426966292134831 0.356321839080460 0.379746835443038 0.180000000000000 0.000000000000000 0.000000000000000 0.712328767123288 0.270000000000000
0.269662921348315 0.356321839080460 0.417721518987342 0.260000000000000 0.000000000000000 0.000000000000000 0.712328767123288 0.260000000000000
0.359550561797753 0.172413793103448 0.405063291139241 0.340000000000000 0.000000000000000 0.000000000000000 0.753424657534247 0.570000000000000
0.247191011235955 0.402298850574713 0.430379746835443 0.160000000000000 0.000000000000000 0.000000000000000 0.726027397260274 0.750000000000000
0.382022471910112 0.091954022988506 0.354430379746835 0.240000000000000 0.000000000000000 0.000000000000000 0.630136986301370 0.310000000000000
0.370786516853933 0.241379310344828 0.506329113924051 0.130000000000000 0.000000000000000 0.000000000000000 0.671232876712329 0.260000000000000
0.853932584269663 0.390804597701149 0.493670886075949 0.470000000000000 0.000000000000000 0.000000000000000 0.808219178082192 0.220000000000000
0.213483146067416 0.482758620689655 0.468354430379747 0.160000000000000 0.000000000000000 0.000000000000000 0.835616438356164 0.280000000000000
0.202247191011236 0.241379310344828 0.430379746835443 0.240000000000000 0.000000000000000 0.000000000000000 0.698630136986301 0.220000000000000
0.719101123595506 0.620689655172414 0.379746835443038 0.290000000000000 0.000000000000000 0.000000000000000 0.712328767123288 0.360000000000000
0.404494382022472 0.390804597701149 0.367088607594937 0.150000000000000 0.000000000000000 0.000000000000000 0.684931506849315 0.480000000000000
0.449438202247191 0.241379310344828 0.354430379746835 0.160000000000000 0.000000000000000 0.000000000000000 0.726027397260274 0.210000000000000
0.595505617977528 0.724137931034483 0.379746835443038 0.180000000000000 0.000000000000000 0.000000000000000 0.630136986301370 0.220000000000000
0.382022471910112 0.321839080459770 0.468354430379747 0.480000000000000 0.000000000000000 0.000000000000000 0.726027397260274 0.640000000000000
0.887640449438202 0.471264367816092 0.481012658227848 0.200000000000000 0.000000000000000 0.000000000000000 0.657534246575342 0.220000000000000
0.865168539325843 0.528735632183908 0.417721518987342 0.390000000000000 0.000000000000000 0.000000000000000 0.561643835616438 0.300000000000000
0.662921348314607 0.436781609195402 0.329113924050633 0.240000000000000 0.000000000000000 0.000000000000000 0.726027397260274 0.250000000000000
0.157303370786517 0.264367816091954 0.468354430379747 0.300000000000000 0.000000000000000 0.000000000000000 0.794520547945205 0.310000000000000
0.651685393258427 0.563218390804598 0.354430379746835 0.000000000000000 1.000000000000000 0.000000000000000 0.643835616438356 0.220000000000000
0.808988764044944 0.505747126436782 0.265822784810127 0.570000000000000 0.000000000000000 0.000000000000000 0.684931506849315 0.320000000000000
0.359550561797753 0.287356321839080 0.215189873417722 0.120000000000000 0.000000000000000 0.000000000000000 0.684931506849315 0.220000000000000
0.752808988764045 0.597701149425287 0.240506329113924 0.160000000000000 0.000000000000000 0.000000000000000 0.863013698630137 0.220000000000000
0.460674157303371 0.586206896551724 0.164556962025316 0.160000000000000 0.000000000000000 0.000000000000000 0.780821917808219 0.220000000000000
0.719101123595506 0.609195402298851 0.544303797468354 0.390000000000000 0.000000000000000 0.000000000000000 0.630136986301370 0.320000000000000
0.337078651685393 0.413793103448276 0.468354430379747 0.220000000000000 0.000000000000000 0.000000000000000 0.712328767123288 0.220000000000000
0.528089887640449 0.436781609195402 0.443037974683544 0.160000000000000 0.000000000000000 0.000000000000000 0.465753424657534 0.220000000000000
0.415730337078652 0.413793103448276 0.303797468354430 0.230000000000000 0.000000000000000 0.000000000000000 0.698630136986301 0.220000000000000
0.314606741573034 0.333333333333333 0.354430379746835 0.100000000000000 0.000000000000000 0.000000000000000 0.671232876712329 0.650000000000000
0.224719101123596 0.333333333333333 0.341772151898734 0.170000000000000 0.000000000000000 0.000000000000000 0.671232876712329 0.530000000000000
0.314606741573034 0.172413793103448 0.417721518987342 0.140000000000000 0.000000000000000 0.000000000000000 0.808219178082192 0.220000000000000
0.730337078651685 0.620689655172414 0.202531645569620 0.220000000000000 0.000000000000000 0.000000000000000 0.739726027397260 0.220000000000000
0.426966292134831 0.160919540229885 0.455696202531646 0.180000000000000 0.000000000000000 1.000000000000000 0.739726027397260 0.220000000000000
0.191011235955056 0.402298850574713 0.443037974683544 0.160000000000000 0.000000000000000 0.000000000000000 0.657534246575342 0.260000000000000
0.651685393258427 0.298850574712644 0.392405063291139 0.120000000000000 0.000000000000000 0.000000000000000 0.520547945205479 0.350000000000000
0.595505617977528 0.448275862068966 0.367088607594937 0.260000000000000 0.000000000000000 0.000000000000000 0.698630136986301 0.310000000000000
0.505617977528090 0.402298850574713 0.367088607594937 0.300000000000000 0.000000000000000 0.000000000000000 0.698630136986301 0.220000000000000
0.438202247191011 0.425287356321839 0.417721518987342 0.160000000000000 0.000000000000000 0.000000000000000 0.671232876712329 0.220000000000000
0.404494382022472 0.344827586206897 0.481012658227848 0.270000000000000 0.000000000000000 0.000000000000000 0.753424657534247 0.220000000000000
0.640449438202247 0.528735632183908 0.291139240506329 0.490000000000000 0.000000000000000 0.000000000000000 0.547945205479452 0.260000000000000
0.438202247191011 0.436781609195402 0.455696202531646 0.270000000000000 0.000000000000000 0.000000000000000 0.657534246575342 0.220000000000000
0.382022471910112 0.379310344827586 0.506329113924051 0.200000000000000 0.000000000000000 0.000000000000000 0.849315068493151 0.220000000000000
0.471910112359551 0.436781609195402 0.189873417721519 0.130000000000000 0.000000000000000 0.000000000000000 0.712328767123288 0.220000000000000
0.550561797752809 0.471264367816092 0.417721518987342 0.530000000000000 0.000000000000000 0.000000000000000 0.712328767123288 0.270000000000000
0.426966292134831 0.448275862068966 0.405063291139241 0.700000000000000 0.000000000000000 0.000000000000000 0.698630136986301 0.220000000000000
0.426966292134831 0.367816091954023 0.405063291139241 0.160000000000000 0.000000000000000 0.000000000000000 0.671232876712329 0.310000000000000
0.449438202247191 0.379310344827586 0.455696202531646 0.250000000000000 0.000000000000000 0.000000000000000 0.726027397260274 0.220000000000000
0.426966292134831 0.367816091954023 0.316455696202532 0.180000000000000 0.000000000000000 0.000000000000000 0.671232876712329 0.310000000000000
0.460674157303371 0.379310344827586 0.379746835443038 0.180000000000000 0.000000000000000 0.000000000000000 0.684931506849315 0.220000000000000
0.494382022471910 0.528735632183908 0.392405063291139 0.100000000000000 0.000000000000000 0.000000000000000 0.726027397260274 0.220000000000000
0.314606741573034 0.517241379310345 0.367088607594937 0.100000000000000 0.000000000000000 0.000000000000000 0.698630136986301 0.250000000000000
0.662921348314607 0.816091954022989 0.354430379746835 0.280000000000000 1.000000000000000 0.000000000000000 0.794520547945205 0.220000000000000
0.247191011235955 0.287356321839080 0.303797468354430 0.190000000000000 0.000000000000000 0.000000000000000 0.739726027397260 0.370000000000000
0.561797752808989 0.379310344827586 0.291139240506329 0.470000000000000 0.000000000000000 0.000000000000000 0.684931506849315 0.370000000000000
0.337078651685393 0.402298850574713 0.215189873417722 0.130000000000000 0.000000000000000 0.000000000000000 0.698630136986301 0.350000000000000
0.292134831460674 0.333333333333333 0.493670886075949 0.130000000000000 0.000000000000000 0.000000000000000 0.698630136986301 0.220000000000000
0.382022471910112 0.517241379310345 0.481012658227848 0.440000000000000 0.000000000000000 0.000000000000000 0.767123287671233 0.220000000000000
0.707865168539326 0.873563218390805 0.139240506329114 0.240000000000000 0.000000000000000 0.000000000000000 0.739726027397260 0.320000000000000
0.191011235955056 0.379310344827586 0.063291139240506 0.180000000000000 0.000000000000000 0.000000000000000 0.534246575342466 0.220000000000000
0.449438202247191 0.379310344827586 0.354430379746835 0.210000000000000 0.000000000000000 0.000000000000000 0.753424657534247 0.220000000000000
0.775280898876405 0.793103448275862 0.455696202531646 0.260000000000000 0.000000000000000 0.000000000000000 0.780821917808219 0.270000000000000
0.393258426966292 0.413793103448276 0.303797468354430 0.280000000000000 0.000000000000000 0.000000000000000 0.753424657534247 0.220000000000000
0.325842696629214 0.264367816091954 0.430379746835443 0.150000000000000 0.000000000000000 0.000000000000000 0.726027397260274 0.220000000000000
0.629213483146068 0.379310344827586 0.468354430379747 0.300000000000000 0.000000000000000 0.000000000000000 0.780821917808219 0.270000000000000
0.438202247191011 0.218390804597701 0.354430379746835 0.490000000000000 0.000000000000000 0.000000000000000 0.657534246575342 0.320000000000000
0.382022471910112 0.459770114942529 0.329113924050633 0.430000000000000 0.000000000000000 0.000000000000000 0.684931506849315 0.270000000000000
0.719101123595506 0.540229885057471 0.278481012658228 0.350000000000000 0.000000000000000 0.000000000000000 0.616438356164384 0.270000000000000
0.505617977528090 0.632183908045977 0.392405063291139 0.390000000000000 0.000000000000000 0.000000000000000 0.493150684931507 0.220000000000000
0.415730337078652 0.367816091954023 0.481012658227848 0.350000000000000 0.000000000000000 0.000000000000000 0.753424657534247 0.300000000000000
0.168539325842697 0.172413793103448 0.493670886075949 0.200000000000000 0.000000000000000 0.000000000000000 0.739726027397260 0.310000000000000
0.539325842696629 0.367816091954023 0.468354430379747 0.210000000000000 0.000000000000000 0.000000000000000 0.671232876712329 0.220000000000000
0.415730337078652 0.448275862068966 0.354430379746835 0.350000000000000 0.000000000000000 0.602409638554217 0.698630136986301 0.220000000000000
0.539325842696629 0.517241379310345 0.329113924050633 0.610000000000000 0.000000000000000 0.000000000000000 0.602739726027397 0.300000000000000
0.438202247191011 0.505747126436782 0.518987341772152 0.250000000000000 0.000000000000000 0.000000000000000 0.698630136986301 0.220000000000000
0.516853932584270 0.413793103448276 0.367088607594937 0.200000000000000 0.000000000000000 0.000000000000000 0.698630136986301 0.280000000000000
0.573033707865168 0.344827586206897 0.354430379746835 0.290000000000000 0.000000000000000 0.000000000000000 0.684931506849315 0.270000000000000
0.382022471910112 0.321839080459770 0.354430379746835 0.140000000000000 1.000000000000000 0.000000000000000 0.726027397260274 0.300000000000000
0.404494382022472 0.413793103448276 0.493670886075949 0.150000000000000 0.000000000000000 0.000000000000000 0.520547945205479 0.220000000000000
0.337078651685393 0.402298850574713 0.417721518987342 0.240000000000000 0.000000000000000 0.000000000000000 0.506849315068493 0.510000000000000
0.393258426966292 0.379310344827586 0.405063291139241 0.230000000000000 0.000000000000000 0.000000000000000 0.698630136986301 0.220000000000000
0.415730337078652 0.333333333333333 0.341772151898734 0.190000000000000 0.000000000000000 0.000000000000000 0.794520547945205 0.220000000000000
0.359550561797753 0.367816091954023 0.405063291139241 0.190000000000000 0.000000000000000 0.000000000000000 0.767123287671233 0.220000000000000
0.191011235955056 0.264367816091954 0.430379746835443 0.150000000000000 0.000000000000000 0.000000000000000 0.780821917808219 0.220000000000000
0.415730337078652 0.379310344827586 0.468354430379747 0.260000000000000 0.000000000000000 0.000000000000000 0.602739726027397 0.220000000000000
0.707865168539326 0.678160919540230 0.367088607594937 0.280000000000000 0.000000000000000 0.000000000000000 0.684931506849315 0.270000000000000
0.707865168539326 0.678160919540230 0.367088607594937 0.280000000000000 0.000000000000000 0.000000000000000 0.671232876712329 0.270000000000000
0.303370786516854 0.563218390804598 0.392405063291139 0.140000000000000 0.000000000000000 0.000000000000000 0.726027397260274 0.220000000000000
0.741573033707865 0.678160919540230 0.341772151898734 0.260000000000000 0.000000000000000 0.000000000000000 0.698630136986301 0.220000000000000
0.370786516853933 0.333333333333333 0.455696202531646 0.220000000000000 0.000000000000000 0.000000000000000 0.684931506849315 0.250000000000000
0.707865168539326 0.701149425287356 0.379746835443038 0.270000000000000 0.000000000000000 0.000000000000000 0.684931506849315 0.220000000000000
0.314606741573034 0.781609195402299 0.177215189873418 0.280000000000000 0.000000000000000 0.000000000000000 0.698630136986301 0.450000000000000
0.471910112359551 0.471264367816092 0.278481012658228 0.180000000000000 0.000000000000000 0.000000000000000 0.726027397260274 0.310000000000000
0.303370786516854 0.367816091954023 0.202531645569620 0.190000000000000 0.000000000000000 0.000000000000000 0.712328767123288 0.300000000000000
0.325842696629214 0.275862068965517 0.417721518987342 0.130000000000000 0.000000000000000 0.000000000000000 0.657534246575342 0.220000000000000
0.224719101123596 0.195402298850575 0.164556962025316 0.190000000000000 0.000000000000000 0.000000000000000 0.753424657534247 0.300000000000000
0.438202247191011 0.333333333333333 0.455696202531646 0.490000000000000 0.000000000000000 0.000000000000000 0.657534246575342 0.270000000000000
0.539325842696629 0.551724137931034 0.379746835443038 0.620000000000000 0.000000000000000 0.000000000000000 0.698630136986301 0.380000000000000
0.382022471910112 0.310344827586207 0.278481012658228 0.220000000000000 0.000000000000000 0.000000000000000 0.698630136986301 0.480000000000000
0.404494382022472 0.471264367816092 0.405063291139241 0.770000000000000 0.000000000000000 0.000000000000000 0.712328767123288 0.360000000000000
0.741573033707865 0.747126436781609 0.379746835443038 0.280000000000000 0.000000000000000 0.000000000000000 0.452054794520548 0.220000000000000
0.707865168539326 0.666666666666667 0.392405063291139 0.300000000000000 0.000000000000000 0.000000000000000 0.369863013698630 0.220000000000000
0.741573033707865 0.689655172413793 0.379746835443038 0.270000000000000 0.000000000000000 0.000000000000000 0.465753424657534 0.220000000000000
0.404494382022472 0.551724137931034 0.367088607594937 0.230000000000000 0.000000000000000 0.000000000000000 0.671232876712329 0.220000000000000
0.752808988764045 0.643678160919540 0.291139240506329 0.260000000000000 0.000000000000000 0.000000000000000 0.739726027397260 0.220000000000000
0.426966292134831 0.540229885057471 0.113924050632911 0.340000000000000 0.000000000000000 0.000000000000000 0.684931506849315 0.430000000000000
0.179775280898876 0.494252873563218 0.113924050632911 0.140000000000000 0.000000000000000 0.000000000000000 0.712328767123288 0.390000000000000
0.325842696629214 0.298850574712644 0.151898734177215 0.170000000000000 0.000000000000000 0.000000000000000 0.698630136986301 0.310000000000000
0.494382022471910 0.436781609195402 0.417721518987342 0.200000000000000 0.000000000000000 0.000000000000000 0.767123287671233 0.220000000000000
0.943820224719101 0.666666666666667 0.075949367088608 0.390000000000000 0.000000000000000 0.000000000000000 0.424657534246575 0.220000000000000
0.966292134831461 0.666666666666667 0.101265822784810 0.420000000000000 0.000000000000000 0.000000000000000 0.479452054794521 0.220000000000000
0.370786516853933 0.344827586206897 0.164556962025316 0.210000000000000 0.000000000000000 0.000000000000000 0.753424657534247 0.400000000000000
0.314606741573034 0.413793103448276 0.113924050632911 0.190000000000000 0.000000000000000 0.000000000000000 0.712328767123288 0.310000000000000
0.303370786516854 0.402298850574713 0.379746835443038 0.130000000000000 0.000000000000000 0.000000000000000 0.684931506849315 0.320000000000000
0.292134831460674 0.436781609195402 0.227848101265823 0.180000000000000 0.000000000000000 0.000000000000000 0.698630136986301 0.270000000000000
0.179775280898876 0.413793103448276 0.189873417721519 0.260000000000000 0.000000000000000 0.000000000000000 0.671232876712329 0.260000000000000
0.426966292134831 0.402298850574713 0.392405063291139 0.200000000000000 0.000000000000000 0.000000000000000 0.753424657534247 0.220000000000000
0.280898876404494 0.298850574712644 0.417721518987342 0.160000000000000 0.000000000000000 0.000000000000000 0.684931506849315 0.280000000000000
0.483146067415730 0.459770114942529 0.341772151898734 0.140000000000000 0.000000000000000 0.000000000000000 0.671232876712329 0.330000000000000
0.292134831460674 0.402298850574713 0.367088607594937 0.260000000000000 0.000000000000000 0.000000000000000 0.712328767123288 0.390000000000000
0.157303370786517 0.298850574712644 0.367088607594937 0.230000000000000 0.000000000000000 0.000000000000000 0.684931506849315 0.280000000000000
0.426966292134831 0.666666666666667 0.417721518987342 0.130000000000000 0.000000000000000 0.000000000000000 0.794520547945205 0.220000000000000
0.505617977528090 0.425287356321839 0.443037974683544 0.260000000000000 0.000000000000000 0.000000000000000 0.726027397260274 0.270000000000000
0.337078651685393 0.459770114942529 0.253164556962025 0.150000000000000 0.000000000000000 0.000000000000000 0.739726027397260 0.250000000000000
0.438202247191011 0.367816091954023 0.405063291139241 0.210000000000000 0.000000000000000 0.000000000000000 0.383561643835616 0.220000000000000
0.393258426966292 0.275862068965517 0.341772151898734 0.360000000000000 0.000000000000000 0.000000000000000 0.657534246575342 0.220000000000000
0.617977528089888 0.482758620689655 0.164556962025316 0.200000000000000 0.000000000000000 0.000000000000000 0.849315068493151 0.220000000000000
0.348314606741573 0.597701149425287 0.468354430379747 0.340000000000000 0.000000000000000 0.000000000000000 0.684931506849315 0.220000000000000
0.382022471910112 0.390804597701149 0.405063291139241 0.150000000000000 0.000000000000000 0.000000000000000 0.712328767123288 0.270000000000000
0.348314606741573 0.172413793103448 0.379746835443038 0.230000000000000 0.000000000000000 0.000000000000000 0.726027397260274 0.270000000000000
0.449438202247191 0.402298850574713 0.316455696202532 0.290000000000000 0.000000000000000 0.000000000000000 0.739726027397260 0.220000000000000
0.719101123595506 0.643678160919540 0.341772151898734 0.130000000000000 0.000000000000000 0.000000000000000 0.780821917808219 0.400000000000000
0.651685393258427 0.655172413793103 0.367088607594937 0.300000000000000 0.000000000000000 0.000000000000000 0.739726027397260 0.220000000000000
0.584269662921348 0.482758620689655 0.405063291139241 0.510000000000000 0.000000000000000 0.000000000000000 0.753424657534247 0.220000000000000
0.494382022471910 0.574712643678161 0.417721518987342 0.160000000000000 0.000000000000000 0.000000000000000 0.616438356164384 0.270000000000000
0.393258426966292 0.563218390804598 0.417721518987342 0.250000000000000 0.000000000000000 0.000000000000000 0.630136986301370 0.220000000000000
0.471910112359551 0.528735632183908 0.341772151898734 0.140000000000000 0.000000000000000 0.000000000000000 0.698630136986301 0.220000000000000
0.348314606741573 0.459770114942529 0.455696202531646 0.170000000000000 0.000000000000000 0.000000000000000 0.671232876712329 0.220000000000000
0.460674157303371 0.379310344827586 0.443037974683544 0.200000000000000 0.000000000000000 0.000000000000000 0.684931506849315 0.220000000000000
0.471910112359551 0.344827586206897 0.455696202531646 0.240000000000000 0.000000000000000 0.000000000000000 0.534246575342466 0.280000000000000
0.247191011235955 0.252873563218391 0.443037974683544 0.190000000000000 0.000000000000000 0.000000000000000 0.684931506849315 0.220000000000000
0.382022471910112 0.402298850574713 0.443037974683544 0.560000000000000 0.000000000000000 0.000000000000000 0.643835616438356 0.220000000000000
0.505617977528090 0.402298850574713 0.367088607594937 0.170000000000000 0.000000000000000 0.000000000000000 0.698630136986301 0.260000000000000
0.741573033707865 0.505747126436782 0.303797468354430 0.170000000000000 0.000000000000000 0.000000000000000 0.726027397260274 0.220000000000000
0.505617977528090 0.528735632183908 0.417721518987342 0.180000000000000 0.000000000000000 0.000000000000000 0.657534246575342 0.460000000000000
0.247191011235955 0.298850574712644 0.392405063291139 0.090000000000000 0.000000000000000 0.000000000000000 0.643835616438356 0.280000000000000
0.415730337078652 0.321839080459770 0.417721518987342 0.390000000000000 0.000000000000000 0.000000000000000 0.698630136986301 0.220000000000000
0.213483146067416 0.195402298850575 0.316455696202532 0.320000000000000 0.000000000000000 0.000000000000000 0.616438356164384 0.220000000000000
0.303370786516854 0.149425287356322 0.493670886075949 0.100000000000000 0.000000000000000 0.000000000000000 0.657534246575342 0.440000000000000
0.640449438202247 0.298850574712644 0.367088607594937 0.150000000000000 0.000000000000000 0.000000000000000 0.657534246575342 0.370000000000000
0.573033707865168 0.321839080459770 0.392405063291139 0.170000000000000 0.000000000000000 0.000000000000000 0.657534246575342 0.220000000000000
0.460674157303371 0.275862068965517 0.341772151898734 0.130000000000000 0.000000000000000 0.000000000000000 0.753424657534247 0.220000000000000
0.235955056179775 0.402298850574713 0.354430379746835 0.170000000000000 0.000000000000000 0.000000000000000 0.643835616438356 0.220000000000000
0.258426966292135 0.252873563218391 0.468354430379747 0.200000000000000 0.000000000000000 0.000000000000000 0.630136986301370 0.320000000000000
0.247191011235955 0.091954022988506 0.405063291139241 0.150000000000000 1.000000000000000 0.000000000000000 0.712328767123288 0.500000000000000
0.426966292134831 0.367816091954023 0.455696202531646 0.240000000000000 0.000000000000000 0.000000000000000 0.643835616438356 0.380000000000000
0.325842696629214 0.172413793103448 0.341772151898734 0.060000000000000 0.000000000000000 0.000000000000000 0.671232876712329 0.420000000000000
0.449438202247191 0.298850574712644 0.443037974683544 0.250000000000000 0.000000000000000 0.000000000000000 0.698630136986301 0.330000000000000
0.382022471910112 0.367816091954023 0.392405063291139 0.170000000000000 0.000000000000000 0.000000000000000 0.739726027397260 0.220000000000000
0.191011235955056 0.436781609195402 0.430379746835443 0.190000000000000 0.000000000000000 0.000000000000000 0.780821917808219 0.220000000000000
0.449438202247191 0.436781609195402 0.443037974683544 0.280000000000000 0.000000000000000 0.000000000000000 0.739726027397260 0.270000000000000
0.415730337078652 0.494252873563218 0.354430379746835 0.320000000000000 0.000000000000000 0.000000000000000 0.684931506849315 0.220000000000000
0.539325842696629 0.379310344827586 0.341772151898734 0.460000000000000 0.000000000000000 0.000000000000000 0.671232876712329 0.220000000000000
0.449438202247191 0.379310344827586 0.240506329113924 0.650000000000000 0.000000000000000 0.000000000000000 0.671232876712329 0.220000000000000
0.292134831460674 0.356321839080460 0.379746835443038 0.560000000000000 0.000000000000000 0.000000000000000 0.684931506849315 0.380000000000000
0.786516853932584 0.482758620689655 0.177215189873418 0.340000000000000 0.000000000000000 0.000000000000000 0.698630136986301 0.220000000000000
0.471910112359551 0.367816091954023 0.405063291139241 0.180000000000000 0.000000000000000 0.000000000000000 0.575342465753425 0.220000000000000
0.382022471910112 0.160919540229885 0.367088607594937 0.330000000000000 0.000000000000000 0.000000000000000 0.726027397260274 0.260000000000000
0.280898876404494 0.229885057471264 0.215189873417722 0.150000000000000 0.000000000000000 0.000000000000000 0.753424657534247 0.360000000000000
0.415730337078652 0.425287356321839 0.443037974683544 0.110000000000000 0.000000000000000 0.000000000000000 0.452054794520548 0.220000000000000
0.269662921348315 0.390804597701149 0.405063291139241 0.190000000000000 0.000000000000000 0.000000000000000 0.657534246575342 0.220000000000000
0.415730337078652 0.402298850574713 0.443037974683544 0.180000000000000 0.000000000000000 0.000000000000000 0.794520547945205 0.220000000000000
0.550561797752809 0.528735632183908 0.329113924050633 0.470000000000000 0.000000000000000 0.000000000000000 0.726027397260274 0.220000000000000
0.382022471910112 0.459770114942529 0.379746835443038 0.420000000000000 0.000000000000000 0.000000000000000 0.712328767123288 0.220000000000000
0.202247191011236 0.310344827586207 0.253164556962025 0.480000000000000 0.000000000000000 0.000000000000000 0.726027397260274 0.300000000000000
0.528089887640449 0.459770114942529 0.151898734177215 0.260000000000000 0.000000000000000 0.000000000000000 0.698630136986301 0.220000000000000
0.393258426966292 0.344827586206897 0.367088607594937 0.240000000000000 0.000000000000000 0.000000000000000 0.657534246575342 0.310000000000000
0.359550561797753 0.379310344827586 0.367088607594937 0.210000000000000 0.000000000000000 0.000000000000000 0.671232876712329 0.340000000000000
0.561797752808989 0.482758620689655 0.379746835443038 0.260000000000000 0.000000000000000 0.000000000000000 0.712328767123288 0.220000000000000
0.438202247191011 0.563218390804598 0.392405063291139 0.300000000000000 0.000000000000000 0.000000000000000 0.767123287671233 0.220000000000000
0.426966292134831 0.367816091954023 0.417721518987342 0.400000000000000 0.000000000000000 0.000000000000000 0.753424657534247 0.220000000000000
0.595505617977528 0.459770114942529 0.481012658227848 0.140000000000000 0.000000000000000 0.000000000000000 0.726027397260274 0.220000000000000
0.516853932584270 0.540229885057471 0.417721518987342 0.170000000000000 0.000000000000000 0.000000000000000 0.712328767123288 0.220000000000000
0.303370786516854 0.206896551724138 0.481012658227848 0.190000000000000 0.000000000000000 0.000000000000000 0.630136986301370 0.220000000000000
0.640449438202247 0.459770114942529 0.291139240506329 0.310000000000000 0.000000000000000 0.000000000000000 0.698630136986301 0.220000000000000
0.146067415730337 0.321839080459770 0.329113924050633 0.160000000000000 0.000000000000000 0.000000000000000 0.698630136986301 0.380000000000000
0.561797752808989 0.298850574712644 0.405063291139241 0.140000000000000 0.000000000000000 0.000000000000000 0.589041095890411 0.260000000000000
0.314606741573034 0.034482758620690 0.481012658227848 0.080000000000000 0.000000000000000 0.000000000000000 0.698630136986301 0.270000000000000
0.247191011235955 0.172413793103448 0.367088607594937 0.400000000000000 0.000000000000000 0.000000000000000 0.630136986301370 0.610000000000000
0.449438202247191 0.482758620689655 0.443037974683544 0.180000000000000 0.000000000000000 0.000000000000000 0.684931506849315 0.380000000000000
0.314606741573034 0.356321839080460 0.417721518987342 0.240000000000000 0.000000000000000 0.000000000000000 0.698630136986301 0.490000000000000
0.359550561797753 0.402298850574713 0.405063291139241 0.180000000000000 0.000000000000000 0.000000000000000 0.630136986301370 0.220000000000000
0.404494382022472 0.344827586206897 0.341772151898734 0.160000000000000 0.000000000000000 0.000000000000000 0.630136986301370 0.270000000000000
0.460674157303371 0.425287356321839 0.379746835443038 0.200000000000000 0.000000000000000 0.000000000000000 0.698630136986301 0.220000000000000
0.247191011235955 0.172413793103448 0.392405063291139 0.150000000000000 0.000000000000000 0.000000000000000 0.698630136986301 0.860000000000000
0.280898876404494 0.402298850574713 0.367088607594937 0.130000000000000 0.000000000000000 0.000000000000000 0.671232876712329 0.600000000000000
0.382022471910112 0.471264367816092 0.354430379746835 0.290000000000000 0.000000000000000 0.000000000000000 0.671232876712329 0.250000000000000
0.494382022471910 0.528735632183908 0.405063291139241 0.150000000000000 0.000000000000000 0.000000000000000 0.671232876712329 0.220000000000000
0.224719101123596 0.298850574712644 0.430379746835443 0.280000000000000 0.000000000000000 0.000000000000000 0.630136986301370 0.310000000000000
0.359550561797753 0.321839080459770 0.379746835443038 0.340000000000000 0.000000000000000 0.000000000000000 0.671232876712329 0.280000000000000
0.595505617977528 0.425287356321839 0.405063291139241 0.100000000000000 0.000000000000000 0.000000000000000 0.698630136986301 0.220000000000000
0.337078651685393 0.448275862068966 0.443037974683544 0.260000000000000 0.000000000000000 0.000000000000000 0.657534246575342 0.320000000000000
0.415730337078652 0.390804597701149 0.481012658227848 0.410000000000000 0.000000000000000 0.000000000000000 0.767123287671233 0.270000000000000
0.426966292134831 0.413793103448276 0.379746835443038 0.290000000000000 0.000000000000000 0.000000000000000 0.712328767123288 0.710000000000000
0.337078651685393 0.448275862068966 0.379746835443038 0.220000000000000 0.000000000000000 0.000000000000000 0.712328767123288 0.440000000000000
0.449438202247191 0.551724137931034 0.367088607594937 0.230000000000000 0.000000000000000 0.000000000000000 0.712328767123288 0.610000000000000
0.539325842696629 0.390804597701149 0.379746835443038 0.530000000000000 0.000000000000000 0.000000000000000 0.726027397260274 0.260000000000000
0.325842696629214 0.540229885057471 0.367088607594937 0.160000000000000 0.000000000000000 0.000000000000000 0.698630136986301 0.220000000000000
0.483146067415730 0.459770114942529 0.405063291139241 0.170000000000000 0.000000000000000 0.000000000000000 0.698630136986301 0.390000000000000
0.561797752808989 0.379310344827586 0.417721518987342 0.110000000000000 0.000000000000000 0.000000000000000 0.643835616438356 0.220000000000000
0.617977528089888 0.482758620689655 0.417721518987342 0.180000000000000 0.000000000000000 0.000000000000000 0.589041095890411 0.220000000000000
0.471910112359551 0.379310344827586 0.417721518987342 0.370000000000000 0.000000000000000 0.000000000000000 0.698630136986301 0.300000000000000
0.337078651685393 0.321839080459770 0.278481012658228 0.610000000000000 0.000000000000000 0.000000000000000 0.726027397260274 0.220000000000000
0.528089887640449 0.206896551724138 0.493670886075949 0.120000000000000 0.000000000000000 0.000000000000000 0.643835616438356 0.330000000000000
0.426966292134831 0.620689655172414 0.367088607594937 0.280000000000000 0.000000000000000 0.000000000000000 0.589041095890411 0.220000000000000
0.370786516853933 0.229885057471264 0.430379746835443 0.160000000000000 0.000000000000000 0.000000000000000 0.671232876712329 0.220000000000000
0.370786516853933 0.367816091954023 0.405063291139241 0.190000000000000 0.000000000000000 0.000000000000000 0.561643835616438 0.280000000000000
0.516853932584270 0.482758620689655 0.392405063291139 0.160000000000000 0.000000000000000 0.000000000000000 0.671232876712329 0.390000000000000
0.382022471910112 0.609195402298851 0.227848101265823 0.110000000000000 0.000000000000000 0.000000000000000 0.739726027397260 0.220000000000000
0.235955056179775 0.413793103448276 0.405063291139241 0.280000000000000 0.000000000000000 0.000000000000000 0.684931506849315 0.500000000000000
0.269662921348315 0.333333333333333 0.443037974683544 0.280000000000000 0.000000000000000 0.000000000000000 0.643835616438356 0.220000000000000
0.393258426966292 0.321839080459770 0.468354430379747 0.100000000000000 0.000000000000000 0.000000000000000 0.657534246575342 0.220000000000000
0.516853932584270 0.436781609195402 0.468354430379747 0.220000000000000 0.000000000000000 0.000000000000000 0.698630136986301 0.220000000000000
0.404494382022472 0.390804597701149 0.417721518987342 0.190000000000000 0.000000000000000 0.000000000000000 0.698630136986301 0.330000000000000
0.258426966292135 0.517241379310345 0.367088607594937 0.260000000000000 0.000000000000000 0.000000000000000 0.698630136986301 0.220000000000000
0.494382022471910 0.367816091954023 0.468354430379747 0.250000000000000 0.000000000000000 0.000000000000000 0.671232876712329 0.220000000000000
0.325842696629214 0.609195402298851 0.164556962025316 0.210000000000000 0.000000000000000 0.000000000000000 0.712328767123288 0.260000000000000
0.348314606741573 0.091954022988506 0.481012658227848 0.300000000000000 0.000000000000000 0.000000000000000 0.643835616438356 0.270000000000000
0.550561797752809 0.402298850574713 0.316455696202532 0.320000000000000 0.000000000000000 0.000000000000000 0.547945205479452 0.330000000000000
0.595505617977528 0.356321839080460 0.379746835443038 0.350000000000000 0.000000000000000 0.000000000000000 0.726027397260274 0.220000000000000
0.269662921348315 0.310344827586207 0.291139240506329 0.250000000000000 0.000000000000000 0.000000000000000 0.726027397260274 0.570000000000000
0.494382022471910 0.287356321839080 0.544303797468354 0.420000000000000 0.000000000000000 0.000000000000000 0.643835616438356 0.220000000000000
0.382022471910112 0.344827586206897 0.367088607594937 0.250000000000000 0.000000000000000 0.000000000000000 0.643835616438356 0.220000000000000
0.404494382022472 0.459770114942529 0.341772151898734 0.510000000000000 0.000000000000000 0.000000000000000 0.739726027397260 0.220000000000000
0.382022471910112 0.413793103448276 0.455696202531646 0.250000000000000 0.000000000000000 0.000000000000000 0.657534246575342 0.220000000000000
0.382022471910112 0.448275862068966 0.367088607594937 0.120000000000000 0.000000000000000 0.000000000000000 0.821917808219178 0.220000000000000
0.505617977528090 0.436781609195402 0.139240506329114 0.490000000000000 0.000000000000000 0.000000000000000 0.657534246575342 0.220000000000000
0.292134831460674 0.517241379310345 0.367088607594937 0.220000000000000 0.000000000000000 0.000000000000000 0.643835616438356 0.220000000000000
0.404494382022472 0.367816091954023 0.379746835443038 0.330000000000000 0.000000000000000 0.000000000000000 0.630136986301370 0.260000000000000
0.438202247191011 0.264367816091954 0.544303797468354 0.370000000000000 0.000000000000000 0.000000000000000 0.506849315068493 0.330000000000000
0.359550561797753 0.356321839080460 0.544303797468354 0.190000000000000 0.000000000000000 0.000000000000000 0.520547945205479 0.330000000000000
0.303370786516854 0.310344827586207 0.481012658227848 0.250000000000000 0.000000000000000 0.000000000000000 0.602739726027397 0.220000000000000
0.314606741573034 0.298850574712644 0.481012658227848 0.250000000000000 0.000000000000000 0.000000000000000 0.616438356164384 0.220000000000000
0.483146067415730 0.482758620689655 0.443037974683544 0.140000000000000 0.000000000000000 0.000000000000000 0.684931506849315 0.250000000000000
0.382022471910112 0.425287356321839 0.455696202531646 0.290000000000000 0.000000000000000 0.000000000000000 0.602739726027397 0.110000000000000
0.382022471910112 0.425287356321839 0.455696202531646 0.290000000000000 0.000000000000000 0.000000000000000 0.602739726027397 0.110000000000000
0.561797752808989 0.287356321839080 0.455696202531646 0.360000000000000 0.000000000000000 0.000000000000000 0.602739726027397 0.210000000000000
0.561797752808989 0.287356321839080 0.455696202531646 0.360000000000000 0.000000000000000 0.000000000000000 0.602739726027397 0.210000000000000
0.359550561797753 0.229885057471264 0.417721518987342 0.370000000000000 0.000000000000000 0.000000000000000 0.520547945205479 0.160000000000000
0.359550561797753 0.229885057471264 0.417721518987342 0.370000000000000 0.000000000000000 0.000000000000000 0.520547945205479 0.160000000000000
0.449438202247191 0.298850574712644 0.468354430379747 0.190000000000000 0.000000000000000 0.000000000000000 0.643835616438356 0.220000000000000
0.685393258426966 0.436781609195402 0.392405063291139 0.080000000000000 0.000000000000000 0.000000000000000 0.739726027397260 0.220000000000000
0.269662921348315 0.321839080459770 0.405063291139241 0.270000000000000 0.000000000000000 0.000000000000000 0.643835616438356 0.290000000000000
0.505617977528090 0.413793103448276 0.417721518987342 0.150000000000000 0.000000000000000 0.000000000000000 0.684931506849315 0.350000000000000
0.516853932584270 0.275862068965517 0.278481012658228 0.270000000000000 0.000000000000000 0.000000000000000 0.726027397260274 0.280000000000000
0.516853932584270 0.413793103448276 0.506329113924051 0.260000000000000 0.000000000000000 0.000000000000000 0.712328767123288 0.220000000000000
0.415730337078652 0.367816091954023 0.531645569620253 0.190000000000000 0.000000000000000 0.000000000000000 0.794520547945205 0.220000000000000
0.258426966292135 0.402298850574713 0.329113924050633 0.190000000000000 0.000000000000000 0.000000000000000 0.684931506849315 0.300000000000000
0.483146067415730 0.505747126436782 0.430379746835443 0.180000000000000 0.000000000000000 0.000000000000000 0.684931506849315 0.220000000000000
0.303370786516854 0.356321839080460 0.430379746835443 0.440000000000000 0.000000000000000 0.000000000000000 0.643835616438356 0.510000000000000
0.325842696629214 0.195402298850575 0.455696202531646 0.130000000000000 0.000000000000000 0.000000000000000 0.630136986301370 0.220000000000000
0.179775280898876 0.206896551724138 0.430379746835443 0.130000000000000 0.000000000000000 0.000000000000000 0.684931506849315 0.220000000000000
0.460674157303371 0.379310344827586 0.443037974683544 0.250000000000000 0.000000000000000 0.000000000000000 0.712328767123288 0.220000000000000
0.370786516853933 0.425287356321839 0.430379746835443 0.240000000000000 0.000000000000000 0.000000000000000 0.657534246575342 0.220000000000000
0.258426966292135 0.390804597701149 0.341772151898734 0.320000000000000 0.000000000000000 0.000000000000000 0.575342465753425 0.220000000000000
0.438202247191011 0.494252873563218 0.531645569620253 0.250000000000000 0.000000000000000 0.000000000000000 0.575342465753425 0.220000000000000
0.393258426966292 0.459770114942529 0.329113924050633 0.370000000000000 0.000000000000000 0.000000000000000 0.698630136986301 0.360000000000000
0.224719101123596 0.540229885057471 0.556962025316456 0.180000000000000 0.000000000000000 0.000000000000000 0.630136986301370 0.220000000000000
0.516853932584270 0.333333333333333 0.531645569620253 0.220000000000000 0.000000000000000 0.000000000000000 0.931506849315069 0.320000000000000
0.292134831460674 0.367816091954023 0.405063291139241 0.140000000000000 0.000000000000000 0.000000000000000 0.671232876712329 0.220000000000000
0.303370786516854 0.287356321839080 0.417721518987342 0.240000000000000 0.000000000000000 0.000000000000000 0.739726027397260 0.220000000000000
0.280898876404494 0.413793103448276 0.430379746835443 0.210000000000000 0.000000000000000 0.000000000000000 0.753424657534247 0.330000000000000
0.202247191011236 0.310344827586207 0.367088607594937 0.160000000000000 0.000000000000000 0.000000000000000 0.698630136986301 0.340000000000000
0.292134831460674 0.195402298850575 0.379746835443038 0.150000000000000 0.000000000000000 0.000000000000000 0.794520547945205 0.260000000000000
0.269662921348315 0.229885057471264 0.341772151898734 0.420000000000000 0.000000000000000 0.000000000000000 0.643835616438356 0.430000000000000
0.393258426966292 0.252873563218391 0.607594936708861 0.180000000000000 0.000000000000000 0.000000000000000 0.410958904109589 0.250000000000000
0.393258426966292 0.252873563218391 0.607594936708861 0.180000000000000 0.000000000000000 0.000000000000000 0.410958904109589 0.250000000000000
0.516853932584270 0.344827586206897 0.392405063291139 0.300000000000000 0.000000000000000 0.000000000000000 0.506849315068493 0.110000000000000
0.516853932584270 0.344827586206897 0.392405063291139 0.300000000000000 0.000000000000000 0.000000000000000 0.506849315068493 0.110000000000000
0.539325842696629 0.436781609195402 0.341772151898734 0.120000000000000 0.000000000000000 0.000000000000000 0.739726027397260 0.310000000000000
0.539325842696629 0.436781609195402 0.341772151898734 0.120000000000000 0.000000000000000 0.000000000000000 0.739726027397260 0.310000000000000
0.561797752808989 0.459770114942529 0.481012658227848 0.170000000000000 0.000000000000000 0.000000000000000 0.602739726027397 0.280000000000000
0.561797752808989 0.402298850574713 0.443037974683544 0.190000000000000 0.000000000000000 0.000000000000000 0.726027397260274 0.310000000000000
0.561797752808989 0.402298850574713 0.443037974683544 0.190000000000000 0.000000000000000 0.000000000000000 0.726027397260274 0.310000000000000
0.370786516853933 0.494252873563218 0.392405063291139 0.180000000000000 0.000000000000000 0.000000000000000 0.684931506849315 0.110000000000000
0.280898876404494 0.494252873563218 0.392405063291139 0.180000000000000 0.000000000000000 0.000000000000000 0.616438356164384 0.160000000000000
0.292134831460674 0.356321839080460 0.544303797468354 0.480000000000000 0.000000000000000 0.000000000000000 0.493150684931507 0.270000000000000
0.685393258426966 0.275862068965517 0.531645569620253 0.380000000000000 0.000000000000000 0.000000000000000 0.547945205479452 0.140000000000000
0.685393258426966 0.275862068965517 0.531645569620253 0.380000000000000 0.000000000000000 0.000000000000000 0.547945205479452 0.140000000000000
0.370786516853933 0.264367816091954 0.544303797468354 0.450000000000000 0.000000000000000 0.000000000000000 0.726027397260274 0.110000000000000
0.528089887640449 0.367816091954023 0.430379746835443 0.270000000000000 0.000000000000000 0.000000000000000 0.657534246575342 0.110000000000000
0.584269662921348 0.586206896551724 0.303797468354430 0.260000000000000 0.000000000000000 0.000000000000000 0.589041095890411 0.220000000000000
0.584269662921348 0.586206896551724 0.303797468354430 0.260000000000000 0.000000000000000 0.000000000000000 0.589041095890411 0.220000000000000
0.359550561797753 0.229885057471264 0.582278481012658 0.120000000000000 0.000000000000000 0.000000000000000 0.616438356164384 0.230000000000000
0.359550561797753 0.229885057471264 0.582278481012658 0.120000000000000 0.000000000000000 0.000000000000000 0.589041095890411 0.230000000000000
0.528089887640449 0.356321839080460 0.367088607594937 0.260000000000000 0.000000000000000 0.000000000000000 0.712328767123288 0.220000000000000
0.303370786516854 0.344827586206897 0.405063291139241 0.220000000000000 0.000000000000000 0.000000000000000 0.657534246575342 0.110000000000000
0.325842696629214 0.367816091954023 0.506329113924051 0.290000000000000 0.000000000000000 0.000000000000000 0.602739726027397 0.220000000000000
0.325842696629214 0.367816091954023 0.506329113924051 0.290000000000000 0.000000000000000 0.000000000000000 0.602739726027397 0.220000000000000
0.258426966292135 0.241379310344828 0.556962025316456 0.400000000000000 0.000000000000000 0.000000000000000 0.438356164383562 0.160000000000000
0.258426966292135 0.241379310344828 0.556962025316456 0.400000000000000 0.000000000000000 0.000000000000000 0.438356164383562 0.160000000000000
0.359550561797753 0.103448275862069 0.734177215189873 0.790000000000000 0.000000000000000 0.000000000000000 0.301369863013699 0.000000000000000
0.269662921348315 0.091954022988506 1.000000000000000 0.800000000000000 0.000000000000000 0.000000000000000 0.178082191780822 0.010000000000000
0.269662921348315 0.091954022988506 1.000000000000000 0.800000000000000 0.000000000000000 0.000000000000000 0.178082191780822 0.010000000000000
0.505617977528090 0.252873563218391 0.329113924050633 0.410000000000000 0.000000000000000 0.000000000000000 0.684931506849315 0.220000000000000
0.505617977528090 0.252873563218391 0.329113924050633 0.350000000000000 0.000000000000000 0.000000000000000 0.712328767123288 0.220000000000000
0.483146067415730 0.356321839080460 0.430379746835443 0.480000000000000 0.000000000000000 0.000000000000000 0.643835616438356 0.220000000000000
0.269662921348315 0.298850574712644 0.443037974683544 0.200000000000000 0.000000000000000 0.000000000000000 0.671232876712329 0.410000000000000
0.415730337078652 0.379310344827586 0.468354430379747 0.160000000000000 0.000000000000000 0.000000000000000 0.616438356164384 0.220000000000000
0.415730337078652 0.482758620689655 0.341772151898734 0.100000000000000 0.000000000000000 0.000000000000000 0.753424657534247 0.220000000000000
0.617977528089888 0.540229885057471 0.392405063291139 0.190000000000000 0.000000000000000 0.000000000000000 0.945205479452055 0.220000000000000
0.651685393258427 0.471264367816092 0.430379746835443 0.230000000000000 0.000000000000000 0.000000000000000 1.000000000000000 0.220000000000000
0.696629213483146 0.540229885057471 0.329113924050633 0.200000000000000 0.000000000000000 0.000000000000000 0.986301369863014 0.220000000000000
0.752808988764045 0.793103448275862 0.443037974683544 0.210000000000000 0.000000000000000 0.000000000000000 0.945205479452055 0.220000000000000
0.348314606741573 0.413793103448276 0.354430379746835 0.360000000000000 0.000000000000000 0.000000000000000 0.780821917808219 0.260000000000000
0.370786516853933 0.563218390804598 0.405063291139241 0.270000000000000 0.000000000000000 0.000000000000000 0.671232876712329 0.220000000000000
0.505617977528090 0.551724137931034 0.392405063291139 0.190000000000000 0.000000000000000 0.000000000000000 0.712328767123288 0.320000000000000
0.404494382022472 0.494252873563218 0.316455696202532 0.500000000000000 0.000000000000000 0.000000000000000 0.698630136986301 0.220000000000000
0.393258426966292 0.229885057471264 0.303797468354430 0.220000000000000 0.000000000000000 0.000000000000000 0.561643835616438 0.370000000000000
0.460674157303371 0.344827586206897 0.506329113924051 0.220000000000000 0.000000000000000 0.000000000000000 0.616438356164384 0.220000000000000
0.460674157303371 0.344827586206897 0.506329113924051 0.220000000000000 0.000000000000000 0.000000000000000 0.616438356164384 0.220000000000000
0.235955056179775 0.356321839080460 0.417721518987342 0.210000000000000 0.000000000000000 0.000000000000000 0.547945205479452 0.190000000000000
0.235955056179775 0.356321839080460 0.417721518987342 0.210000000000000 0.000000000000000 0.000000000000000 0.547945205479452 0.190000000000000
0.415730337078652 0.321839080459770 0.392405063291139 0.330000000000000 0.000000000000000 0.000000000000000 0.698630136986301 0.260000000000000
0.393258426966292 0.298850574712644 0.417721518987342 0.220000000000000 0.000000000000000 0.000000000000000 0.657534246575342 0.250000000000000
0.393258426966292 0.298850574712644 0.417721518987342 0.220000000000000 0.000000000000000 0.000000000000000 0.657534246575342 0.250000000000000
0.348314606741573 0.425287356321839 0.544303797468354 0.130000000000000 0.000000000000000 0.000000000000000 0.671232876712329 0.220000000000000
0.393258426966292 0.471264367816092 0.481012658227848 0.410000000000000 0.000000000000000 0.000000000000000 0.726027397260274 0.210000000000000
0.393258426966292 0.471264367816092 0.481012658227848 0.410000000000000 0.000000000000000 0.000000000000000 0.726027397260274 0.210000000000000
0.314606741573034 0.597701149425287 0.455696202531646 0.190000000000000 0.000000000000000 0.000000000000000 0.602739726027397 0.250000000000000
0.314606741573034 0.597701149425287 0.455696202531646 0.190000000000000 0.000000000000000 0.000000000000000 0.589041095890411 0.250000000000000
0.303370786516854 0.425287356321839 0.392405063291139 0.440000000000000 0.000000000000000 0.000000000000000 0.739726027397260 0.110000000000000
0.303370786516854 0.425287356321839 0.392405063291139 0.440000000000000 0.000000000000000 0.000000000000000 0.739726027397260 0.110000000000000
0.449438202247191 0.448275862068966 0.468354430379747 0.170000000000000 0.000000000000000 0.000000000000000 0.643835616438356 0.280000000000000
0.516853932584270 0.402298850574713 0.417721518987342 0.220000000000000 0.000000000000000 0.000000000000000 0.684931506849315 0.110000000000000
0.438202247191011 0.425287356321839 0.518987341772152 0.230000000000000 0.000000000000000 0.000000000000000 0.479452054794521 0.110000000000000
0.337078651685393 0.413793103448276 0.556962025316456 0.280000000000000 0.000000000000000 0.000000000000000 0.808219178082192 0.570000000000000
0.471910112359551 0.505747126436782 0.493670886075949 0.360000000000000 0.000000000000000 0.000000000000000 0.684931506849315 0.220000000000000
0.471910112359551 0.505747126436782 0.493670886075949 0.360000000000000 0.000000000000000 0.000000000000000 0.684931506849315 0.220000000000000
0.292134831460674 0.195402298850575 0.518987341772152 0.430000000000000 0.000000000000000 0.000000000000000 0.602739726027397 0.390000000000000
0.292134831460674 0.195402298850575 0.518987341772152 0.430000000000000 0.000000000000000 0.000000000000000 0.602739726027397 0.390000000000000
0.550561797752809 0.505747126436782 0.392405063291139 0.140000000000000 0.000000000000000 0.000000000000000 0.630136986301370 0.480000000000000
0.348314606741573 0.287356321839080 0.392405063291139 0.290000000000000 0.000000000000000 0.000000000000000 0.575342465753425 0.220000000000000
0.337078651685393 0.379310344827586 0.468354430379747 0.080000000000000 0.000000000000000 0.000000000000000 0.698630136986301 0.280000000000000
0.426966292134831 0.310344827586207 0.468354430379747 0.230000000000000 0.000000000000000 0.000000000000000 0.643835616438356 0.270000000000000
0.292134831460674 0.275862068965517 0.379746835443038 0.380000000000000 0.000000000000000 0.000000000000000 0.602739726027397 0.220000000000000
0.516853932584270 0.425287356321839 0.240506329113924 0.080000000000000 0.000000000000000 0.000000000000000 0.643835616438356 0.220000000000000
0.449438202247191 0.310344827586207 0.367088607594937 0.280000000000000 0.000000000000000 0.000000000000000 0.657534246575342 0.270000000000000
0.258426966292135 0.137931034482759 0.430379746835443 0.280000000000000 0.000000000000000 0.000000000000000 0.698630136986301 0.490000000000000
0.741573033707865 0.839080459770115 0.291139240506329 0.270000000000000 0.000000000000000 0.000000000000000 0.657534246575342 0.220000000000000
0.539325842696629 0.471264367816092 0.405063291139241 0.140000000000000 0.000000000000000 0.000000000000000 0.657534246575342 0.220000000000000
0.438202247191011 0.402298850574713 0.341772151898734 0.230000000000000 0.000000000000000 0.000000000000000 0.726027397260274 0.680000000000000
0.314606741573034 1.000000000000000 0.215189873417722 0.410000000000000 0.000000000000000 0.000000000000000 0.684931506849315 0.270000000000000
0.505617977528090 0.333333333333333 0.392405063291139 0.140000000000000 0.000000000000000 0.000000000000000 0.698630136986301 0.220000000000000
0.314606741573034 0.379310344827586 0.151898734177215 0.180000000000000 0.000000000000000 0.000000000000000 0.726027397260274 0.220000000000000
0.460674157303371 0.471264367816092 0.329113924050633 0.490000000000000 0.000000000000000 0.000000000000000 0.739726027397260 0.220000000000000
0.393258426966292 0.413793103448276 0.430379746835443 0.180000000000000 0.000000000000000 0.000000000000000 0.767123287671233 0.220000000000000
0.505617977528090 0.597701149425287 0.354430379746835 0.560000000000000 0.000000000000000 0.000000000000000 0.671232876712329 0.220000000000000
0.471910112359551 0.436781609195402 0.430379746835443 0.570000000000000 0.000000000000000 0.000000000000000 0.630136986301370 0.220000000000000
0.483146067415730 0.586206896551724 0.240506329113924 0.560000000000000 0.000000000000000 0.000000000000000 0.698630136986301 0.220000000000000
0.404494382022472 0.517241379310345 0.329113924050633 0.520000000000000 0.000000000000000 0.000000000000000 0.739726027397260 0.220000000000000
0.393258426966292 0.333333333333333 0.379746835443038 0.160000000000000 0.000000000000000 0.000000000000000 0.767123287671233 0.220000000000000
0.550561797752809 0.436781609195402 0.354430379746835 0.180000000000000 0.000000000000000 0.000000000000000 0.726027397260274 0.380000000000000
0.831460674157303 0.609195402298851 0.354430379746835 0.180000000000000 0.000000000000000 0.000000000000000 0.698630136986301 0.220000000000000
0.494382022471910 0.448275862068966 0.291139240506329 0.200000000000000 0.000000000000000 0.000000000000000 0.767123287671233 0.220000000000000
0.426966292134831 0.287356321839080 0.443037974683544 0.090000000000000 0.000000000000000 0.000000000000000 0.630136986301370 0.220000000000000
0.303370786516854 0.310344827586207 0.405063291139241 0.120000000000000 0.000000000000000 0.000000000000000 0.753424657534247 0.220000000000000
0.494382022471910 0.482758620689655 0.392405063291139 0.130000000000000 0.000000000000000 0.000000000000000 0.726027397260274 0.250000000000000
0.393258426966292 0.356321839080460 0.468354430379747 0.170000000000000 0.000000000000000 0.000000000000000 0.753424657534247 0.220000000000000
0.258426966292135 0.379310344827586 0.392405063291139 0.190000000000000 0.000000000000000 0.000000000000000 0.726027397260274 0.260000000000000
0.528089887640449 0.494252873563218 0.316455696202532 0.140000000000000 0.000000000000000 0.000000000000000 0.698630136986301 0.220000000000000
0.393258426966292 0.390804597701149 0.291139240506329 0.180000000000000 1.000000000000000 0.000000000000000 0.630136986301370 0.220000000000000
0.370786516853933 0.666666666666667 0.367088607594937 0.210000000000000 0.000000000000000 0.000000000000000 0.739726027397260 0.270000000000000
0.505617977528090 0.413793103448276 0.139240506329114 0.220000000000000 0.000000000000000 0.000000000000000 0.684931506849315 0.220000000000000
0.337078651685393 0.413793103448276 0.329113924050633 0.090000000000000 0.000000000000000 0.000000000000000 0.671232876712329 0.220000000000000
0.370786516853933 0.436781609195402 0.405063291139241 0.300000000000000 0.000000000000000 0.000000000000000 0.726027397260274 0.220000000000000
0.483146067415730 0.436781609195402 0.443037974683544 0.150000000000000 0.000000000000000 0.000000000000000 0.739726027397260 0.310000000000000
0.449438202247191 0.436781609195402 0.139240506329114 0.270000000000000 0.000000000000000 0.000000000000000 0.739726027397260 0.220000000000000
0.393258426966292 0.287356321839080 0.379746835443038 0.200000000000000 0.000000000000000 0.000000000000000 0.698630136986301 0.220000000000000
0.494382022471910 0.678160919540230 0.177215189873418 0.260000000000000 0.000000000000000 0.000000000000000 0.671232876712329 0.220000000000000
0.483146067415730 0.356321839080460 0.177215189873418 0.190000000000000 0.000000000000000 0.000000000000000 0.698630136986301 0.270000000000000
0.606741573033708 0.609195402298851 0.202531645569620 0.120000000000000 0.000000000000000 0.000000000000000 0.712328767123288 0.270000000000000
0.337078651685393 0.310344827586207 0.443037974683544 0.170000000000000 0.000000000000000 0.000000000000000 0.767123287671233 0.220000000000000
0.314606741573034 0.666666666666667 0.215189873417722 0.140000000000000 0.000000000000000 0.000000000000000 0.684931506849315 0.220000000000000
0.292134831460674 0.333333333333333 0.316455696202532 0.150000000000000 0.000000000000000 0.000000000000000 0.698630136986301 0.310000000000000
0.539325842696629 0.482758620689655 0.455696202531646 0.180000000000000 0.000000000000000 0.000000000000000 0.698630136986301 0.220000000000000
0.415730337078652 0.436781609195402 0.367088607594937 0.240000000000000 0.000000000000000 0.000000000000000 0.739726027397260 0.380000000000000
0.314606741573034 0.195402298850575 0.531645569620253 0.200000000000000 0.000000000000000 0.000000000000000 0.589041095890411 0.470000000000000
0.404494382022472 0.448275862068966 0.417721518987342 0.250000000000000 0.000000000000000 0.000000000000000 0.739726027397260 0.290000000000000
0.741573033707865 0.793103448275862 0.240506329113924 0.360000000000000 0.000000000000000 0.000000000000000 0.520547945205479 0.220000000000000
0.460674157303371 0.482758620689655 0.227848101265823 0.090000000000000 1.000000000000000 0.000000000000000 0.753424657534247 0.250000000000000
0.348314606741573 0.172413793103448 0.151898734177215 0.230000000000000 0.000000000000000 0.000000000000000 0.534246575342466 0.260000000000000
0.404494382022472 0.275862068965517 0.316455696202532 0.280000000000000 0.000000000000000 0.000000000000000 0.712328767123288 0.990000000000000
0.415730337078652 0.425287356321839 0.329113924050633 0.290000000000000 0.000000000000000 0.000000000000000 0.630136986301370 0.270000000000000
0.213483146067416 0.229885057471264 0.430379746835443 0.120000000000000 0.000000000000000 0.000000000000000 0.726027397260274 0.380000000000000
0.426966292134831 0.413793103448276 0.392405063291139 0.180000000000000 0.000000000000000 0.000000000000000 0.698630136986301 0.250000000000000
0.483146067415730 0.528735632183908 0.455696202531646 0.340000000000000 0.000000000000000 0.000000000000000 0.671232876712329 0.220000000000000
0.662921348314607 0.747126436781609 0.405063291139241 0.240000000000000 0.000000000000000 0.000000000000000 0.657534246575342 0.220000000000000
0.831460674157303 0.643678160919540 0.164556962025316 0.310000000000000 0.000000000000000 0.000000000000000 0.780821917808219 0.300000000000000
0.505617977528090 0.528735632183908 0.303797468354430 0.150000000000000 0.000000000000000 0.000000000000000 0.739726027397260 0.220000000000000
0.404494382022472 0.494252873563218 0.405063291139241 0.440000000000000 0.000000000000000 0.000000000000000 0.726027397260274 0.220000000000000
0.471910112359551 0.413793103448276 0.329113924050633 0.210000000000000 0.000000000000000 0.000000000000000 0.726027397260274 0.220000000000000
0.662921348314607 0.505747126436782 0.164556962025316 0.190000000000000 0.000000000000000 0.000000000000000 0.726027397260274 0.270000000000000
0.348314606741573 0.344827586206897 0.582278481012658 0.700000000000000 0.000000000000000 0.000000000000000 0.575342465753425 0.250000000000000
0.404494382022472 0.356321839080460 0.405063291139241 0.180000000000000 0.000000000000000 0.000000000000000 0.643835616438356 0.290000000000000
0.325842696629214 0.413793103448276 0.405063291139241 0.230000000000000 0.000000000000000 0.000000000000000 0.602739726027397 0.260000000000000
0.382022471910112 0.597701149425287 0.379746835443038 0.170000000000000 0.000000000000000 0.000000000000000 0.671232876712329 0.220000000000000
0.348314606741573 0.333333333333333 0.430379746835443 0.310000000000000 0.000000000000000 0.000000000000000 0.589041095890411 0.220000000000000
0.382022471910112 0.321839080459770 0.405063291139241 0.490000000000000 0.000000000000000 0.000000000000000 0.671232876712329 0.310000000000000
0.348314606741573 0.172413793103448 0.354430379746835 0.220000000000000 0.000000000000000 0.000000000000000 0.753424657534247 0.340000000000000
0.404494382022472 0.425287356321839 0.329113924050633 0.220000000000000 0.000000000000000 0.000000000000000 0.726027397260274 0.450000000000000
0.247191011235955 0.333333333333333 0.430379746835443 0.230000000000000 0.000000000000000 0.000000000000000 0.712328767123288 0.430000000000000
0.505617977528090 0.482758620689655 0.455696202531646 0.150000000000000 0.000000000000000 0.000000000000000 0.739726027397260 0.250000000000000
0.292134831460674 0.390804597701149 0.354430379746835 0.120000000000000 0.000000000000000 0.000000000000000 0.643835616438356 0.310000000000000
0.235955056179775 0.540229885057471 0.341772151898734 0.130000000000000 0.000000000000000 0.000000000000000 0.726027397260274 0.220000000000000
0.303370786516854 0.333333333333333 0.126582278481013 0.350000000000000 0.000000000000000 0.000000000000000 0.712328767123288 0.220000000000000
0.393258426966292 0.494252873563218 0.443037974683544 0.250000000000000 0.000000000000000 0.000000000000000 0.589041095890411 0.220000000000000
0.404494382022472 0.482758620689655 0.455696202531646 0.170000000000000 0.000000000000000 0.000000000000000 0.712328767123288 0.660000000000000
0.292134831460674 0.482758620689655 0.392405063291139 0.130000000000000 0.000000000000000 0.000000000000000 0.575342465753425 0.800000000000000
0.393258426966292 0.402298850574713 0.215189873417722 0.220000000000000 0.000000000000000 0.000000000000000 0.534246575342466 0.450000000000000
0.775280898876405 0.643678160919540 0.405063291139241 0.330000000000000 0.000000000000000 0.000000000000000 0.698630136986301 0.220000000000000
0.460674157303371 0.597701149425287 0.189873417721519 0.370000000000000 0.000000000000000 0.000000000000000 0.712328767123288 0.340000000000000
0.089887640449438 0.034482758620690 0.594936708860760 0.360000000000000 0.000000000000000 0.000000000000000 0.671232876712329 0.210000000000000
0.595505617977528 0.206896551724138 0.405063291139241 0.150000000000000 0.000000000000000 0.000000000000000 0.726027397260274 0.310000000000000
0.325842696629214 0.344827586206897 0.189873417721519 0.330000000000000 0.000000000000000 0.000000000000000 0.698630136986301 0.220000000000000
0.404494382022472 0.494252873563218 0.379746835443038 0.200000000000000 0.000000000000000 0.000000000000000 0.712328767123288 0.590000000000000
0.325842696629214 0.712643678160920 0.291139240506329 0.120000000000000 0.000000000000000 0.000000000000000 0.671232876712329 0.220000000000000
0.415730337078652 0.482758620689655 0.468354430379747 0.180000000000000 0.000000000000000 0.000000000000000 0.520547945205479 0.690000000000000
0.516853932584270 0.436781609195402 0.164556962025316 0.130000000000000 0.000000000000000 0.000000000000000 0.726027397260274 0.270000000000000
0.134831460674157 0.275862068965517 0.139240506329114 0.130000000000000 0.000000000000000 0.000000000000000 0.726027397260274 0.220000000000000
0.483146067415730 0.425287356321839 0.379746835443038 0.260000000000000 0.000000000000000 0.000000000000000 0.712328767123288 0.220000000000000
0.550561797752809 0.586206896551724 0.443037974683544 0.360000000000000 0.000000000000000 0.000000000000000 0.630136986301370 0.270000000000000
0.179775280898876 0.321839080459770 0.037974683544304 0.200000000000000 0.000000000000000 0.000000000000000 0.671232876712329 0.220000000000000
0.157303370786517 0.252873563218391 0.012658227848101 0.180000000000000 0.000000000000000 0.000000000000000 0.630136986301370 0.220000000000000
0.314606741573034 0.367816091954023 0.379746835443038 0.290000000000000 0.000000000000000 0.000000000000000 0.739726027397260 0.220000000000000
0.247191011235955 0.390804597701149 0.430379746835443 0.240000000000000 0.000000000000000 0.000000000000000 0.616438356164384 0.670000000000000
0.292134831460674 0.310344827586207 0.215189873417722 0.180000000000000 0.000000000000000 0.000000000000000 0.698630136986301 0.220000000000000
0.359550561797753 0.390804597701149 0.329113924050633 0.180000000000000 0.000000000000000 0.000000000000000 0.643835616438356 0.220000000000000
0.617977528089888 0.344827586206897 0.455696202531646 0.600000000000000 0.000000000000000 0.000000000000000 0.260273972602740 0.330000000000000
0.494382022471910 0.310344827586207 0.518987341772152 0.220000000000000 0.000000000000000 0.000000000000000 0.506849315068493 0.280000000000000
0.247191011235955 0.379310344827586 0.493670886075949 0.180000000000000 0.000000000000000 0.000000000000000 0.698630136986301 0.260000000000000
0.449438202247191 0.425287356321839 0.417721518987342 0.110000000000000 0.000000000000000 0.000000000000000 0.821917808219178 0.220000000000000
0.483146067415730 0.540229885057471 0.455696202531646 0.170000000000000 0.000000000000000 0.000000000000000 0.602739726027397 0.220000000000000
0.382022471910112 0.505747126436782 0.215189873417722 0.280000000000000 0.000000000000000 0.000000000000000 0.726027397260274 0.310000000000000
0.494382022471910 0.505747126436782 0.379746835443038 0.070000000000000 0.000000000000000 0.000000000000000 0.753424657534247 0.220000000000000
0.483146067415730 0.390804597701149 0.468354430379747 0.400000000000000 0.000000000000000 0.000000000000000 0.630136986301370 0.270000000000000
0.280898876404494 0.218390804597701 0.430379746835443 0.270000000000000 0.000000000000000 0.000000000000000 0.643835616438356 0.430000000000000
0.393258426966292 0.321839080459770 0.303797468354430 0.230000000000000 0.000000000000000 0.000000000000000 0.657534246575342 0.220000000000000
0.325842696629214 0.298850574712644 0.493670886075949 0.230000000000000 0.000000000000000 0.000000000000000 0.712328767123288 0.310000000000000
0.460674157303371 0.390804597701149 0.468354430379747 0.180000000000000 0.000000000000000 0.000000000000000 0.465753424657534 0.110000000000000
0.460674157303371 0.390804597701149 0.468354430379747 0.180000000000000 0.000000000000000 0.000000000000000 0.465753424657534 0.110000000000000
0.438202247191011 0.367816091954023 0.379746835443038 0.190000000000000 0.000000000000000 0.000000000000000 0.726027397260274 0.250000000000000
0.516853932584270 0.482758620689655 0.379746835443038 0.180000000000000 0.000000000000000 0.000000000000000 0.698630136986301 0.430000000000000
0.370786516853933 0.344827586206897 0.316455696202532 0.280000000000000 0.000000000000000 0.000000000000000 0.616438356164384 0.290000000000000
0.393258426966292 0.425287356321839 0.367088607594937 0.280000000000000 0.000000000000000 0.000000000000000 0.684931506849315 0.370000000000000
0.617977528089888 0.597701149425287 0.417721518987342 0.400000000000000 0.000000000000000 0.000000000000000 0.698630136986301 0.220000000000000
0.741573033707865 0.689655172413793 0.354430379746835 0.460000000000000 0.000000000000000 0.000000000000000 0.520547945205479 0.220000000000000
0.303370786516854 0.517241379310345 0.316455696202532 0.210000000000000 0.000000000000000 0.000000000000000 0.712328767123288 0.220000000000000
0.235955056179775 0.632183908045977 0.379746835443038 0.160000000000000 0.000000000000000 1.000000000000000 0.753424657534247 0.220000000000000
0.179775280898876 0.379310344827586 0.392405063291139 0.170000000000000 0.000000000000000 0.000000000000000 0.671232876712329 0.440000000000000
0.460674157303371 0.367816091954023 0.303797468354430 0.130000000000000 0.000000000000000 0.000000000000000 0.657534246575342 0.220000000000000
0.292134831460674 0.183908045977011 0.303797468354430 0.150000000000000 0.000000000000000 0.000000000000000 0.671232876712329 0.220000000000000
0.292134831460674 0.402298850574713 0.582278481012658 0.370000000000000 0.000000000000000 0.000000000000000 0.767123287671233 0.620000000000000
0.370786516853933 0.528735632183908 0.417721518987342 0.180000000000000 0.000000000000000 0.000000000000000 0.671232876712329 0.220000000000000
0.415730337078652 0.597701149425287 0.189873417721519 0.240000000000000 0.000000000000000 0.000000000000000 0.739726027397260 0.310000000000000
0.539325842696629 0.413793103448276 0.303797468354430 0.220000000000000 0.000000000000000 0.000000000000000 0.616438356164384 0.310000000000000
0.696629213483146 0.448275862068966 0.481012658227848 0.250000000000000 0.000000000000000 0.000000000000000 0.698630136986301 0.220000000000000
0.438202247191011 0.344827586206897 0.367088607594937 0.170000000000000 0.000000000000000 0.000000000000000 0.630136986301370 0.470000000000000
0.134831460674157 0.000000000000000 0.379746835443038 0.160000000000000 0.000000000000000 0.000000000000000 0.726027397260274 0.510000000000000
0.426966292134831 0.540229885057471 0.417721518987342 0.350000000000000 0.000000000000000 0.000000000000000 0.726027397260274 0.460000000000000
0.460674157303371 0.206896551724138 0.443037974683544 0.160000000000000 0.000000000000000 0.000000000000000 0.753424657534247 0.220000000000000
0.426966292134831 0.402298850574713 0.379746835443038 0.210000000000000 0.000000000000000 0.000000000000000 0.726027397260274 0.220000000000000
0.426966292134831 0.540229885057471 0.265822784810127 0.180000000000000 0.000000000000000 0.000000000000000 0.794520547945205 0.280000000000000
0.550561797752809 0.563218390804598 0.417721518987342 0.110000000000000 0.000000000000000 0.000000000000000 0.698630136986301 0.220000000000000
0.494382022471910 0.390804597701149 0.405063291139241 0.200000000000000 0.000000000000000 0.000000000000000 0.547945205479452 0.220000000000000
0.404494382022472 0.218390804597701 0.379746835443038 0.240000000000000 0.000000000000000 0.000000000000000 0.739726027397260 0.270000000000000
0.471910112359551 0.137931034482759 0.481012658227848 0.270000000000000 0.000000000000000 0.000000000000000 0.616438356164384 0.260000000000000
0.224719101123596 0.425287356321839 0.417721518987342 0.320000000000000 0.000000000000000 0.000000000000000 0.726027397260274 0.310000000000000
0.157303370786517 0.229885057471264 0.341772151898734 0.180000000000000 0.000000000000000 0.000000000000000 0.575342465753425 0.330000000000000
0.494382022471910 0.379310344827586 0.329113924050633 0.150000000000000 0.000000000000000 0.000000000000000 0.643835616438356 0.220000000000000
0.561797752808989 0.425287356321839 0.506329113924051 0.210000000000000 0.000000000000000 0.000000000000000 0.753424657534247 0.540000000000000
0.438202247191011 0.448275862068966 0.379746835443038 0.220000000000000 0.000000000000000 0.000000000000000 0.630136986301370 0.370000000000000
0.573033707865168 0.229885057471264 0.354430379746835 0.240000000000000 0.000000000000000 0.000000000000000 0.698630136986301 0.420000000000000
0.505617977528090 0.448275862068966 0.316455696202532 0.170000000000000 0.000000000000000 0.000000000000000 0.671232876712329 0.730000000000000
0.460674157303371 0.494252873563218 0.430379746835443 0.160000000000000 0.000000000000000 0.000000000000000 0.726027397260274 0.390000000000000
0.471910112359551 0.402298850574713 0.379746835443038 0.180000000000000 0.000000000000000 0.000000000000000 0.712328767123288 0.270000000000000
0.449438202247191 0.402298850574713 0.379746835443038 0.190000000000000 0.000000000000000 0.000000000000000 0.698630136986301 0.270000000000000
0.449438202247191 0.402298850574713 0.379746835443038 0.260000000000000 0.000000000000000 0.000000000000000 0.698630136986301 0.270000000000000
0.471910112359551 0.402298850574713 0.379746835443038 0.180000000000000 0.000000000000000 0.000000000000000 0.698630136986301 0.270000000000000
0.550561797752809 0.379310344827586 0.379746835443038 0.100000000000000 0.000000000000000 0.000000000000000 0.657534246575342 0.310000000000000
0.550561797752809 0.379310344827586 0.379746835443038 0.100000000000000 0.000000000000000 0.000000000000000 0.657534246575342 0.310000000000000
0.370786516853933 0.298850574712644 0.531645569620253 0.110000000000000 0.000000000000000 0.000000000000000 0.671232876712329 0.260000000000000
0.449438202247191 0.425287356321839 0.354430379746835 0.450000000000000 0.000000000000000 0.000000000000000 0.657534246575342 0.220000000000000
0.382022471910112 0.367816091954023 0.379746835443038 0.300000000000000 0.000000000000000 0.000000000000000 0.657534246575342 0.440000000000000
0.303370786516854 0.333333333333333 0.329113924050633 0.120000000000000 0.000000000000000 0.000000000000000 0.643835616438356 0.530000000000000
0.089887640449438 0.609195402298851 0.493670886075949 0.140000000000000 0.000000000000000 0.000000000000000 0.273972602739726 0.250000000000000
0.337078651685393 0.333333333333333 0.025316455696203 0.160000000000000 0.000000000000000 0.000000000000000 0.547945205479452 0.220000000000000
0.157303370786517 0.333333333333333 0.000000000000000 0.140000000000000 0.000000000000000 0.000000000000000 0.561643835616438 0.220000000000000
0.662921348314607 0.517241379310345 0.405063291139241 0.390000000000000 0.000000000000000 0.000000000000000 0.808219178082192 0.220000000000000
0.426966292134831 0.206896551724138 0.278481012658228 0.240000000000000 0.000000000000000 0.000000000000000 0.739726027397260 0.220000000000000
0.393258426966292 0.321839080459770 0.278481012658228 0.180000000000000 0.000000000000000 0.000000000000000 0.739726027397260 0.220000000000000
0.808988764044944 0.781609195402299 0.303797468354430 0.380000000000000 0.000000000000000 0.000000000000000 0.547945205479452 0.260000000000000
0.303370786516854 0.436781609195402 0.443037974683544 0.210000000000000 0.000000000000000 0.000000000000000 0.657534246575342 0.310000000000000
0.235955056179775 0.264367816091954 0.088607594936709 0.380000000000000 0.000000000000000 0.000000000000000 0.684931506849315 0.400000000000000
0.325842696629214 0.597701149425287 0.215189873417722 0.170000000000000 0.000000000000000 0.000000000000000 0.780821917808219 0.220000000000000
0.280898876404494 0.275862068965517 0.531645569620253 0.250000000000000 0.000000000000000 0.000000000000000 0.410958904109589 0.220000000000000
0.426966292134831 0.482758620689655 0.253164556962025 0.190000000000000 0.000000000000000 0.000000000000000 0.657534246575342 0.310000000000000
0.213483146067416 0.367816091954023 0.430379746835443 0.190000000000000 0.000000000000000 0.000000000000000 0.726027397260274 0.400000000000000
0.865168539325843 0.678160919540230 0.139240506329114 0.300000000000000 0.000000000000000 0.000000000000000 0.712328767123288 0.330000000000000
0.370786516853933 0.310344827586207 0.405063291139241 0.190000000000000 0.000000000000000 0.000000000000000 0.657534246575342 0.270000000000000
0.382022471910112 0.505747126436782 0.392405063291139 0.210000000000000 0.000000000000000 0.000000000000000 0.739726027397260 0.380000000000000
0.393258426966292 0.551724137931034 0.215189873417722 0.350000000000000 0.000000000000000 0.000000000000000 0.671232876712329 0.220000000000000
0.494382022471910 0.321839080459770 0.582278481012658 0.610000000000000 0.000000000000000 0.000000000000000 0.671232876712329 0.140000000000000
0.191011235955056 0.057471264367816 0.645569620253165 0.260000000000000 0.000000000000000 0.000000000000000 0.671232876712329 0.250000000000000
0.617977528089888 0.597701149425287 0.405063291139241 0.170000000000000 0.000000000000000 0.000000000000000 0.643835616438356 0.660000000000000
0.280898876404494 0.425287356321839 0.227848101265823 0.230000000000000 0.000000000000000 0.000000000000000 0.684931506849315 0.220000000000000
0.415730337078652 0.471264367816092 0.443037974683544 0.290000000000000 0.000000000000000 0.000000000000000 0.698630136986301 0.430000000000000
0.247191011235955 0.275862068965517 0.354430379746835 0.220000000000000 0.000000000000000 0.000000000000000 0.753424657534247 0.220000000000000
0.528089887640449 0.344827586206897 0.139240506329114 0.110000000000000 0.000000000000000 0.000000000000000 0.671232876712329 0.220000000000000
0.528089887640449 0.586206896551724 0.265822784810127 0.300000000000000 0.000000000000000 0.000000000000000 0.739726027397260 0.220000000000000
0.707865168539326 0.793103448275862 0.316455696202532 0.240000000000000 0.000000000000000 0.000000000000000 0.684931506849315 0.310000000000000
0.707865168539326 0.793103448275862 0.316455696202532 0.240000000000000 0.000000000000000 0.000000000000000 0.657534246575342 0.220000000000000
0.719101123595506 0.724137931034483 0.468354430379747 0.220000000000000 0.000000000000000 0.000000000000000 0.671232876712329 0.220000000000000
0.528089887640449 0.275862068965517 0.468354430379747 0.160000000000000 0.000000000000000 0.000000000000000 0.698630136986301 0.220000000000000
0.314606741573034 0.298850574712644 0.556962025316456 0.160000000000000 0.000000000000000 0.000000000000000 0.616438356164384 0.220000000000000
0.449438202247191 0.528735632183908 0.430379746835443 0.210000000000000 0.000000000000000 0.000000000000000 0.712328767123288 0.220000000000000
0.337078651685393 0.252873563218391 0.493670886075949 0.220000000000000 0.000000000000000 0.000000000000000 0.767123287671233 0.790000000000000
0.359550561797753 0.172413793103448 0.253164556962025 0.320000000000000 0.000000000000000 0.000000000000000 0.712328767123288 0.220000000000000
0.337078651685393 0.413793103448276 0.430379746835443 0.130000000000000 0.000000000000000 0.000000000000000 0.753424657534247 0.220000000000000
0.134831460674157 0.183908045977011 0.316455696202532 0.000000000000000 0.000000000000000 0.000000000000000 0.589041095890411 0.310000000000000
0.157303370786517 0.402298850574713 0.303797468354430 0.320000000000000 0.000000000000000 0.000000000000000 0.547945205479452 0.220000000000000
0.303370786516854 0.241379310344828 0.430379746835443 0.440000000000000 0.000000000000000 0.000000000000000 0.657534246575342 0.260000000000000
0.561797752808989 0.471264367816092 0.417721518987342 0.380000000000000 0.000000000000000 0.000000000000000 0.739726027397260 0.290000000000000
0.415730337078652 0.045977011494253 0.202531645569620 0.330000000000000 0.000000000000000 0.000000000000000 0.602739726027397 0.360000000000000
0.404494382022472 0.390804597701149 0.367088607594937 0.190000000000000 0.000000000000000 0.000000000000000 0.698630136986301 0.260000000000000
0.494382022471910 0.287356321839080 0.392405063291139 0.160000000000000 0.000000000000000 0.000000000000000 0.671232876712329 0.640000000000000
0.337078651685393 0.298850574712644 0.506329113924051 0.170000000000000 0.000000000000000 0.000000000000000 0.684931506849315 0.610000000000000
0.337078651685393 0.494252873563218 0.405063291139241 0.160000000000000 0.000000000000000 0.000000000000000 0.753424657534247 0.260000000000000
0.752808988764045 0.689655172413793 0.075949367088608 0.280000000000000 0.000000000000000 0.000000000000000 0.767123287671233 0.220000000000000
0.224719101123596 0.436781609195402 0.215189873417722 0.180000000000000 0.000000000000000 0.000000000000000 0.630136986301370 0.310000000000000
0.584269662921348 0.586206896551724 0.354430379746835 0.200000000000000 0.000000000000000 0.000000000000000 0.712328767123288 0.250000000000000
0.224719101123596 0.310344827586207 0.126582278481013 0.170000000000000 0.000000000000000 0.000000000000000 0.712328767123288 0.220000000000000
0.370786516853933 0.597701149425287 0.354430379746835 0.160000000000000 0.000000000000000 0.000000000000000 0.657534246575342 0.310000000000000
0.415730337078652 0.356321839080460 0.316455696202532 0.370000000000000 0.000000000000000 0.000000000000000 0.630136986301370 0.360000000000000
0.438202247191011 0.413793103448276 0.316455696202532 0.220000000000000 0.000000000000000 0.000000000000000 0.726027397260274 0.250000000000000
0.573033707865168 0.333333333333333 0.329113924050633 0.160000000000000 0.000000000000000 0.000000000000000 0.712328767123288 0.220000000000000
0.438202247191011 0.367816091954023 0.392405063291139 0.180000000000000 0.000000000000000 0.000000000000000 0.712328767123288 0.220000000000000
0.539325842696629 0.436781609195402 0.329113924050633 0.210000000000000 0.000000000000000 0.000000000000000 0.643835616438356 0.220000000000000
0.314606741573034 0.390804597701149 0.354430379746835 0.200000000000000 0.000000000000000 0.000000000000000 0.726027397260274 0.260000000000000
0.426966292134831 0.402298850574713 0.392405063291139 0.240000000000000 0.000000000000000 0.000000000000000 0.684931506849315 0.220000000000000
0.539325842696629 0.402298850574713 0.354430379746835 0.420000000000000 0.000000000000000 0.000000000000000 0.712328767123288 0.220000000000000
0.516853932584270 0.252873563218391 0.367088607594937 0.430000000000000 0.000000000000000 0.000000000000000 0.726027397260274 0.220000000000000
0.561797752808989 0.448275862068966 0.367088607594937 0.440000000000000 0.000000000000000 0.000000000000000 0.726027397260274 0.220000000000000
0.426966292134831 0.436781609195402 0.392405063291139 0.130000000000000 0.000000000000000 0.000000000000000 0.698630136986301 0.330000000000000
0.382022471910112 0.310344827586207 0.443037974683544 0.150000000000000 0.000000000000000 0.000000000000000 0.712328767123288 0.220000000000000
0.584269662921348 0.344827586206897 0.341772151898734 0.110000000000000 0.000000000000000 0.000000000000000 0.698630136986301 0.220000000000000
0.584269662921348 0.344827586206897 0.341772151898734 0.110000000000000 0.000000000000000 0.000000000000000 0.698630136986301 0.220000000000000
0.460674157303371 0.367816091954023 0.405063291139241 0.340000000000000 0.000000000000000 0.000000000000000 0.712328767123288 0.440000000000000
0.483146067415730 0.402298850574713 0.430379746835443 0.330000000000000 0.000000000000000 0.000000000000000 0.753424657534247 0.400000000000000
0.494382022471910 0.758620689655172 0.303797468354430 0.250000000000000 0.000000000000000 0.000000000000000 0.698630136986301 0.220000000000000
0.528089887640449 0.436781609195402 0.531645569620253 0.200000000000000 0.000000000000000 0.000000000000000 0.684931506849315 0.420000000000000
0.584269662921348 0.517241379310345 0.455696202531646 0.100000000000000 0.000000000000000 0.000000000000000 0.712328767123288 0.330000000000000
0.483146067415730 0.620689655172414 0.443037974683544 0.150000000000000 0.000000000000000 0.000000000000000 0.780821917808219 0.330000000000000
0.337078651685393 0.528735632183908 0.556962025316456 0.140000000000000 0.000000000000000 0.000000000000000 0.671232876712329 0.330000000000000
0.404494382022472 0.287356321839080 0.367088607594937 0.150000000000000 0.000000000000000 0.000000000000000 0.671232876712329 0.470000000000000
0.247191011235955 0.045977011494253 0.392405063291139 0.130000000000000 0.000000000000000 0.000000000000000 0.698630136986301 0.750000000000000
0.348314606741573 0.425287356321839 0.481012658227848 0.170000000000000 0.000000000000000 0.000000000000000 0.698630136986301 0.220000000000000
0.483146067415730 0.482758620689655 0.430379746835443 0.400000000000000 0.000000000000000 0.000000000000000 0.726027397260274 0.220000000000000
0.224719101123596 0.206896551724138 0.455696202531646 0.150000000000000 0.000000000000000 0.000000000000000 0.684931506849315 0.220000000000000
0.303370786516854 0.333333333333333 0.367088607594937 0.190000000000000 0.000000000000000 0.000000000000000 0.602739726027397 0.220000000000000
0.247191011235955 0.264367816091954 0.518987341772152 0.260000000000000 0.000000000000000 0.000000000000000 0.753424657534247 0.220000000000000
0.303370786516854 0.333333333333333 0.367088607594937 0.190000000000000 0.000000000000000 0.000000000000000 0.602739726027397 0.220000000000000
0.404494382022472 0.494252873563218 0.468354430379747 0.190000000000000 0.000000000000000 0.000000000000000 0.602739726027397 0.640000000000000
0.235955056179775 0.218390804597701 0.392405063291139 0.180000000000000 0.000000000000000 0.000000000000000 0.657534246575342 0.340000000000000
0.191011235955056 0.160919540229885 0.367088607594937 0.140000000000000 0.000000000000000 0.000000000000000 0.684931506849315 0.280000000000000
0.337078651685393 0.379310344827586 0.455696202531646 0.250000000000000 0.000000000000000 0.000000000000000 0.780821917808219 0.380000000000000
0.370786516853933 0.471264367816092 0.379746835443038 0.160000000000000 0.000000000000000 0.000000000000000 0.794520547945205 0.220000000000000
0.370786516853933 0.482758620689655 0.379746835443038 0.160000000000000 0.000000000000000 0.000000000000000 0.821917808219178 0.220000000000000
0.741573033707865 0.655172413793103 0.291139240506329 0.290000000000000 0.000000000000000 0.000000000000000 0.767123287671233 0.220000000000000
0.325842696629214 0.494252873563218 0.405063291139241 0.150000000000000 0.000000000000000 0.000000000000000 0.671232876712329 0.220000000000000
0.764044943820225 0.758620689655172 0.265822784810127 0.260000000000000 0.000000000000000 0.000000000000000 0.821917808219178 0.220000000000000
0.775280898876405 0.804597701149425 0.278481012658228 0.240000000000000 0.000000000000000 0.000000000000000 0.739726027397260 0.220000000000000
0.528089887640449 0.482758620689655 0.379746835443038 0.130000000000000 0.000000000000000 0.000000000000000 0.712328767123288 0.220000000000000
0.494382022471910 0.643678160919540 0.379746835443038 0.120000000000000 0.000000000000000 0.000000000000000 0.698630136986301 0.220000000000000
0.404494382022472 0.379310344827586 0.405063291139241 0.120000000000000 0.000000000000000 0.000000000000000 0.698630136986301 0.250000000000000
0.516853932584270 0.183908045977011 0.531645569620253 0.220000000000000 0.000000000000000 0.000000000000000 0.671232876712329 0.270000000000000
0.460674157303371 0.413793103448276 0.481012658227848 0.210000000000000 0.000000000000000 0.000000000000000 0.643835616438356 0.220000000000000
0.337078651685393 0.333333333333333 0.405063291139241 0.170000000000000 0.000000000000000 0.000000000000000 0.657534246575342 0.580000000000000
0.382022471910112 0.264367816091954 0.367088607594937 0.190000000000000 0.000000000000000 0.000000000000000 0.726027397260274 0.700000000000000
0.471910112359551 0.436781609195402 0.417721518987342 0.210000000000000 0.000000000000000 0.000000000000000 0.616438356164384 0.220000000000000
0.426966292134831 0.425287356321839 0.265822784810127 0.430000000000000 0.000000000000000 0.000000000000000 0.684931506849315 0.360000000000000
0.370786516853933 0.413793103448276 0.354430379746835 0.270000000000000 0.000000000000000 0.000000000000000 0.712328767123288 0.220000000000000
0.157303370786517 0.149425287356322 0.405063291139241 0.170000000000000 0.000000000000000 0.000000000000000 0.616438356164384 0.220000000000000
0.426966292134831 0.379310344827586 0.417721518987342 0.180000000000000 0.000000000000000 0.000000000000000 0.479452054794521 0.220000000000000
0.348314606741573 0.275862068965517 0.417721518987342 0.170000000000000 0.000000000000000 0.000000000000000 0.698630136986301 0.220000000000000
0.348314606741573 0.367816091954023 0.683544303797468 0.210000000000000 0.000000000000000 0.000000000000000 0.657534246575342 0.220000000000000
0.314606741573034 0.367816091954023 0.683544303797468 0.170000000000000 0.000000000000000 0.000000000000000 0.698630136986301 0.220000000000000
0.584269662921348 0.471264367816092 0.405063291139241 0.270000000000000 0.000000000000000 0.000000000000000 0.671232876712329 0.220000000000000
0.483146067415730 0.344827586206897 0.341772151898734 0.270000000000000 0.000000000000000 0.000000000000000 0.602739726027397 0.410000000000000
0.325842696629214 0.356321839080460 0.367088607594937 0.130000000000000 0.000000000000000 0.000000000000000 0.712328767123288 0.390000000000000
0.494382022471910 0.298850574712644 0.227848101265823 0.470000000000000 0.000000000000000 0.000000000000000 0.684931506849315 0.830000000000000
0.539325842696629 0.402298850574713 0.253164556962025 0.530000000000000 0.000000000000000 0.000000000000000 0.657534246575342 0.560000000000000
0.426966292134831 0.287356321839080 0.354430379746835 0.150000000000000 0.000000000000000 0.000000000000000 0.726027397260274 0.250000000000000
0.471910112359551 0.367816091954023 0.392405063291139 0.290000000000000 0.000000000000000 0.000000000000000 0.753424657534247 0.380000000000000
0.573033707865168 0.540229885057471 0.417721518987342 0.220000000000000 0.000000000000000 0.000000000000000 0.739726027397260 0.270000000000000
0.247191011235955 0.379310344827586 0.405063291139241 0.120000000000000 0.000000000000000 0.000000000000000 0.684931506849315 0.270000000000000
0.516853932584270 0.264367816091954 0.379746835443038 0.250000000000000 0.000000000000000 0.000000000000000 0.739726027397260 0.250000000000000
0.382022471910112 0.724137931034483 0.379746835443038 0.250000000000000 0.000000000000000 0.000000000000000 0.808219178082192 0.220000000000000
0.415730337078652 0.356321839080460 0.379746835443038 0.240000000000000 0.000000000000000 0.000000000000000 0.671232876712329 0.220000000000000
0.539325842696629 0.586206896551724 0.291139240506329 0.260000000000000 0.000000000000000 0.000000000000000 0.684931506849315 0.220000000000000
0.764044943820225 0.494252873563218 0.405063291139241 0.190000000000000 0.000000000000000 0.000000000000000 0.643835616438356 0.350000000000000
0.438202247191011 0.425287356321839 0.341772151898734 0.340000000000000 0.000000000000000 0.000000000000000 0.712328767123288 0.270000000000000
0.764044943820225 0.563218390804598 0.177215189873418 0.350000000000000 0.000000000000000 0.000000000000000 0.821917808219178 0.280000000000000
0.460674157303371 0.425287356321839 0.493670886075949 0.200000000000000 0.000000000000000 0.000000000000000 0.712328767123288 0.220000000000000
0.539325842696629 0.379310344827586 0.455696202531646 0.170000000000000 0.000000000000000 0.000000000000000 0.712328767123288 0.220000000000000
0.471910112359551 0.333333333333333 0.405063291139241 0.190000000000000 0.000000000000000 0.000000000000000 0.643835616438356 0.220000000000000
0.539325842696629 0.379310344827586 0.430379746835443 0.170000000000000 0.000000000000000 0.000000000000000 0.712328767123288 0.250000000000000
0.561797752808989 0.689655172413793 0.367088607594937 0.580000000000000 0.000000000000000 0.000000000000000 0.684931506849315 0.220000000000000
0.438202247191011 0.344827586206897 0.443037974683544 0.170000000000000 0.000000000000000 0.000000000000000 0.479452054794521 0.220000000000000
0.280898876404494 0.448275862068966 0.506329113924051 0.330000000000000 0.000000000000000 0.000000000000000 0.712328767123288 0.370000000000000
0.617977528089888 0.471264367816092 0.405063291139241 0.170000000000000 0.000000000000000 0.000000000000000 0.739726027397260 0.220000000000000
0.460674157303371 0.436781609195402 0.341772151898734 0.120000000000000 0.000000000000000 0.000000000000000 0.739726027397260 0.310000000000000
0.505617977528090 0.379310344827586 0.379746835443038 0.250000000000000 0.000000000000000 0.000000000000000 0.739726027397260 0.220000000000000
0.404494382022472 0.379310344827586 0.354430379746835 0.270000000000000 0.000000000000000 0.000000000000000 0.808219178082192 0.220000000000000
0.438202247191011 0.379310344827586 0.354430379746835 0.270000000000000 0.000000000000000 0.000000000000000 0.821917808219178 0.220000000000000
0.359550561797753 0.402298850574713 0.189873417721519 0.260000000000000 0.000000000000000 0.000000000000000 0.712328767123288 0.220000000000000
0.438202247191011 0.356321839080460 0.455696202531646 0.280000000000000 0.000000000000000 0.000000000000000 0.780821917808219 0.220000000000000
0.393258426966292 0.390804597701149 0.518987341772152 0.300000000000000 0.000000000000000 0.000000000000000 0.520547945205479 0.220000000000000
0.539325842696629 0.655172413793103 0.316455696202532 0.190000000000000 0.000000000000000 0.000000000000000 0.739726027397260 0.440000000000000
0.089887640449438 0.321839080459770 0.430379746835443 0.130000000000000 0.000000000000000 0.000000000000000 0.712328767123288 0.250000000000000
0.179775280898876 0.344827586206897 0.367088607594937 0.130000000000000 0.000000000000000 0.000000000000000 0.739726027397260 0.310000000000000
0.348314606741573 0.379310344827586 0.291139240506329 0.170000000000000 0.000000000000000 0.000000000000000 0.698630136986301 0.420000000000000
0.426966292134831 0.264367816091954 0.329113924050633 0.280000000000000 0.000000000000000 0.000000000000000 0.767123287671233 0.540000000000000
0.348314606741573 0.436781609195402 0.151898734177215 0.160000000000000 0.000000000000000 0.000000000000000 0.739726027397260 0.220000000000000
0.258426966292135 0.333333333333333 0.341772151898734 0.190000000000000 0.000000000000000 0.000000000000000 0.630136986301370 0.310000000000000
0.550561797752809 0.505747126436782 0.531645569620253 0.220000000000000 0.000000000000000 0.000000000000000 0.684931506849315 0.490000000000000
0.471910112359551 0.356321839080460 0.417721518987342 0.520000000000000 0.000000000000000 0.000000000000000 0.671232876712329 0.380000000000000
0.415730337078652 0.298850574712644 0.443037974683544 0.230000000000000 0.000000000000000 0.000000000000000 0.821917808219178 0.220000000000000
0.505617977528090 0.413793103448276 0.329113924050633 0.130000000000000 0.000000000000000 0.000000000000000 0.712328767123288 0.220000000000000
0.404494382022472 0.528735632183908 0.443037974683544 0.090000000000000 0.000000000000000 0.000000000000000 0.684931506849315 0.220000000000000
0.325842696629214 0.172413793103448 0.468354430379747 0.440000000000000 0.000000000000000 0.000000000000000 0.561643835616438 0.220000000000000
0.483146067415730 0.252873563218391 0.430379746835443 0.190000000000000 0.000000000000000 0.000000000000000 0.410958904109589 0.220000000000000
0.438202247191011 0.390804597701149 0.303797468354430 0.140000000000000 0.000000000000000 0.000000000000000 0.726027397260274 0.320000000000000
0.494382022471910 0.413793103448276 0.493670886075949 0.180000000000000 0.000000000000000 0.000000000000000 0.698630136986301 0.220000000000000
0.494382022471910 0.356321839080460 0.367088607594937 0.090000000000000 0.000000000000000 0.000000000000000 0.753424657534247 0.220000000000000
0.617977528089888 0.275862068965517 0.493670886075949 0.250000000000000 0.000000000000000 0.000000000000000 0.945205479452055 0.220000000000000
0.449438202247191 0.413793103448276 0.341772151898734 0.550000000000000 0.000000000000000 0.000000000000000 0.712328767123288 0.580000000000000
0.280898876404494 0.436781609195402 0.379746835443038 0.170000000000000 0.000000000000000 0.000000000000000 0.712328767123288 0.220000000000000
0.640449438202247 0.632183908045977 0.177215189873418 0.160000000000000 0.000000000000000 0.000000000000000 0.849315068493151 0.220000000000000
0.370786516853933 0.252873563218391 0.430379746835443 0.140000000000000 0.000000000000000 0.000000000000000 0.712328767123288 0.220000000000000
0.696629213483146 0.528735632183908 0.177215189873418 0.150000000000000 0.000000000000000 0.000000000000000 0.739726027397260 0.220000000000000
0.550561797752809 0.275862068965517 0.392405063291139 0.150000000000000 0.000000000000000 0.000000000000000 0.753424657534247 0.260000000000000
0.595505617977528 0.551724137931034 0.443037974683544 0.150000000000000 0.000000000000000 0.000000000000000 0.739726027397260 0.220000000000000
0.415730337078652 0.517241379310345 0.468354430379747 0.120000000000000 0.000000000000000 0.000000000000000 0.671232876712329 0.220000000000000
0.606741573033708 0.517241379310345 0.405063291139241 0.210000000000000 0.000000000000000 0.000000000000000 0.698630136986301 0.220000000000000
0.415730337078652 0.413793103448276 0.354430379746835 0.260000000000000 0.000000000000000 0.000000000000000 0.534246575342466 0.270000000000000
0.516853932584270 0.471264367816092 0.139240506329114 0.150000000000000 0.000000000000000 0.000000000000000 0.712328767123288 0.250000000000000
0.325842696629214 0.264367816091954 0.139240506329114 0.160000000000000 0.000000000000000 0.000000000000000 0.698630136986301 0.270000000000000
0.438202247191011 0.482758620689655 0.392405063291139 0.160000000000000 0.000000000000000 0.000000000000000 0.698630136986301 0.310000000000000
0.606741573033708 0.574712643678161 0.329113924050633 0.220000000000000 0.000000000000000 0.000000000000000 0.712328767123288 0.270000000000000
0.337078651685393 0.402298850574713 0.379746835443038 0.200000000000000 0.000000000000000 0.000000000000000 0.698630136986301 0.220000000000000
0.157303370786517 0.310344827586207 0.417721518987342 0.160000000000000 0.000000000000000 0.000000000000000 0.589041095890411 0.220000000000000
0.584269662921348 0.494252873563218 0.392405063291139 0.210000000000000 0.000000000000000 0.000000000000000 0.684931506849315 0.220000000000000
0.505617977528090 0.632183908045977 0.265822784810127 0.360000000000000 0.000000000000000 0.000000000000000 0.671232876712329 0.220000000000000
0.516853932584270 0.390804597701149 0.341772151898734 0.170000000000000 0.000000000000000 0.000000000000000 0.712328767123288 0.260000000000000
0.393258426966292 0.448275862068966 0.379746835443038 0.130000000000000 0.000000000000000 0.000000000000000 0.643835616438356 0.220000000000000
0.438202247191011 0.310344827586207 0.455696202531646 0.170000000000000 0.000000000000000 0.000000000000000 0.808219178082192 0.220000000000000
0.752808988764045 0.666666666666667 0.177215189873418 0.250000000000000 0.000000000000000 0.000000000000000 0.671232876712329 0.220000000000000
0.595505617977528 0.494252873563218 0.392405063291139 0.170000000000000 0.000000000000000 0.000000000000000 0.739726027397260 0.470000000000000
1.000000000000000 0.770114942528736 0.101265822784810 0.360000000000000 0.000000000000000 0.000000000000000 0.712328767123288 0.220000000000000
0.449438202247191 0.298850574712644 0.443037974683544 0.550000000000000 0.000000000000000 0.000000000000000 0.630136986301370 0.640000000000000
0.651685393258427 0.609195402298851 0.189873417721519 0.090000000000000 0.000000000000000 0.000000000000000 0.767123287671233 0.220000000000000
0.325842696629214 0.367816091954023 0.303797468354430 0.150000000000000 0.000000000000000 0.000000000000000 0.726027397260274 0.480000000000000
0.426966292134831 0.459770114942529 0.189873417721519 0.150000000000000 0.000000000000000 0.000000000000000 0.712328767123288 0.270000000000000
0.314606741573034 0.574712643678161 0.253164556962025 0.270000000000000 0.000000000000000 0.000000000000000 0.671232876712329 0.220000000000000
0.382022471910112 0.436781609195402 0.278481012658228 0.220000000000000 0.000000000000000 0.000000000000000 0.780821917808219 0.220000000000000
0.741573033707865 0.747126436781609 0.075949367088608 0.370000000000000 0.000000000000000 0.000000000000000 0.671232876712329 0.220000000000000
0.865168539325843 0.712643678160920 0.253164556962025 0.360000000000000 0.000000000000000 0.000000000000000 0.589041095890411 0.220000000000000
0.426966292134831 0.413793103448276 0.240506329113924 0.200000000000000 0.000000000000000 0.000000000000000 0.657534246575342 0.260000000000000
0.516853932584270 0.459770114942529 0.493670886075949 0.280000000000000 0.000000000000000 0.000000000000000 0.712328767123288 0.450000000000000
0.471910112359551 0.448275862068966 0.354430379746835 0.270000000000000 0.000000000000000 0.000000000000000 0.698630136986301 0.220000000000000
0.438202247191011 0.390804597701149 0.443037974683544 0.310000000000000 0.000000000000000 0.000000000000000 0.767123287671233 0.260000000000000
0.674157303370786 0.758620689655172 0.253164556962025 0.380000000000000 0.000000000000000 0.000000000000000 0.739726027397260 0.220000000000000
0.247191011235955 0.413793103448276 0.316455696202532 0.220000000000000 0.000000000000000 0.000000000000000 0.726027397260274 0.330000000000000
0.404494382022472 0.321839080459770 0.316455696202532 0.180000000000000 0.000000000000000 0.000000000000000 0.726027397260274 0.220000000000000
0.382022471910112 0.298850574712644 0.316455696202532 0.290000000000000 0.000000000000000 0.000000000000000 0.575342465753425 0.220000000000000
0.539325842696629 0.494252873563218 0.367088607594937 0.480000000000000 0.000000000000000 0.000000000000000 0.630136986301370 0.220000000000000
0.235955056179775 0.195402298850575 0.455696202531646 0.380000000000000 0.000000000000000 0.000000000000000 0.684931506849315 0.250000000000000
0.168539325842697 0.195402298850575 0.202531645569620 0.150000000000000 0.000000000000000 0.000000000000000 0.726027397260274 0.250000000000000
0.191011235955056 0.321839080459770 0.316455696202532 0.180000000000000 0.000000000000000 0.000000000000000 0.643835616438356 0.390000000000000
0.382022471910112 0.425287356321839 0.278481012658228 0.160000000000000 0.000000000000000 0.000000000000000 0.712328767123288 0.280000000000000
0.146067415730337 0.137931034482759 0.455696202531646 0.280000000000000 0.000000000000000 0.000000000000000 0.698630136986301 0.110000000000000
0.393258426966292 0.551724137931034 0.430379746835443 0.290000000000000 0.000000000000000 0.000000000000000 0.671232876712329 0.220000000000000
0.483146067415730 0.356321839080460 0.215189873417722 0.220000000000000 0.000000000000000 0.000000000000000 0.739726027397260 0.300000000000000
0.123595505617978 0.459770114942529 0.189873417721519 0.220000000000000 0.000000000000000 0.000000000000000 0.739726027397260 0.310000000000000
0.157303370786517 0.321839080459770 0.329113924050633 0.140000000000000 0.000000000000000 0.000000000000000 0.767123287671233 0.680000000000000
0.359550561797753 0.321839080459770 0.202531645569620 0.180000000000000 0.000000000000000 0.000000000000000 0.739726027397260 0.310000000000000
0.325842696629214 0.356321839080460 0.329113924050633 0.250000000000000 0.000000000000000 0.000000000000000 0.739726027397260 0.560000000000000
0.393258426966292 0.528735632183908 0.215189873417722 0.120000000000000 0.000000000000000 0.000000000000000 0.684931506849315 0.220000000000000
0.775280898876405 0.793103448275862 0.240506329113924 0.310000000000000 0.000000000000000 0.000000000000000 0.780821917808219 0.250000000000000
0.202247191011236 0.298850574712644 0.316455696202532 0.360000000000000 0.000000000000000 0.000000000000000 0.698630136986301 0.220000000000000
0.325842696629214 0.310344827586207 0.278481012658228 0.190000000000000 0.000000000000000 1.000000000000000 0.657534246575342 0.220000000000000
0.516853932584270 0.448275862068966 0.316455696202532 0.200000000000000 0.000000000000000 1.000000000000000 0.712328767123288 0.410000000000000
0.359550561797753 0.540229885057471 0.240506329113924 0.120000000000000 0.000000000000000 0.000000000000000 0.671232876712329 0.290000000000000
0.505617977528090 0.666666666666667 0.329113924050633 0.210000000000000 0.000000000000000 0.000000000000000 0.712328767123288 0.220000000000000
0.606741573033708 0.563218390804598 0.063291139240506 0.330000000000000 0.000000000000000 0.000000000000000 0.753424657534247 0.220000000000000
0.741573033707865 0.655172413793103 0.202531645569620 0.120000000000000 0.000000000000000 0.000000000000000 0.671232876712329 0.260000000000000
0.404494382022472 0.551724137931034 0.139240506329114 0.270000000000000 0.000000000000000 0.000000000000000 0.684931506849315 0.300000000000000
0.674157303370786 0.436781609195402 0.354430379746835 0.230000000000000 0.000000000000000 0.000000000000000 0.410958904109589 0.320000000000000
0.539325842696629 0.402298850574713 0.354430379746835 0.490000000000000 0.000000000000000 0.000000000000000 0.493150684931507 0.320000000000000
0.528089887640449 0.574712643678161 0.392405063291139 0.700000000000000 0.000000000000000 0.000000000000000 0.630136986301370 0.220000000000000
0.213483146067416 0.632183908045977 0.253164556962025 0.170000000000000 0.000000000000000 0.000000000000000 0.698630136986301 0.220000000000000
0.707865168539326 0.689655172413793 0.139240506329114 0.200000000000000 0.000000000000000 0.000000000000000 0.753424657534247 0.220000000000000
0.494382022471910 0.252873563218391 0.189873417721519 0.290000000000000 0.000000000000000 0.000000000000000 0.698630136986301 0.220000000000000
0.269662921348315 0.218390804597701 0.126582278481013 0.160000000000000 0.000000000000000 0.000000000000000 0.767123287671233 0.220000000000000
0.629213483146068 0.551724137931034 0.227848101265823 0.240000000000000 0.000000000000000 0.000000000000000 0.698630136986301 0.220000000000000
0.651685393258427 0.505747126436782 0.227848101265823 0.190000000000000 0.000000000000000 0.000000000000000 0.657534246575342 0.390000000000000
0.404494382022472 0.321839080459770 0.405063291139241 0.270000000000000 0.000000000000000 0.000000000000000 0.643835616438356 0.250000000000000
0.314606741573034 0.494252873563218 0.164556962025316 0.180000000000000 0.000000000000000 0.000000000000000 0.671232876712329 0.220000000000000
0.449438202247191 0.287356321839080 0.265822784810127 0.210000000000000 0.000000000000000 0.000000000000000 0.630136986301370 0.340000000000000
0.235955056179775 0.367816091954023 0.227848101265823 0.140000000000000 0.000000000000000 0.000000000000000 0.616438356164384 0.220000000000000
0.719101123595506 0.689655172413793 0.177215189873418 0.330000000000000 0.000000000000000 0.000000000000000 0.671232876712329 0.280000000000000
0.483146067415730 0.471264367816092 0.443037974683544 0.180000000000000 0.000000000000000 0.000000000000000 0.630136986301370 0.290000000000000
0.674157303370786 0.586206896551724 0.265822784810127 0.280000000000000 0.000000000000000 0.000000000000000 0.589041095890411 0.220000000000000
0.191011235955056 0.402298850574713 0.189873417721519 0.160000000000000 0.000000000000000 0.000000000000000 0.726027397260274 0.220000000000000
0.528089887640449 0.356321839080460 0.303797468354430 0.320000000000000 0.000000000000000 0.000000000000000 0.712328767123288 0.370000000000000
0.460674157303371 0.597701149425287 0.189873417721519 0.260000000000000 0.000000000000000 0.000000000000000 0.602739726027397 0.220000000000000
0.595505617977528 0.356321839080460 0.443037974683544 0.150000000000000 0.000000000000000 0.000000000000000 0.767123287671233 0.220000000000000
0.415730337078652 0.517241379310345 0.329113924050633 0.170000000000000 0.000000000000000 0.000000000000000 0.726027397260274 0.740000000000000
0.348314606741573 0.666666666666667 0.303797468354430 0.150000000000000 0.000000000000000 0.000000000000000 0.657534246575342 0.220000000000000
0.303370786516854 0.275862068965517 0.189873417721519 0.140000000000000 0.000000000000000 0.000000000000000 0.739726027397260 0.220000000000000
0.325842696629214 0.310344827586207 0.291139240506329 0.370000000000000 0.000000000000000 0.000000000000000 0.726027397260274 0.250000000000000
0.303370786516854 0.494252873563218 0.215189873417722 0.160000000000000 0.000000000000000 0.000000000000000 0.726027397260274 0.220000000000000
0.775280898876405 0.758620689655172 0.278481012658228 0.250000000000000 0.000000000000000 0.000000000000000 0.712328767123288 0.220000000000000
0.584269662921348 0.597701149425287 0.265822784810127 0.180000000000000 0.000000000000000 0.000000000000000 0.739726027397260 0.270000000000000
0.404494382022472 0.310344827586207 0.531645569620253 0.190000000000000 0.000000000000000 0.000000000000000 0.712328767123288 0.320000000000000
0.808988764044944 0.931034482758621 0.139240506329114 0.210000000000000 0.000000000000000 0.000000000000000 0.698630136986301 0.220000000000000
0.561797752808989 0.724137931034483 0.113924050632911 0.160000000000000 0.000000000000000 0.000000000000000 0.616438356164384 0.410000000000000
0.247191011235955 0.287356321839080 0.329113924050633 0.140000000000000 0.000000000000000 0.000000000000000 0.698630136986301 0.470000000000000
0.303370786516854 0.620689655172414 0.151898734177215 0.170000000000000 0.000000000000000 0.000000000000000 0.698630136986301 0.220000000000000
0.314606741573034 0.229885057471264 0.151898734177215 0.230000000000000 0.000000000000000 0.000000000000000 0.643835616438356 0.220000000000000
0.438202247191011 0.574712643678161 0.303797468354430 0.130000000000000 0.000000000000000 0.000000000000000 0.616438356164384 0.320000000000000
0.101123595505618 0.540229885057471 0.367088607594937 0.290000000000000 0.000000000000000 0.000000000000000 0.698630136986301 0.220000000000000
0.202247191011236 0.149425287356322 0.278481012658228 0.170000000000000 0.000000000000000 0.000000000000000 0.753424657534247 0.300000000000000
0.449438202247191 0.379310344827586 0.253164556962025 0.360000000000000 0.000000000000000 0.000000000000000 0.671232876712329 0.220000000000000
0.910112359550562 0.609195402298851 0.392405063291139 0.230000000000000 0.000000000000000 0.000000000000000 0.726027397260274 0.220000000000000
0.426966292134831 0.494252873563218 0.202531645569620 0.200000000000000 0.000000000000000 0.000000000000000 0.726027397260274 0.220000000000000
0.842696629213483 0.747126436781609 0.164556962025316 0.150000000000000 0.000000000000000 0.000000000000000 0.726027397260274 0.220000000000000
0.303370786516854 0.356321839080460 0.455696202531646 0.140000000000000 0.000000000000000 0.000000000000000 0.726027397260274 0.520000000000000
0.685393258426966 0.689655172413793 0.253164556962025 0.280000000000000 0.000000000000000 0.000000000000000 0.602739726027397 0.220000000000000
0.775280898876405 0.689655172413793 0.329113924050633 0.190000000000000 0.000000000000000 0.000000000000000 0.671232876712329 0.220000000000000
0.426966292134831 0.482758620689655 0.177215189873418 0.230000000000000 0.000000000000000 0.000000000000000 0.780821917808219 0.220000000000000
0.584269662921348 0.666666666666667 0.291139240506329 0.530000000000000 0.000000000000000 0.000000000000000 0.712328767123288 0.220000000000000
0.550561797752809 0.632183908045977 0.113924050632911 0.270000000000000 0.000000000000000 0.000000000000000 0.753424657534247 0.220000000000000
0.325842696629214 0.344827586206897 0.354430379746835 0.170000000000000 0.000000000000000 0.000000000000000 0.698630136986301 0.360000000000000
0.797752808988764 0.574712643678161 0.329113924050633 0.180000000000000 0.000000000000000 0.000000000000000 0.684931506849315 0.220000000000000
0.741573033707865 0.632183908045977 0.177215189873418 0.190000000000000 0.000000000000000 0.000000000000000 0.726027397260274 0.430000000000000
0.449438202247191 0.528735632183908 0.316455696202532 0.130000000000000 0.000000000000000 0.000000000000000 0.657534246575342 0.220000000000000
0.460674157303371 0.379310344827586 0.164556962025316 0.200000000000000 0.000000000000000 0.000000000000000 0.698630136986301 0.250000000000000
0.404494382022472 0.425287356321839 0.493670886075949 0.630000000000000 0.000000000000000 0.000000000000000 0.520547945205479 0.160000000000000
0.258426966292135 0.126436781609195 0.379746835443038 0.150000000000000 0.000000000000000 0.000000000000000 0.739726027397260 0.400000000000000
0.269662921348315 0.183908045977011 0.316455696202532 0.140000000000000 0.000000000000000 0.000000000000000 0.739726027397260 0.660000000000000
0.528089887640449 0.620689655172414 0.354430379746835 0.160000000000000 0.000000000000000 0.000000000000000 0.643835616438356 0.280000000000000
0.831460674157303 0.827586206896552 0.113924050632911 0.310000000000000 0.000000000000000 0.000000000000000 0.753424657534247 0.420000000000000
0.280898876404494 0.402298850574713 0.506329113924051 0.260000000000000 0.000000000000000 0.000000000000000 0.684931506849315 0.160000000000000
0.337078651685393 0.137931034482759 0.481012658227848 0.440000000000000 0.000000000000000 0.000000000000000 0.821917808219178 0.690000000000000
0.213483146067416 0.275862068965517 0.240506329113924 0.450000000000000 0.000000000000000 0.000000000000000 0.657534246575342 0.410000000000000
0.516853932584270 0.528735632183908 0.354430379746835 0.860000000000000 0.000000000000000 0.000000000000000 0.643835616438356 0.220000000000000
0.303370786516854 0.310344827586207 0.227848101265823 0.190000000000000 0.000000000000000 0.000000000000000 0.630136986301370 0.620000000000000
0.741573033707865 0.701149425287356 0.202531645569620 0.290000000000000 0.000000000000000 0.000000000000000 0.616438356164384 0.220000000000000
0.404494382022472 0.287356321839080 0.468354430379747 0.190000000000000 0.000000000000000 0.000000000000000 0.780821917808219 0.220000000000000
0.438202247191011 0.551724137931034 0.291139240506329 0.200000000000000 0.000000000000000 0.000000000000000 0.671232876712329 0.220000000000000
0.337078651685393 0.367816091954023 0.316455696202532 0.230000000000000 0.000000000000000 0.000000000000000 0.684931506849315 0.700000000000000
0.393258426966292 0.563218390804598 0.316455696202532 0.540000000000000 0.000000000000000 0.000000000000000 0.698630136986301 0.270000000000000
0.707865168539326 0.712643678160920 0.303797468354430 0.440000000000000 0.000000000000000 0.000000000000000 0.712328767123288 0.220000000000000
0.460674157303371 0.459770114942529 0.468354430379747 0.690000000000000 0.000000000000000 0.000000000000000 0.684931506849315 0.220000000000000
0.337078651685393 0.390804597701149 0.367088607594937 0.140000000000000 0.000000000000000 0.000000000000000 0.726027397260274 0.370000000000000
0.157303370786517 0.310344827586207 0.392405063291139 0.150000000000000 0.000000000000000 0.000000000000000 0.767123287671233 0.280000000000000
0.528089887640449 0.494252873563218 0.215189873417722 0.390000000000000 0.000000000000000 0.000000000000000 0.739726027397260 0.570000000000000
0.235955056179775 0.183908045977011 0.101265822784810 0.080000000000000 0.000000000000000 0.000000000000000 0.712328767123288 0.220000000000000
0.303370786516854 0.402298850574713 0.455696202531646 0.300000000000000 0.000000000000000 0.000000000000000 0.561643835616438 0.110000000000000
0.314606741573034 0.517241379310345 0.329113924050633 0.180000000000000 0.000000000000000 0.000000000000000 0.657534246575342 0.220000000000000
0.303370786516854 0.390804597701149 0.329113924050633 0.180000000000000 0.000000000000000 0.000000000000000 0.602739726027397 0.260000000000000
0.584269662921348 0.505747126436782 0.367088607594937 0.480000000000000 0.000000000000000 0.000000000000000 0.698630136986301 0.220000000000000
0.449438202247191 0.367816091954023 0.518987341772152 0.250000000000000 0.000000000000000 0.000000000000000 0.808219178082192 0.220000000000000
0.539325842696629 0.620689655172414 0.417721518987342 0.190000000000000 0.000000000000000 0.000000000000000 0.657534246575342 0.600000000000000
0.550561797752809 0.551724137931034 0.417721518987342 0.110000000000000 0.000000000000000 0.000000000000000 0.630136986301370 0.220000000000000
0.415730337078652 0.551724137931034 0.455696202531646 0.170000000000000 0.000000000000000 0.000000000000000 0.616438356164384 0.220000000000000
0.674157303370786 0.425287356321839 0.367088607594937 0.180000000000000 0.000000000000000 0.000000000000000 0.630136986301370 0.220000000000000
0.561797752808989 0.402298850574713 0.417721518987342 0.250000000000000 0.000000000000000 0.000000000000000 0.684931506849315 0.220000000000000
0.303370786516854 0.218390804597701 0.544303797468354 0.410000000000000 0.000000000000000 0.000000000000000 0.602739726027397 0.110000000000000
0.303370786516854 0.310344827586207 0.569620253164557 0.350000000000000 0.000000000000000 0.000000000000000 0.589041095890411 0.110000000000000
0.786516853932584 0.563218390804598 0.278481012658228 0.170000000000000 0.000000000000000 0.000000000000000 0.726027397260274 0.220000000000000
0.404494382022472 0.344827586206897 0.506329113924051 0.400000000000000 0.000000000000000 0.000000000000000 0.657534246575342 0.470000000000000
0.629213483146068 0.505747126436782 0.189873417721519 0.190000000000000 0.000000000000000 0.000000000000000 0.767123287671233 0.220000000000000
0.359550561797753 0.310344827586207 0.493670886075949 0.160000000000000 0.000000000000000 0.000000000000000 0.726027397260274 0.390000000000000
0.606741573033708 0.471264367816092 0.417721518987342 0.130000000000000 0.000000000000000 0.000000000000000 0.726027397260274 0.220000000000000
